ISO-10303-21;
HEADER;
FILE_DESCRIPTION (( 'STEP AP214' ),
    '1' );
FILE_NAME ('JEDEC_TO-262_5_Leads_I2PAK_Horizontal1.STEP',
    '2012-10-09T08:16:04',
    ( 'pomocnik' ),
    ( '' ),
    'SwSTEP 2.0',
    'SolidWorks 2012',
    '' );
FILE_SCHEMA (( 'AUTOMOTIVE_DESIGN' ));
ENDSEC;

DATA;
#1 = FILL_AREA_STYLE_COLOUR ( '', #285 ) ;
#2 = FILL_AREA_STYLE_COLOUR ( '', #3493 ) ;
#3 = ORIENTED_EDGE ( 'NONE', *, *, #3565, .T. ) ;
#4 = FILL_AREA_STYLE ('',( #2095 ) ) ;
#5 = SURFACE_SIDE_STYLE ('',( #2192 ) ) ;
#6 = SURFACE_STYLE_USAGE ( .BOTH. , #5 ) ;
#7 =( LENGTH_UNIT ( ) NAMED_UNIT ( * ) SI_UNIT ( .MILLI., .METRE. ) );
#8 =( NAMED_UNIT ( * ) PLANE_ANGLE_UNIT ( ) SI_UNIT ( $, .RADIAN. ) );
#9 =( NAMED_UNIT ( * ) SI_UNIT ( $, .STERADIAN. ) SOLID_ANGLE_UNIT ( ) );
#10 = DIRECTION ( 'NONE',  ( -0.9945218953682730700, 0.0000000000000000000, 0.1045284632676560800 ) ) ;
#11 = CARTESIAN_POINT ( 'NONE',  ( -4.301145460533627200, 5.080000000000000100, 4.312999999999999700 ) ) ;
#12 = DIRECTION ( 'NONE',  ( 0.0000000000000000000, -1.000000000000000000, 0.0000000000000000000 ) ) ;
#13 = CARTESIAN_POINT ( 'NONE',  ( 4.570000000000000300, -5.080000000000000100, 1.270000000000000000 ) ) ;
#14 = FILL_AREA_STYLE ('',( #1 ) ) ;
#15 = SURFACE_SIDE_STYLE ('',( #288 ) ) ;
#16 = SURFACE_STYLE_USAGE ( .BOTH. , #15 ) ;
#17 =( LENGTH_UNIT ( ) NAMED_UNIT ( * ) SI_UNIT ( .MILLI., .METRE. ) );
#18 =( NAMED_UNIT ( * ) PLANE_ANGLE_UNIT ( ) SI_UNIT ( $, .RADIAN. ) );
#19 =( NAMED_UNIT ( * ) SI_UNIT ( $, .STERADIAN. ) SOLID_ANGLE_UNIT ( ) );
#20 = DIRECTION ( 'NONE',  ( 0.0000000000000000000, 0.0000000000000000000, -1.000000000000000000 ) ) ;
#21 = DIRECTION ( 'NONE',  ( -1.000000000000000000, 0.0000000000000000000, 1.002340128212495500E-016 ) ) ;
#22 = PLANE ( 'NONE',  #2297 ) ;
#23 = FILL_AREA_STYLE_COLOUR ( '', #295 ) ;
#24 = DIRECTION ( 'NONE',  ( 0.0000000000000000000, 0.0000000000000000000, -1.000000000000000000 ) ) ;
#25 = DIRECTION ( 'NONE',  ( -1.000000000000000000, 0.0000000000000000000, -0.0000000000000000000 ) ) ;
#26 = CARTESIAN_POINT ( 'NONE',  ( 4.237870616560472900, -4.686286877522607400, 4.312999999999998800 ) ) ;
#27 = CARTESIAN_POINT ( 'NONE',  ( 4.570000000000000300, -5.080000000000000100, 1.270000000000000000 ) ) ;
#28 = FILL_AREA_STYLE ('',( #23 ) ) ;
#29 = SURFACE_SIDE_STYLE ('',( #292 ) ) ;
#30 = SURFACE_STYLE_USAGE ( .BOTH. , #29 ) ;
#31 =( LENGTH_UNIT ( ) NAMED_UNIT ( * ) SI_UNIT ( .MILLI., .METRE. ) );
#32 =( NAMED_UNIT ( * ) PLANE_ANGLE_UNIT ( ) SI_UNIT ( $, .RADIAN. ) );
#33 =( NAMED_UNIT ( * ) SI_UNIT ( $, .STERADIAN. ) SOLID_ANGLE_UNIT ( ) );
#34 = DIRECTION ( 'NONE',  ( 0.0000000000000000000, 0.0000000000000000000, 1.000000000000000000 ) ) ;
#35 = DIRECTION ( 'NONE',  ( 0.1045284632676503300, 0.0000000000000000000, -0.9945218953682737300 ) ) ;
#36 = PLANE ( 'NONE',  #2303 ) ;
#37 = FILL_AREA_STYLE_COLOUR ( '', #301 ) ;
#38 = DIRECTION ( 'NONE',  ( 1.000000000000000000, 0.0000000000000000000, 0.0000000000000000000 ) ) ;
#39 = DIRECTION ( 'NONE',  ( 0.0000000000000000000, 0.0000000000000000000, -1.000000000000000000 ) ) ;
#40 = CARTESIAN_POINT ( 'NONE',  ( -4.443695719288229800, -4.953000000000000300, 2.423275114834991600 ) ) ;
#41 = FILL_AREA_STYLE_COLOUR ( '', #302 ) ;
#42 = FILL_AREA_STYLE ('',( #37 ) ) ;
#43 = SURFACE_SIDE_STYLE ('',( #298 ) ) ;
#44 = SURFACE_STYLE_USAGE ( .BOTH. , #43 ) ;
#45 =( LENGTH_UNIT ( ) NAMED_UNIT ( * ) SI_UNIT ( .MILLI., .METRE. ) );
#46 =( NAMED_UNIT ( * ) PLANE_ANGLE_UNIT ( ) SI_UNIT ( $, .RADIAN. ) );
#47 =( NAMED_UNIT ( * ) SI_UNIT ( $, .STERADIAN. ) SOLID_ANGLE_UNIT ( ) );
#48 = DIRECTION ( 'NONE',  ( -0.9945218953682737300, 0.0000000000000000000, -0.1045284632676493200 ) ) ;
#49 = CARTESIAN_POINT ( 'NONE',  ( -4.301145460533625500, -4.686286877522607400, 4.312999999999999700 ) ) ;
#50 = FILL_AREA_STYLE_COLOUR ( '', #310 ) ;
#51 = FILL_AREA_STYLE ('',( #41 ) ) ;
#52 = SURFACE_SIDE_STYLE ('',( #305 ) ) ;
#53 = SURFACE_STYLE_USAGE ( .BOTH. , #52 ) ;
#54 =( LENGTH_UNIT ( ) NAMED_UNIT ( * ) SI_UNIT ( .MILLI., .METRE. ) );
#55 =( NAMED_UNIT ( * ) PLANE_ANGLE_UNIT ( ) SI_UNIT ( $, .RADIAN. ) );
#56 =( NAMED_UNIT ( * ) SI_UNIT ( $, .STERADIAN. ) SOLID_ANGLE_UNIT ( ) );
#57 = DIRECTION ( 'NONE',  ( 0.0000000000000000000, 1.000000000000000000, 0.0000000000000000000 ) ) ;
#58 = DIRECTION ( 'NONE',  ( 1.000000000000000000, 0.0000000000000000000, 0.0000000000000000000 ) ) ;
#59 = CARTESIAN_POINT ( 'NONE',  ( -4.443000000000002300, -4.728705707627476300, 3.828150553279396900 ) ) ;
#60 = DIRECTION ( 'NONE',  ( 1.542966365556588100E-015, -0.08715574274765472400, -0.9961946980917458800 ) ) ;
#61 = FILL_AREA_STYLE_COLOUR ( '', #312 ) ;
#62 = FILL_AREA_STYLE ('',( #50 ) ) ;
#63 = SURFACE_SIDE_STYLE ('',( #309 ) ) ;
#64 = SURFACE_STYLE_USAGE ( .BOTH. , #63 ) ;
#65 =( LENGTH_UNIT ( ) NAMED_UNIT ( * ) SI_UNIT ( .MILLI., .METRE. ) );
#66 =( NAMED_UNIT ( * ) PLANE_ANGLE_UNIT ( ) SI_UNIT ( $, .RADIAN. ) );
#67 =( NAMED_UNIT ( * ) SI_UNIT ( $, .STERADIAN. ) SOLID_ANGLE_UNIT ( ) );
#68 = DIRECTION ( 'NONE',  ( 0.0000000000000000000, 0.9961946980917458800, -0.08715574274765351700 ) ) ;
#69 = CARTESIAN_POINT ( 'NONE',  ( -3.500000000000000000, -4.286263797015737100E-016, 4.390000000000000600 ) ) ;
#70 = PLANE ( 'NONE',  #2323 ) ;
#71 = FILL_AREA_STYLE_COLOUR ( '', #320 ) ;
#72 = FILL_AREA_STYLE ('',( #61 ) ) ;
#73 = SURFACE_SIDE_STYLE ('',( #315 ) ) ;
#74 = SURFACE_STYLE_USAGE ( .BOTH. , #73 ) ;
#75 =( LENGTH_UNIT ( ) NAMED_UNIT ( * ) SI_UNIT ( .MILLI., .METRE. ) );
#76 =( NAMED_UNIT ( * ) PLANE_ANGLE_UNIT ( ) SI_UNIT ( $, .RADIAN. ) );
#77 =( NAMED_UNIT ( * ) SI_UNIT ( $, .STERADIAN. ) SOLID_ANGLE_UNIT ( ) );
#78 = CARTESIAN_POINT ( 'NONE',  ( -3.500000000000000000, -4.286263797015737100E-016, 4.339999999999999000 ) ) ;
#79 = DIRECTION ( 'NONE',  ( 0.0000000000000000000, 0.0000000000000000000, 1.000000000000000000 ) ) ;
#80 = DIRECTION ( 'NONE',  ( 1.000000000000000000, 0.0000000000000000000, -0.0000000000000000000 ) ) ;
#81 = FILL_AREA_STYLE_COLOUR ( '', #324 ) ;
#82 = FILL_AREA_STYLE ('',( #71 ) ) ;
#83 = SURFACE_SIDE_STYLE ('',( #319 ) ) ;
#84 = SURFACE_STYLE_USAGE ( .BOTH. , #83 ) ;
#85 =( LENGTH_UNIT ( ) NAMED_UNIT ( * ) SI_UNIT ( .MILLI., .METRE. ) );
#86 =( NAMED_UNIT ( * ) PLANE_ANGLE_UNIT ( ) SI_UNIT ( $, .RADIAN. ) );
#87 =( NAMED_UNIT ( * ) SI_UNIT ( $, .STERADIAN. ) SOLID_ANGLE_UNIT ( ) );
#88 = DIRECTION ( 'NONE',  ( -1.002340128212495400E-016, 0.0000000000000000000, -1.000000000000000000 ) ) ;
#89 = DIRECTION ( 'NONE',  ( -1.000000000000000000, 0.0000000000000000000, 1.002340128212495400E-016 ) ) ;
#90 = CARTESIAN_POINT ( 'NONE',  ( -4.533344653673636600, -4.776992696098697700, 3.276227749510465700 ) ) ;
#91 = DIRECTION ( 'NONE',  ( 0.1041350224314034100, -0.08668189170242450400, -0.9907785558610462400 ) ) ;
#92 = FILL_AREA_STYLE_COLOUR ( '', #326 ) ;
#93 = FILL_AREA_STYLE ('',( #81 ) ) ;
#94 = SURFACE_SIDE_STYLE ('',( #323 ) ) ;
#95 = SURFACE_STYLE_USAGE ( .BOTH. , #94 ) ;
#96 =( LENGTH_UNIT ( ) NAMED_UNIT ( * ) SI_UNIT ( .MILLI., .METRE. ) );
#97 =( NAMED_UNIT ( * ) PLANE_ANGLE_UNIT ( ) SI_UNIT ( $, .RADIAN. ) );
#98 =( NAMED_UNIT ( * ) SI_UNIT ( $, .STERADIAN. ) SOLID_ANGLE_UNIT ( ) );
#99 = DIRECTION ( 'NONE',  ( -0.9945218953682737300, 0.0000000000000000000, -0.1045284632676493200 ) ) ;
#100 = CARTESIAN_POINT ( 'NONE',  ( -4.301145460533625500, 4.686286877522607400, 4.312999999999999700 ) ) ;
#101 = FILL_AREA_STYLE_COLOUR ( '', #334 ) ;
#102 = FILL_AREA_STYLE ('',( #92 ) ) ;
#103 = SURFACE_SIDE_STYLE ('',( #329 ) ) ;
#104 = SURFACE_STYLE_USAGE ( .BOTH. , #103 ) ;
#105 =( LENGTH_UNIT ( ) NAMED_UNIT ( * ) SI_UNIT ( .MILLI., .METRE. ) );
#106 =( NAMED_UNIT ( * ) PLANE_ANGLE_UNIT ( ) SI_UNIT ( $, .RADIAN. ) );
#107 =( NAMED_UNIT ( * ) SI_UNIT ( $, .STERADIAN. ) SOLID_ANGLE_UNIT ( ) );
#108 = DIRECTION ( 'NONE',  ( 0.0000000000000000000, 1.000000000000000000, 0.0000000000000000000 ) ) ;
#109 = DIRECTION ( 'NONE',  ( 1.000000000000000000, 0.0000000000000000000, 0.0000000000000000000 ) ) ;
#110 = CARTESIAN_POINT ( 'NONE',  ( 4.123519302934648000, -4.686286877522607400, 4.312999999999998800 ) ) ;
#111 = CARTESIAN_POINT ( 'NONE',  ( 4.570000000000000300, -5.080000000000000100, 1.270000000000000000 ) ) ;
#112 = FILL_AREA_STYLE ('',( #101 ) ) ;
#113 = SURFACE_SIDE_STYLE ('',( #333 ) ) ;
#114 = SURFACE_STYLE_USAGE ( .BOTH. , #113 ) ;
#115 =( LENGTH_UNIT ( ) NAMED_UNIT ( * ) SI_UNIT ( .MILLI., .METRE. ) );
#116 =( NAMED_UNIT ( * ) PLANE_ANGLE_UNIT ( ) SI_UNIT ( $, .RADIAN. ) );
#117 =( NAMED_UNIT ( * ) SI_UNIT ( $, .STERADIAN. ) SOLID_ANGLE_UNIT ( ) );
#118 = DIRECTION ( 'NONE',  ( 0.0000000000000000000, 1.000000000000000000, 0.0000000000000000000 ) ) ;
#119 = DIRECTION ( 'NONE',  ( 1.000000000000000000, 0.0000000000000000000, 0.0000000000000000000 ) ) ;
#120 = DIRECTION ( 'NONE',  ( -1.000000000000000000, 0.0000000000000000000, 1.002340128212495500E-016 ) ) ;
#121 = PLANE ( 'NONE',  #2344 ) ;
#122 = FILL_AREA_STYLE_COLOUR ( '', #341 ) ;
#123 = DIRECTION ( 'NONE',  ( 1.000000000000000000, 0.0000000000000000000, 0.0000000000000000000 ) ) ;
#124 = DIRECTION ( 'NONE',  ( 0.0000000000000000000, 0.0000000000000000000, -1.000000000000000000 ) ) ;
#125 = CARTESIAN_POINT ( 'NONE',  ( 4.237870616560472900, 4.686286877522607400, 4.312999999999998800 ) ) ;
#126 = CARTESIAN_POINT ( 'NONE',  ( -9.820000000000002100, -1.300000000000000000, 3.740025210376027000 ) ) ;
#127 = FILL_AREA_STYLE ('',( #122 ) ) ;
#128 = SURFACE_SIDE_STYLE ('',( #337 ) ) ;
#129 = SURFACE_STYLE_USAGE ( .BOTH. , #128 ) ;
#130 =( LENGTH_UNIT ( ) NAMED_UNIT ( * ) SI_UNIT ( .MILLI., .METRE. ) );
#131 =( NAMED_UNIT ( * ) PLANE_ANGLE_UNIT ( ) SI_UNIT ( $, .RADIAN. ) );
#132 =( NAMED_UNIT ( * ) SI_UNIT ( $, .STERADIAN. ) SOLID_ANGLE_UNIT ( ) );
#133 = DIRECTION ( 'NONE',  ( 0.0000000000000000000, 0.0000000000000000000, 1.000000000000000000 ) ) ;
#134 = DIRECTION ( 'NONE',  ( -0.0000000000000000000, -1.000000000000000000, -0.0000000000000000000 ) ) ;
#135 = PLANE ( 'NONE',  #2349 ) ;
#136 = DIRECTION ( 'NONE',  ( 0.0000000000000000000, 0.0000000000000000000, -1.000000000000000000 ) ) ;
#137 = DIRECTION ( 'NONE',  ( 1.000000000000000000, 0.0000000000000000000, -0.0000000000000000000 ) ) ;
#138 = DIRECTION ( 'NONE',  ( -0.0000000000000000000, 0.0000000000000000000, -1.000000000000000000 ) ) ;
#139 = CARTESIAN_POINT ( 'NONE',  ( -10.52000000000000000, 0.4000000000000000200, 3.740025210376027000 ) ) ;
#140 = CARTESIAN_POINT ( 'NONE',  ( -11.32000000000000000, 0.4000000000000000200, 8.690025210376026300 ) ) ;
#141 = PLANE ( 'NONE',  #2352 ) ;
#142 = PLANE ( 'NONE',  #2351 ) ;
#143 = CARTESIAN_POINT ( 'NONE',  ( -10.52000000000000000, -0.4000000000000000200, 3.740025210376027000 ) ) ;
#144 = DIRECTION ( 'NONE',  ( 0.0000000000000000000, -0.0000000000000000000, 1.000000000000000000 ) ) ;
#145 = DIRECTION ( 'NONE',  ( 1.000000000000000000, 0.0000000000000000000, -0.0000000000000000000 ) ) ;
#146 = PLANE ( 'NONE',  #2353 ) ;
#147 = CARTESIAN_POINT ( 'NONE',  ( -11.82000000000000000, -3.000000000000000000, 3.740025210376027000 ) ) ;
#148 = DIRECTION ( 'NONE',  ( 0.0000000000000000000, 1.000000000000000000, 0.0000000000000000000 ) ) ;
#149 = DIRECTION ( 'NONE',  ( -1.000000000000000000, 0.0000000000000000000, 0.0000000000000000000 ) ) ;
#150 = PLANE ( 'NONE',  #2354 ) ;
#151 = CARTESIAN_POINT ( 'NONE',  ( -10.52000000000000000, 0.4000000000000000200, 3.740025210376027000 ) ) ;
#152 = DIRECTION ( 'NONE',  ( 1.000000000000000000, 0.0000000000000000000, 0.0000000000000000000 ) ) ;
#153 = DIRECTION ( 'NONE',  ( 0.0000000000000000000, 0.0000000000000000000, -1.000000000000000000 ) ) ;
#154 = PLANE ( 'NONE',  #2355 ) ;
#155 = CARTESIAN_POINT ( 'NONE',  ( -11.32000000000000000, 0.4000000000000000200, 3.740025210376027000 ) ) ;
#156 = DIRECTION ( 'NONE',  ( 0.0000000000000000000, 1.000000000000000000, 0.0000000000000000000 ) ) ;
#157 = DIRECTION ( 'NONE',  ( -1.000000000000000000, 0.0000000000000000000, 0.0000000000000000000 ) ) ;
#158 = DIRECTION ( 'NONE',  ( -0.0000000000000000000, -1.000000000000000000, -0.0000000000000000000 ) ) ;
#159 = DIRECTION ( 'NONE',  ( 0.0000000000000000000, 0.0000000000000000000, -1.000000000000000000 ) ) ;
#160 = DIRECTION ( 'NONE',  ( 1.000000000000000000, 0.0000000000000000000, 0.0000000000000000000 ) ) ;
#161 = DIRECTION ( 'NONE',  ( 0.0000000000000000000, 0.0000000000000000000, -1.000000000000000000 ) ) ;
#162 = CARTESIAN_POINT ( 'NONE',  ( -10.52000000000000000, 0.4000000000000000200, 3.740025210376027000 ) ) ;
#163 = CARTESIAN_POINT ( 'NONE',  ( -11.32000000000000000, -3.000000000000000000, 8.690025210376026300 ) ) ;
#164 = PLANE ( 'NONE',  #2358 ) ;
#165 = PLANE ( 'NONE',  #2357 ) ;
#166 = CARTESIAN_POINT ( 'NONE',  ( -11.32000000000000000, -3.000000000000000000, 3.740025210376027000 ) ) ;
#167 = DIRECTION ( 'NONE',  ( 0.0000000000000000000, -0.0000000000000000000, 1.000000000000000000 ) ) ;
#168 = DIRECTION ( 'NONE',  ( 1.000000000000000000, 0.0000000000000000000, -0.0000000000000000000 ) ) ;
#169 = PLANE ( 'NONE',  #2359 ) ;
#170 = CARTESIAN_POINT ( 'NONE',  ( -10.52000000000000000, -3.000000000000000000, 3.740025210376027000 ) ) ;
#171 = DIRECTION ( 'NONE',  ( 1.000000000000000000, 0.0000000000000000000, 0.0000000000000000000 ) ) ;
#172 = DIRECTION ( 'NONE',  ( 0.0000000000000000000, 0.0000000000000000000, -1.000000000000000000 ) ) ;
#173 = PLANE ( 'NONE',  #2360 ) ;
#174 = CARTESIAN_POINT ( 'NONE',  ( -11.32000000000000000, 0.2000000000000012300, 8.690025210376026300 ) ) ;
#175 = DIRECTION ( 'NONE',  ( 0.0000000000000000000, 1.000000000000000000, 0.0000000000000000000 ) ) ;
#176 = DIRECTION ( 'NONE',  ( -1.000000000000000000, 0.0000000000000000000, 0.0000000000000000000 ) ) ;
#177 = PLANE ( 'NONE',  #2361 ) ;
#178 = CARTESIAN_POINT ( 'NONE',  ( -10.52000000000000000, -0.4000000000000000200, 8.140529726485098600 ) ) ;
#179 = DIRECTION ( 'NONE',  ( -0.0000000000000000000, -0.9396926207859097600, -0.3420201433256650500 ) ) ;
#180 = DIRECTION ( 'NONE',  ( -1.000000000000000000, 0.0000000000000000000, 0.0000000000000000000 ) ) ;
#181 = PLANE ( 'NONE',  #2362 ) ;
#182 = CARTESIAN_POINT ( 'NONE',  ( -10.52000000000000000, -3.799999999999999800, 3.740025210376027000 ) ) ;
#183 = DIRECTION ( 'NONE',  ( 0.0000000000000000000, -0.9396926207859097600, 0.3420201433256650500 ) ) ;
#184 = DIRECTION ( 'NONE',  ( 1.000000000000000000, 0.0000000000000000000, 0.0000000000000000000 ) ) ;
#185 = DIRECTION ( 'NONE',  ( -0.0000000000000000000, -1.000000000000000000, -0.0000000000000000000 ) ) ;
#186 = DIRECTION ( 'NONE',  ( 0.0000000000000000000, 0.0000000000000000000, -1.000000000000000000 ) ) ;
#187 = DIRECTION ( 'NONE',  ( 0.0000000000000000000, 1.000000000000000000, 0.0000000000000000000 ) ) ;
#188 = DIRECTION ( 'NONE',  ( -1.000000000000000000, 0.0000000000000000000, 0.0000000000000000000 ) ) ;
#189 = CARTESIAN_POINT ( 'NONE',  ( -10.52000000000000000, -3.000000000000000000, 3.740025210376027000 ) ) ;
#190 = DIRECTION ( 'NONE',  ( 0.0000000000000000000, 0.0000000000000000000, -1.000000000000000000 ) ) ;
#191 = CARTESIAN_POINT ( 'NONE',  ( -10.52000000000000000, -3.000000000000000000, 3.740025210376027000 ) ) ;
#192 = DIRECTION ( 'NONE',  ( -0.0000000000000000000, -1.000000000000000000, -0.0000000000000000000 ) ) ;
#193 = CARTESIAN_POINT ( 'NONE',  ( -4.570000000000001200, -1.149999999999999700, 2.440025210376026700 ) ) ;
#194 = PLANE ( 'NONE',  #2366 ) ;
#195 = PLANE ( 'NONE',  #2365 ) ;
#196 = CARTESIAN_POINT ( 'NONE',  ( -4.570000000000001200, 0.5500000000000000400, 2.440025210376026700 ) ) ;
#197 = DIRECTION ( 'NONE',  ( 0.0000000000000000000, -0.0000000000000000000, 1.000000000000000000 ) ) ;
#198 = DIRECTION ( 'NONE',  ( 1.000000000000000000, 0.0000000000000000000, -0.0000000000000000000 ) ) ;
#199 = PLANE ( 'NONE',  #2367 ) ;
#200 = CARTESIAN_POINT ( 'NONE',  ( 0.0000000000000000000, -0.5500000000000000400, 0.0000000000000000000 ) ) ;
#201 = DIRECTION ( 'NONE',  ( 0.0000000000000000000, -0.0000000000000000000, 1.000000000000000000 ) ) ;
#202 = DIRECTION ( 'NONE',  ( 1.000000000000000000, 0.0000000000000000000, -0.0000000000000000000 ) ) ;
#203 = PLANE ( 'NONE',  #2368 ) ;
#204 = CARTESIAN_POINT ( 'NONE',  ( 0.0000000000000000000, 2.250000000000000400, 0.0000000000000000000 ) ) ;
#205 = DIRECTION ( 'NONE',  ( 0.0000000000000000000, -1.000000000000000000, 0.0000000000000000000 ) ) ;
#206 = DIRECTION ( 'NONE',  ( 1.000000000000000000, 0.0000000000000000000, 0.0000000000000000000 ) ) ;
#207 = PLANE ( 'NONE',  #2369 ) ;
#208 = CARTESIAN_POINT ( 'NONE',  ( 0.0000000000000000000, 0.5500000000000000400, 0.0000000000000000000 ) ) ;
#209 = DIRECTION ( 'NONE',  ( 0.0000000000000000000, -1.000000000000000000, 0.0000000000000000000 ) ) ;
#210 = DIRECTION ( 'NONE',  ( 1.000000000000000000, 0.0000000000000000000, 0.0000000000000000000 ) ) ;
#211 = PLANE ( 'NONE',  #2370 ) ;
#212 = CARTESIAN_POINT ( 'NONE',  ( -4.570000000000001200, -1.149999999999999700, 2.940025210376027200 ) ) ;
#213 = DIRECTION ( 'NONE',  ( 0.0000000000000000000, -1.000000000000000000, 0.0000000000000000000 ) ) ;
#214 = DIRECTION ( 'NONE',  ( 1.000000000000000000, 0.0000000000000000000, 0.0000000000000000000 ) ) ;
#215 = PLANE ( 'NONE',  #2371 ) ;
#216 = CARTESIAN_POINT ( 'NONE',  ( 0.0000000000000000000, 2.849999999999999600, 0.0000000000000000000 ) ) ;
#217 = DIRECTION ( 'NONE',  ( 0.0000000000000000000, -0.0000000000000000000, 1.000000000000000000 ) ) ;
#218 = DIRECTION ( 'NONE',  ( 1.000000000000000000, 0.0000000000000000000, -0.0000000000000000000 ) ) ;
#219 = PLANE ( 'NONE',  #2372 ) ;
#220 = CARTESIAN_POINT ( 'NONE',  ( -4.570000000000001200, 2.250000000000000400, 2.440025210376026700 ) ) ;
#221 = DIRECTION ( 'NONE',  ( 0.0000000000000000000, -1.000000000000000000, 0.0000000000000000000 ) ) ;
#222 = DIRECTION ( 'NONE',  ( 1.000000000000000000, 0.0000000000000000000, 0.0000000000000000000 ) ) ;
#223 = PLANE ( 'NONE',  #2373 ) ;
#224 = CARTESIAN_POINT ( 'NONE',  ( -4.570000000000001200, 0.5500000000000000400, 2.940025210376027200 ) ) ;
#225 = DIRECTION ( 'NONE',  ( 0.0000000000000000000, -0.0000000000000000000, 1.000000000000000000 ) ) ;
#226 = DIRECTION ( 'NONE',  ( 1.000000000000000000, 0.0000000000000000000, -0.0000000000000000000 ) ) ;
#227 = PLANE ( 'NONE',  #2374 ) ;
#228 = CARTESIAN_POINT ( 'NONE',  ( -5.870000000000001000, -1.149999999999999700, 2.940025210376027200 ) ) ;
#229 = DIRECTION ( 'NONE',  ( 0.0000000000000000000, -0.0000000000000000000, 1.000000000000000000 ) ) ;
#230 = DIRECTION ( 'NONE',  ( 1.000000000000000000, 0.0000000000000000000, -0.0000000000000000000 ) ) ;
#231 = PLANE ( 'NONE',  #2375 ) ;
#232 = CARTESIAN_POINT ( 'NONE',  ( -4.570000000000001200, 3.949999999999999700, 2.940025210376027200 ) ) ;
#233 = DIRECTION ( 'NONE',  ( -1.000000000000000000, 0.0000000000000000000, 0.0000000000000000000 ) ) ;
#234 = DIRECTION ( 'NONE',  ( 0.0000000000000000000, 0.0000000000000000000, 1.000000000000000000 ) ) ;
#235 = PLANE ( 'NONE',  #2376 ) ;
#236 = CARTESIAN_POINT ( 'NONE',  ( -4.570000000000001200, 2.250000000000000400, 2.940025210376027200 ) ) ;
#237 = DIRECTION ( 'NONE',  ( 0.0000000000000000000, -0.0000000000000000000, 1.000000000000000000 ) ) ;
#238 = DIRECTION ( 'NONE',  ( 1.000000000000000000, 0.0000000000000000000, -0.0000000000000000000 ) ) ;
#239 = PLANE ( 'NONE',  #2377 ) ;
#240 = CARTESIAN_POINT ( 'NONE',  ( -5.870000000000001000, 0.5500000000000000400, 2.940025210376027200 ) ) ;
#241 = DIRECTION ( 'NONE',  ( 0.0000000000000000000, -0.0000000000000000000, 1.000000000000000000 ) ) ;
#242 = DIRECTION ( 'NONE',  ( 1.000000000000000000, 0.0000000000000000000, -0.0000000000000000000 ) ) ;
#243 = PLANE ( 'NONE',  #2378 ) ;
#244 = CARTESIAN_POINT ( 'NONE',  ( 0.0000000000000000000, 1.149999999999999900, 0.0000000000000000000 ) ) ;
#245 = DIRECTION ( 'NONE',  ( -1.000000000000000000, 0.0000000000000000000, 0.0000000000000000000 ) ) ;
#246 = DIRECTION ( 'NONE',  ( 0.0000000000000000000, 0.0000000000000000000, 1.000000000000000000 ) ) ;
#247 = PLANE ( 'NONE',  #2379 ) ;
#248 = CARTESIAN_POINT ( 'NONE',  ( -5.870000000000001000, 2.250000000000000400, 2.940025210376027200 ) ) ;
#249 = DIRECTION ( 'NONE',  ( 0.0000000000000000000, -1.000000000000000000, 0.0000000000000000000 ) ) ;
#250 = DIRECTION ( 'NONE',  ( 1.000000000000000000, 0.0000000000000000000, 0.0000000000000000000 ) ) ;
#251 = PLANE ( 'NONE',  #2380 ) ;
#252 = CARTESIAN_POINT ( 'NONE',  ( 0.0000000000000000000, 3.949999999999999700, 0.0000000000000000000 ) ) ;
#253 = DIRECTION ( 'NONE',  ( -1.000000000000000000, 0.0000000000000000000, 0.0000000000000000000 ) ) ;
#254 = DIRECTION ( 'NONE',  ( 0.0000000000000000000, 0.0000000000000000000, 1.000000000000000000 ) ) ;
#255 = PLANE ( 'NONE',  #2382 ) ;
#256 = CARTESIAN_POINT ( 'NONE',  ( 0.0000000000000000000, -1.149999999999999700, 0.0000000000000000000 ) ) ;
#257 = DIRECTION ( 'NONE',  ( 0.0000000000000000000, -1.000000000000000000, 0.0000000000000000000 ) ) ;
#258 = DIRECTION ( 'NONE',  ( 1.000000000000000000, 0.0000000000000000000, 0.0000000000000000000 ) ) ;
#259 = CARTESIAN_POINT ( 'NONE',  ( -11.32000000000000000, -0.3999999999999999700, 8.140529726485100400 ) ) ;
#260 = CARTESIAN_POINT ( 'NONE',  ( -11.82000000000000000, -0.4000000000000000200, 3.740025210376027000 ) ) ;
#261 = DIRECTION ( 'NONE',  ( 0.0000000000000000000, -1.000000000000000000, 0.0000000000000000000 ) ) ;
#262 = DIRECTION ( 'NONE',  ( 1.000000000000000000, 0.0000000000000000000, 0.0000000000000000000 ) ) ;
#263 = CARTESIAN_POINT ( 'NONE',  ( -11.82000000000000000, -0.2000000000000012300, 8.690025210376026300 ) ) ;
#264 = CARTESIAN_POINT ( 'NONE',  ( -11.82000000000000000, -0.3999999999999997400, 8.140529726485100400 ) ) ;
#265 = CARTESIAN_POINT ( 'NONE',  ( -11.32000000000000000, -0.4000000000000000200, 3.740025210376027000 ) ) ;
#266 = CARTESIAN_POINT ( 'NONE',  ( -11.32000000000000000, -0.2000000000000017300, 8.690025210376026300 ) ) ;
#267 = CARTESIAN_POINT ( 'NONE',  ( -11.82000000000000000, 0.4000000000000000200, 3.740025210376027000 ) ) ;
#268 = CARTESIAN_POINT ( 'NONE',  ( -11.82000000000000000, 0.4000000000000000200, 8.140529726485098600 ) ) ;
#269 = CARTESIAN_POINT ( 'NONE',  ( -11.32000000000000000, 0.4000000000000000200, 3.740025210376027000 ) ) ;
#270 = CARTESIAN_POINT ( 'NONE',  ( -11.32000000000000000, -3.799999999999999800, 8.140529726485102200 ) ) ;
#271 = CARTESIAN_POINT ( 'NONE',  ( -11.32000000000000000, 0.2000000000000011800, 8.690025210376026300 ) ) ;
#272 = CARTESIAN_POINT ( 'NONE',  ( -11.82000000000000000, 0.2000000000000012300, 8.690025210376026300 ) ) ;
#273 = CARTESIAN_POINT ( 'NONE',  ( -11.32000000000000000, 2.999999999999999600, 3.740025210376027000 ) ) ;
#274 = CARTESIAN_POINT ( 'NONE',  ( -9.320000000000002100, 2.100000000000000100, 8.140529726485098600 ) ) ;
#275 = CARTESIAN_POINT ( 'NONE',  ( -11.32000000000000000, 3.600000000000001400, 8.690025210376026300 ) ) ;
#276 = CARTESIAN_POINT ( 'NONE',  ( -11.82000000000000000, -3.600000000000001900, 8.690025210376026300 ) ) ;
#277 = CARTESIAN_POINT ( 'NONE',  ( -11.82000000000000000, 2.999999999999999600, 3.740025210376027000 ) ) ;
#278 = CARTESIAN_POINT ( 'NONE',  ( -9.820000000000002100, 1.900000000000000100, 8.690025210376028000 ) ) ;
#279 = CARTESIAN_POINT ( 'NONE',  ( -10.52000000000000000, -3.799999999999999800, 2.940025210376026700 ) ) ;
#280 = CARTESIAN_POINT ( 'NONE',  ( -9.820000000000002100, 2.100000000000000100, 3.740025210376027400 ) ) ;
#281 = CARTESIAN_POINT ( 'NONE',  ( -9.320000000000002100, 1.300000000000000000, 3.740025210376027400 ) ) ;
#282 = CARTESIAN_POINT ( 'NONE',  ( -9.820000000000002100, -1.499999999999999600, 8.690025210376028000 ) ) ;
#283 = CARTESIAN_POINT ( 'NONE',  ( -9.820000000000002100, -1.300000000000000000, 3.740025210376027400 ) ) ;
#284 = CARTESIAN_POINT ( 'NONE',  ( -9.320000000000002100, 1.300000000000000000, 8.140529726485098600 ) ) ;
#285 = COLOUR_RGB ( '',0.09411764705882352800, 0.09411764705882352800, 0.09411764705882352800 ) ;
#286 = FACE_OUTER_BOUND ( 'NONE', #3367, .T. ) ;
#287 = PRESENTATION_STYLE_ASSIGNMENT (( #16 ) ) ;
#288 = SURFACE_STYLE_FILL_AREA ( #14 ) ;
#289 = CYLINDRICAL_SURFACE ( 'NONE', #2292, 0.1269999999999998100 ) ;
#290 = FACE_OUTER_BOUND ( 'NONE', #3437, .T. ) ;
#291 = FACE_OUTER_BOUND ( 'NONE', #3343, .T. ) ;
#292 = SURFACE_STYLE_FILL_AREA ( #28 ) ;
#293 = PRESENTATION_STYLE_ASSIGNMENT (( #30 ) ) ;
#294 = CYLINDRICAL_SURFACE ( 'NONE', #2296, 0.1270000000000003900 ) ;
#295 = COLOUR_RGB ( '',0.09411764705882352800, 0.09411764705882352800, 0.09411764705882352800 ) ;
#296 = FACE_OUTER_BOUND ( 'NONE', #3380, .T. ) ;
#297 = FACE_OUTER_BOUND ( 'NONE', #3364, .T. ) ;
#298 = SURFACE_STYLE_FILL_AREA ( #42 ) ;
#299 = PRESENTATION_STYLE_ASSIGNMENT (( #44 ) ) ;
#300 = CYLINDRICAL_SURFACE ( 'NONE', #2302, 0.1270000000000003900 ) ;
#301 = COLOUR_RGB ( '',0.09411764705882352800, 0.09411764705882352800, 0.09411764705882352800 ) ;
#302 = COLOUR_RGB ( '',0.09411764705882352800, 0.09411764705882352800, 0.09411764705882352800 ) ;
#303 = FACE_OUTER_BOUND ( 'NONE', #3357, .T. ) ;
#304 = PRESENTATION_STYLE_ASSIGNMENT (( #53 ) ) ;
#305 = SURFACE_STYLE_FILL_AREA ( #51 ) ;
#306 = CYLINDRICAL_SURFACE ( 'NONE', #2309, 0.1269999999999997200 ) ;
#307 = SPHERICAL_SURFACE ( 'NONE', #2313, 0.1270000000000000000 ) ;
#308 = PRESENTATION_STYLE_ASSIGNMENT (( #64 ) ) ;
#309 = SURFACE_STYLE_FILL_AREA ( #62 ) ;
#310 = COLOUR_RGB ( '',0.09411764705882352800, 0.09411764705882352800, 0.09411764705882352800 ) ;
#311 = FACE_OUTER_BOUND ( 'NONE', #3433, .T. ) ;
#312 = COLOUR_RGB ( '',0.0000000000000000000, 0.0000000000000000000, 0.0000000000000000000 ) ;
#313 = FACE_OUTER_BOUND ( 'NONE', #3431, .T. ) ;
#314 = PRESENTATION_STYLE_ASSIGNMENT (( #74 ) ) ;
#315 = SURFACE_STYLE_FILL_AREA ( #72 ) ;
#316 = CYLINDRICAL_SURFACE ( 'NONE', #2319, 0.1269999999999999700 ) ;
#317 = FACE_OUTER_BOUND ( 'NONE', #3378, .T. ) ;
#318 = PRESENTATION_STYLE_ASSIGNMENT (( #84 ) ) ;
#319 = SURFACE_STYLE_FILL_AREA ( #82 ) ;
#320 = COLOUR_RGB ( '',0.0000000000000000000, 0.0000000000000000000, 0.0000000000000000000 ) ;
#321 = TOROIDAL_SURFACE ( 'NONE', #2328, 0.5499999999999999300, 0.05000000000000000300 ) ;
#322 = PRESENTATION_STYLE_ASSIGNMENT (( #95 ) ) ;
#323 = SURFACE_STYLE_FILL_AREA ( #93 ) ;
#324 = COLOUR_RGB ( '',0.09411764705882352800, 0.09411764705882352800, 0.09411764705882352800 ) ;
#325 = FACE_OUTER_BOUND ( 'NONE', #3397, .T. ) ;
#326 = COLOUR_RGB ( '',0.09411764705882352800, 0.09411764705882352800, 0.09411764705882352800 ) ;
#327 = FACE_OUTER_BOUND ( 'NONE', #3442, .T. ) ;
#328 = PRESENTATION_STYLE_ASSIGNMENT (( #104 ) ) ;
#329 = SURFACE_STYLE_FILL_AREA ( #102 ) ;
#330 = CYLINDRICAL_SURFACE ( 'NONE', #2334, 0.1269999999999997200 ) ;
#331 = SPHERICAL_SURFACE ( 'NONE', #2338, 0.1270000000000000000 ) ;
#332 = PRESENTATION_STYLE_ASSIGNMENT (( #114 ) ) ;
#333 = SURFACE_STYLE_FILL_AREA ( #112 ) ;
#334 = COLOUR_RGB ( '',0.09411764705882352800, 0.09411764705882352800, 0.09411764705882352800 ) ;
#335 = FACE_OUTER_BOUND ( 'NONE', #3347, .T. ) ;
#336 = SPHERICAL_SURFACE ( 'NONE', #2342, 0.1270000000000000000 ) ;
#337 = SURFACE_STYLE_FILL_AREA ( #127 ) ;
#338 = PRESENTATION_STYLE_ASSIGNMENT (( #129 ) ) ;
#339 = FACE_OUTER_BOUND ( 'NONE', #3355, .T. ) ;
#340 = FACE_OUTER_BOUND ( 'NONE', #3370, .T. ) ;
#341 = COLOUR_RGB ( '',0.09411764705882352800, 0.09411764705882352800, 0.09411764705882352800 ) ;
#342 = FACE_OUTER_BOUND ( 'NONE', #3419, .T. ) ;
#343 = FACE_OUTER_BOUND ( 'NONE', #3346, .T. ) ;
#344 = FACE_OUTER_BOUND ( 'NONE', #3411, .T. ) ;
#345 = FACE_OUTER_BOUND ( 'NONE', #3426, .T. ) ;
#346 = CYLINDRICAL_SURFACE ( 'NONE', #2348, 0.1270000000000003900 ) ;
#347 = FACE_OUTER_BOUND ( 'NONE', #3414, .T. ) ;
#348 = CYLINDRICAL_SURFACE ( 'NONE', #2350, 0.8000000000000003800 ) ;
#349 = FACE_OUTER_BOUND ( 'NONE', #3410, .T. ) ;
#350 = FACE_OUTER_BOUND ( 'NONE', #3358, .T. ) ;
#351 = FACE_OUTER_BOUND ( 'NONE', #3392, .T. ) ;
#352 = FACE_OUTER_BOUND ( 'NONE', #3416, .T. ) ;
#353 = FACE_OUTER_BOUND ( 'NONE', #3377, .T. ) ;
#354 = FACE_OUTER_BOUND ( 'NONE', #3418, .T. ) ;
#355 = CYLINDRICAL_SURFACE ( 'NONE', #2356, 1.300000000000000300 ) ;
#356 = FACE_OUTER_BOUND ( 'NONE', #3440, .T. ) ;
#357 = FACE_OUTER_BOUND ( 'NONE', #3362, .T. ) ;
#358 = FACE_OUTER_BOUND ( 'NONE', #3439, .T. ) ;
#359 = FACE_OUTER_BOUND ( 'NONE', #3417, .T. ) ;
#360 = FACE_OUTER_BOUND ( 'NONE', #3427, .T. ) ;
#361 = FACE_OUTER_BOUND ( 'NONE', #3356, .T. ) ;
#362 = FACE_OUTER_BOUND ( 'NONE', #3348, .T. ) ;
#363 = CYLINDRICAL_SURFACE ( 'NONE', #2363, 0.8000000000000003800 ) ;
#364 = PRESENTATION_STYLE_ASSIGNMENT (( #579 ) ) ;
#365 = CYLINDRICAL_SURFACE ( 'NONE', #2364, 1.300000000000000300 ) ;
#366 = FACE_OUTER_BOUND ( 'NONE', #3390, .T. ) ;
#367 = FACE_OUTER_BOUND ( 'NONE', #3376, .T. ) ;
#368 = FACE_OUTER_BOUND ( 'NONE', #3381, .T. ) ;
#369 = FACE_OUTER_BOUND ( 'NONE', #3432, .T. ) ;
#370 = FACE_OUTER_BOUND ( 'NONE', #3386, .T. ) ;
#371 = FACE_OUTER_BOUND ( 'NONE', #3375, .T. ) ;
#372 = FACE_OUTER_BOUND ( 'NONE', #3409, .T. ) ;
#373 = FACE_OUTER_BOUND ( 'NONE', #3407, .T. ) ;
#374 = FACE_OUTER_BOUND ( 'NONE', #3372, .T. ) ;
#375 = FACE_OUTER_BOUND ( 'NONE', #3423, .T. ) ;
#376 = FACE_OUTER_BOUND ( 'NONE', #3422, .T. ) ;
#377 = FACE_OUTER_BOUND ( 'NONE', #3443, .T. ) ;
#378 = FACE_OUTER_BOUND ( 'NONE', #3351, .T. ) ;
#379 = FACE_OUTER_BOUND ( 'NONE', #3387, .T. ) ;
#380 = FACE_OUTER_BOUND ( 'NONE', #3400, .T. ) ;
#381 = COLOUR_RGB ( '',0.7529411764705882200, 0.7529411764705882200, 0.7529411764705882200 ) ;
#382 = SURFACE_STYLE_FILL_AREA ( #577 ) ;
#383 = VECTOR ( 'NONE', #632, 1000.000000000000000 ) ;
#384 = LINE ( 'NONE', #636, #389 ) ;
#385 = LINE ( 'NONE', #635, #393 ) ;
#386 = VECTOR ( 'NONE', #634, 1000.000000000000000 ) ;
#387 = LINE ( 'NONE', #641, #395 ) ;
#388 = LINE ( 'NONE', #643, #397 ) ;
#389 = VECTOR ( 'NONE', #642, 1000.000000000000000 ) ;
#390 = CIRCLE ( 'NONE', #2386, 0.1270000000000003900 ) ;
#391 = LINE ( 'NONE', #637, #386 ) ;
#392 = LINE ( 'NONE', #633, #383 ) ;
#393 = VECTOR ( 'NONE', #644, 1000.000000000000000 ) ;
#394 = LINE ( 'NONE', #645, #399 ) ;
#395 = VECTOR ( 'NONE', #646, 1000.000000000000000 ) ;
#396 = LINE ( 'NONE', #647, #401 ) ;
#397 = VECTOR ( 'NONE', #648, 1000.000000000000000 ) ;
#398 = LINE ( 'NONE', #649, #403 ) ;
#399 = VECTOR ( 'NONE', #650, 1000.000000000000000 ) ;
#400 = LINE ( 'NONE', #651, #405 ) ;
#401 = VECTOR ( 'NONE', #652, 1000.000000000000000 ) ;
#402 = LINE ( 'NONE', #653, #407 ) ;
#403 = VECTOR ( 'NONE', #654, 1000.000000000000000 ) ;
#404 = CIRCLE ( 'NONE', #2388, 0.1270000000000003900 ) ;
#405 = VECTOR ( 'NONE', #655, 1000.000000000000000 ) ;
#406 = CIRCLE ( 'NONE', #2387, 0.4499999999999999000 ) ;
#407 = VECTOR ( 'NONE', #657, 1000.000000000000000 ) ;
#408 = LINE ( 'NONE', #663, #411 ) ;
#409 = LINE ( 'NONE', #662, #413 ) ;
#410 = LINE ( 'NONE', #656, #415 ) ;
#411 = VECTOR ( 'NONE', #658, 1000.000000000000000 ) ;
#412 = CIRCLE ( 'NONE', #2389, 0.1270000000000003900 ) ;
#413 = VECTOR ( 'NONE', #667, 1000.000000000000000 ) ;
#414 = LINE ( 'NONE', #670, #417 ) ;
#415 = VECTOR ( 'NONE', #669, 1000.000000000000000 ) ;
#416 = LINE ( 'NONE', #674, #426 ) ;
#417 = VECTOR ( 'NONE', #672, 1000.000000000000000 ) ;
#418 = LINE ( 'NONE', #671, #420 ) ;
#419 = LINE ( 'NONE', #678, #422 ) ;
#420 = VECTOR ( 'NONE', #668, 1000.000000000000000 ) ;
#421 = LINE ( 'NONE', #680, #424 ) ;
#422 = VECTOR ( 'NONE', #679, 1000.000000000000000 ) ;
#423 = LINE ( 'NONE', #673, #430 ) ;
#424 = VECTOR ( 'NONE', #682, 1000.000000000000000 ) ;
#425 = LINE ( 'NONE', #684, #428 ) ;
#426 = VECTOR ( 'NONE', #683, 1000.000000000000000 ) ;
#427 = LINE ( 'NONE', #681, #432 ) ;
#428 = VECTOR ( 'NONE', #686, 1000.000000000000000 ) ;
#429 = LINE ( 'NONE', #685, #436 ) ;
#430 = VECTOR ( 'NONE', #687, 1000.000000000000000 ) ;
#431 = LINE ( 'NONE', #690, #434 ) ;
#432 = VECTOR ( 'NONE', #689, 1000.000000000000000 ) ;
#433 = LINE ( 'NONE', #688, #438 ) ;
#434 = VECTOR ( 'NONE', #692, 1000.000000000000000 ) ;
#435 = LINE ( 'NONE', #691, #440 ) ;
#436 = VECTOR ( 'NONE', #693, 1000.000000000000000 ) ;
#437 = LINE ( 'NONE', #699, #442 ) ;
#438 = VECTOR ( 'NONE', #694, 1000.000000000000000 ) ;
#439 = CIRCLE ( 'NONE', #2390, 0.1269999999999997200 ) ;
#440 = VECTOR ( 'NONE', #696, 1000.000000000000000 ) ;
#441 = VECTOR ( 'NONE', #1314, 1000.000000000000000 ) ;
#442 = VECTOR ( 'NONE', #695, 1000.000000000000000 ) ;
#443 = CARTESIAN_POINT ( 'NONE',  ( -9.820000000000002100, 1.299999999999998700, 8.140529726485091500 ) ) ;
#444 = CARTESIAN_POINT ( 'NONE',  ( -9.820000000000002100, 1.300000000000000000, 3.740025210376027400 ) ) ;
#445 = CARTESIAN_POINT ( 'NONE',  ( -9.320000000000002100, 2.100000000000000100, 3.740025210376027400 ) ) ;
#446 = CARTESIAN_POINT ( 'NONE',  ( -9.820000000000002100, -1.900000000000000100, 8.690025210376028000 ) ) ;
#447 = CARTESIAN_POINT ( 'NONE',  ( -11.32000000000000000, 0.3999999999999998600, 8.140529726485098600 ) ) ;
#448 = CARTESIAN_POINT ( 'NONE',  ( -11.82000000000000000, -3.000000000000000000, 8.140529726485098600 ) ) ;
#449 = CARTESIAN_POINT ( 'NONE',  ( -9.820000000000002100, 1.499999999999999600, 8.690025210376028000 ) ) ;
#450 = CARTESIAN_POINT ( 'NONE',  ( -11.82000000000000000, 3.799999999999999400, 3.740025210376027000 ) ) ;
#451 = CARTESIAN_POINT ( 'NONE',  ( -11.82000000000000000, 3.199999999999997500, 8.690025210376026300 ) ) ;
#452 = CARTESIAN_POINT ( 'NONE',  ( -9.820000000000002100, 2.100000000000000100, 8.140529726485100400 ) ) ;
#453 = CARTESIAN_POINT ( 'NONE',  ( -11.82000000000000000, -3.799999999999999800, 3.740025210376027000 ) ) ;
#454 = CARTESIAN_POINT ( 'NONE',  ( -10.52000000000000000, -3.000000000000000000, 2.940025210376026700 ) ) ;
#455 = CARTESIAN_POINT ( 'NONE',  ( -11.32000000000000000, 3.199999999999997100, 8.690025210376026300 ) ) ;
#456 = CARTESIAN_POINT ( 'NONE',  ( -11.82000000000000000, -3.800000000000000300, 8.140529726485098600 ) ) ;
#457 = CARTESIAN_POINT ( 'NONE',  ( -11.32000000000000000, -3.000000000000000000, 3.740025210376027000 ) ) ;
#458 = CARTESIAN_POINT ( 'NONE',  ( -11.32000000000000000, 3.799999999999999400, 3.740025210376027000 ) ) ;
#459 = CARTESIAN_POINT ( 'NONE',  ( -11.82000000000000000, -3.000000000000000000, 3.740025210376027000 ) ) ;
#460 = CARTESIAN_POINT ( 'NONE',  ( -11.32000000000000000, -3.600000000000002300, 8.690025210376026300 ) ) ;
#461 = CARTESIAN_POINT ( 'NONE',  ( -11.82000000000000000, -3.199999999999998800, 8.690025210376026300 ) ) ;
#462 = CARTESIAN_POINT ( 'NONE',  ( -11.32000000000000000, 3.799999999999999400, 8.140529726485102200 ) ) ;
#463 = CARTESIAN_POINT ( 'NONE',  ( -9.320000000000002100, 1.500000000000000000, 8.690025210376029800 ) ) ;
#464 = CARTESIAN_POINT ( 'NONE',  ( -9.320000000000002100, 1.899999999999999700, 8.690025210376029800 ) ) ;
#465 = CARTESIAN_POINT ( 'NONE',  ( -11.82000000000000000, 2.999999999999999100, 8.140529726485098600 ) ) ;
#466 = CARTESIAN_POINT ( 'NONE',  ( -11.32000000000000000, -3.000000000000000000, 8.140529726485098600 ) ) ;
#467 = CARTESIAN_POINT ( 'NONE',  ( -11.32000000000000000, 2.999999999999999600, 8.140529726485102200 ) ) ;
#468 = CARTESIAN_POINT ( 'NONE',  ( -8.520000000000001400, -1.300000000000000000, 2.940025210376026700 ) ) ;
#469 = CARTESIAN_POINT ( 'NONE',  ( -8.520000000000001400, 2.100000000000000100, 2.940025210376026700 ) ) ;
#470 = CARTESIAN_POINT ( 'NONE',  ( -5.870000000000001000, 1.149999999999999900, 2.940025210376027200 ) ) ;
#471 = CARTESIAN_POINT ( 'NONE',  ( -5.870000000000001000, 1.149999999999999900, 2.440025210376026700 ) ) ;
#472 = CARTESIAN_POINT ( 'NONE',  ( -5.870000000000001000, -3.799999999999999800, 2.940025210376027200 ) ) ;
#473 = CARTESIAN_POINT ( 'NONE',  ( -5.870000000000001000, -2.100000000000000100, 2.940025210376027200 ) ) ;
#474 = CARTESIAN_POINT ( 'NONE',  ( -5.870000000000001000, -2.100000000000000100, 2.440025210376026700 ) ) ;
#475 = CARTESIAN_POINT ( 'NONE',  ( -10.52000000000000000, 2.999999999999999600, 2.940025210376026700 ) ) ;
#476 = CARTESIAN_POINT ( 'NONE',  ( -10.52000000000000000, 3.799999999999999400, 2.940025210376026700 ) ) ;
#477 = CARTESIAN_POINT ( 'NONE',  ( -8.520000000000001400, 2.100000000000000100, 2.440025210376026700 ) ) ;
#478 = CARTESIAN_POINT ( 'NONE',  ( -8.520000000000001400, 1.300000000000000000, 2.440025210376026700 ) ) ;
#479 = CARTESIAN_POINT ( 'NONE',  ( -5.870000000000001000, 1.300000000000000000, 2.940025210376027200 ) ) ;
#480 = CARTESIAN_POINT ( 'NONE',  ( -11.82000000000000000, 3.799999999999999400, 8.140529726485102200 ) ) ;
#481 = CARTESIAN_POINT ( 'NONE',  ( -10.52000000000000000, -3.799999999999999800, 2.440025210376026700 ) ) ;
#482 = CARTESIAN_POINT ( 'NONE',  ( -8.520000000000001400, -2.100000000000000100, 2.440025210376026700 ) ) ;
#483 = CARTESIAN_POINT ( 'NONE',  ( -11.82000000000000000, 3.600000000000001400, 8.690025210376026300 ) ) ;
#484 = CARTESIAN_POINT ( 'NONE',  ( -5.870000000000001000, -3.799999999999999800, 2.440025210376026700 ) ) ;
#485 = CARTESIAN_POINT ( 'NONE',  ( -5.870000000000001000, -3.949999999999999700, 2.940025210376027200 ) ) ;
#486 = CARTESIAN_POINT ( 'NONE',  ( -10.52000000000000000, -3.000000000000000000, 2.440025210376026700 ) ) ;
#487 = CARTESIAN_POINT ( 'NONE',  ( -10.52000000000000000, 0.4000000000000000200, 2.440025210376026700 ) ) ;
#488 = CARTESIAN_POINT ( 'NONE',  ( -5.870000000000001000, -3.949999999999999700, 2.440025210376026700 ) ) ;
#489 = CARTESIAN_POINT ( 'NONE',  ( -8.520000000000001400, -2.100000000000000100, 2.940025210376026700 ) ) ;
#490 = CARTESIAN_POINT ( 'NONE',  ( -5.870000000000001000, -0.4000000000000000200, 2.940025210376027200 ) ) ;
#491 = CARTESIAN_POINT ( 'NONE',  ( -5.870000000000001000, -2.250000000000000000, 2.940025210376027200 ) ) ;
#492 = CARTESIAN_POINT ( 'NONE',  ( -8.520000000000001400, -1.300000000000000000, 2.440025210376026700 ) ) ;
#493 = CARTESIAN_POINT ( 'NONE',  ( -10.52000000000000000, 0.4000000000000000200, 2.940025210376026700 ) ) ;
#494 = CARTESIAN_POINT ( 'NONE',  ( -5.870000000000001000, -2.250000000000000000, 2.440025210376026700 ) ) ;
#495 = CARTESIAN_POINT ( 'NONE',  ( -10.52000000000000000, -0.4000000000000000200, 2.940025210376026700 ) ) ;
#496 = CARTESIAN_POINT ( 'NONE',  ( -5.870000000000001000, -0.5500000000000000400, 2.440025210376026700 ) ) ;
#497 = CARTESIAN_POINT ( 'NONE',  ( -5.870000000000001000, -0.4000000000000000200, 2.440025210376026700 ) ) ;
#498 = CARTESIAN_POINT ( 'NONE',  ( -8.520000000000001400, 1.300000000000000000, 2.940025210376026700 ) ) ;
#499 = CARTESIAN_POINT ( 'NONE',  ( -10.52000000000000000, -0.4000000000000000200, 2.440025210376026700 ) ) ;
#500 = CARTESIAN_POINT ( 'NONE',  ( -5.870000000000001000, -0.5500000000000000400, 2.940025210376027200 ) ) ;
#501 = CARTESIAN_POINT ( 'NONE',  ( -4.570000000000001200, 3.949999999999999700, 2.440025210376026700 ) ) ;
#502 = CARTESIAN_POINT ( 'NONE',  ( -4.570000000000000300, 1.149999999999999900, 2.440025210376026700 ) ) ;
#503 = CARTESIAN_POINT ( 'NONE',  ( -4.570000000000001200, -2.250000000000000000, 2.940025210376027200 ) ) ;
#504 = CARTESIAN_POINT ( 'NONE',  ( -4.570000000000001200, 0.5500000000000000400, 2.940025210376027200 ) ) ;
#505 = CARTESIAN_POINT ( 'NONE',  ( -4.570000000000001200, 2.849999999999999600, 2.940025210376027200 ) ) ;
#506 = CARTESIAN_POINT ( 'NONE',  ( -4.570000000000000300, 2.849999999999999600, 2.440025210376026700 ) ) ;
#507 = CARTESIAN_POINT ( 'NONE',  ( -3.049999999999999800, -4.165000000000000000, 0.009999999999999955100 ) ) ;
#508 = CARTESIAN_POINT ( 'NONE',  ( -4.570000000000000300, -0.5500000000000001600, 2.440025210376026700 ) ) ;
#509 = CARTESIAN_POINT ( 'NONE',  ( -4.570000000000000300, 4.851616382157367000, 2.410000000000000100 ) ) ;
#510 = CARTESIAN_POINT ( 'NONE',  ( -4.570000000000001200, 2.250000000000000400, 2.940025210376027200 ) ) ;
#511 = CARTESIAN_POINT ( 'NONE',  ( -4.570000000000001200, 1.149999999999999900, 2.940025210376027200 ) ) ;
#512 = CARTESIAN_POINT ( 'NONE',  ( -4.570000000000001200, 2.250000000000000400, 2.440025210376026700 ) ) ;
#513 = CARTESIAN_POINT ( 'NONE',  ( 4.570000000000000300, 4.969988858121352500, 1.270000000000000000 ) ) ;
#514 = CARTESIAN_POINT ( 'NONE',  ( -4.570000000000000300, 4.852773392968223300, 2.410050420752053200 ) ) ;
#515 = CARTESIAN_POINT ( 'NONE',  ( -4.570000000000001200, 3.949999999999999700, 2.940025210376027200 ) ) ;
#516 = CARTESIAN_POINT ( 'NONE',  ( -4.570000000000001200, -2.849999999999999200, 2.940025210376027200 ) ) ;
#517 = CARTESIAN_POINT ( 'NONE',  ( -4.570000000000000300, -3.949999999999999700, 2.440025210376026700 ) ) ;
#518 = CARTESIAN_POINT ( 'NONE',  ( -4.570000000000001200, -4.803784152637918600, 2.970000000000000600 ) ) ;
#519 = CARTESIAN_POINT ( 'NONE',  ( -4.570000000000001200, -2.849999999999999200, 2.440025210376026700 ) ) ;
#520 = CARTESIAN_POINT ( 'NONE',  ( -4.570000000000001200, -3.949999999999999700, 2.940025210376027200 ) ) ;
#521 = CARTESIAN_POINT ( 'NONE',  ( -5.870000000000001000, -1.300000000000000000, 2.440025210376026700 ) ) ;
#522 = CARTESIAN_POINT ( 'NONE',  ( -4.570000000000000300, -4.851616382157368800, 2.410000000000000100 ) ) ;
#523 = CARTESIAN_POINT ( 'NONE',  ( -4.570000000000001200, -0.5500000000000000400, 2.940025210376027200 ) ) ;
#524 = CARTESIAN_POINT ( 'NONE',  ( -4.570000000000000300, -4.852773392968225100, 2.410050420752048800 ) ) ;
#525 = CARTESIAN_POINT ( 'NONE',  ( -4.570000000000001200, 4.803784152637917700, 2.970000000000000600 ) ) ;
#526 = CARTESIAN_POINT ( 'NONE',  ( -5.870000000000001000, -1.300000000000000000, 2.940025210376027200 ) ) ;
#527 = CARTESIAN_POINT ( 'NONE',  ( -4.000000000000000000, -4.286263797015737100E-016, 4.390000000000000600 ) ) ;
#528 = CARTESIAN_POINT ( 'NONE',  ( -3.050000000000000300, -4.286263797015737100E-016, 4.339999999999999000 ) ) ;
#529 = CARTESIAN_POINT ( 'NONE',  ( -3.000000000000000000, -3.643324227463376500E-016, 4.390000000000000600 ) ) ;
#530 = CARTESIAN_POINT ( 'NONE',  ( -5.870000000000001000, 2.250000000000000400, 2.440025210376026700 ) ) ;
#531 = CARTESIAN_POINT ( 'NONE',  ( -4.049999999999999800, -4.286263797015737100E-016, 4.440000000000000400 ) ) ;
#532 = CARTESIAN_POINT ( 'NONE',  ( -5.870000000000001000, -1.149999999999999700, 2.440025210376026700 ) ) ;
#533 = CARTESIAN_POINT ( 'NONE',  ( -5.870000000000001000, 2.100000000000000100, 2.440025210376026700 ) ) ;
#534 = CARTESIAN_POINT ( 'NONE',  ( -2.950000000000000200, -3.612708057484692600E-016, 4.440000000000000400 ) ) ;
#535 = CARTESIAN_POINT ( 'NONE',  ( -3.950000000000000200, -3.704556567420744200E-016, 4.339999999999999000 ) ) ;
#536 = CARTESIAN_POINT ( 'NONE',  ( -5.870000000000001000, 2.250000000000000400, 2.940025210376027200 ) ) ;
#537 = CARTESIAN_POINT ( 'NONE',  ( -5.870000000000001000, -2.849999999999999200, 2.440025210376026700 ) ) ;
#538 = CARTESIAN_POINT ( 'NONE',  ( -5.870000000000001000, -1.149999999999999700, 2.940025210376027200 ) ) ;
#539 = CARTESIAN_POINT ( 'NONE',  ( -5.870000000000001000, -3.000000000000000000, 2.440025210376026700 ) ) ;
#540 = CARTESIAN_POINT ( 'NONE',  ( -5.870000000000001000, -3.000000000000000000, 2.940025210376027200 ) ) ;
#541 = CARTESIAN_POINT ( 'NONE',  ( -5.870000000000001000, 0.4000000000000000200, 2.440025210376026700 ) ) ;
#542 = CARTESIAN_POINT ( 'NONE',  ( -5.870000000000001000, 0.5500000000000000400, 2.440025210376026700 ) ) ;
#543 = CARTESIAN_POINT ( 'NONE',  ( -5.870000000000001000, -2.849999999999999200, 2.940025210376027200 ) ) ;
#544 = CARTESIAN_POINT ( 'NONE',  ( -5.870000000000001000, 0.4000000000000000200, 2.940025210376027200 ) ) ;
#545 = CARTESIAN_POINT ( 'NONE',  ( -5.870000000000001000, 3.799999999999999400, 2.440025210376026700 ) ) ;
#546 = CARTESIAN_POINT ( 'NONE',  ( -5.870000000000001000, 3.949999999999999700, 2.440025210376026700 ) ) ;
#547 = CARTESIAN_POINT ( 'NONE',  ( -5.870000000000001000, 0.5500000000000000400, 2.940025210376027200 ) ) ;
#548 = CARTESIAN_POINT ( 'NONE',  ( -5.870000000000001000, 3.799999999999999400, 2.940025210376027200 ) ) ;
#549 = CARTESIAN_POINT ( 'NONE',  ( -4.570000000000001200, -1.149999999999999700, 2.940025210376027200 ) ) ;
#550 = CARTESIAN_POINT ( 'NONE',  ( -4.570000000000001200, -1.149999999999999700, 2.440025210376026700 ) ) ;
#551 = CARTESIAN_POINT ( 'NONE',  ( -5.870000000000001000, 3.949999999999999700, 2.940025210376027200 ) ) ;
#552 = CARTESIAN_POINT ( 'NONE',  ( -4.570000000000001200, 0.5500000000000000400, 2.440025210376026700 ) ) ;
#553 = CARTESIAN_POINT ( 'NONE',  ( -4.570000000000000300, -2.249999999999999600, 2.440025210376026700 ) ) ;
#554 = CARTESIAN_POINT ( 'NONE',  ( -5.870000000000001000, 2.100000000000000100, 2.940025210376027200 ) ) ;
#555 = CARTESIAN_POINT ( 'NONE',  ( 4.570000000000000300, -4.952801416051792100, 1.280000000000000000 ) ) ;
#556 = CARTESIAN_POINT ( 'NONE',  ( -4.569994729596271700, 4.804941187614031300, 2.970050144541901200 ) ) ;
#557 = CARTESIAN_POINT ( 'NONE',  ( -4.443000000000000500, -4.930883185289685500, 2.974412991360006600 ) ) ;
#558 = CARTESIAN_POINT ( 'NONE',  ( 4.570000000000000300, 4.952801416051791300, 1.280000000000000000 ) ) ;
#559 = CARTESIAN_POINT ( 'NONE',  ( -4.427449741245395900, -4.686286877522606500, 4.326275114834992100 ) ) ;
#560 = CARTESIAN_POINT ( 'NONE',  ( -4.442999999999999600, -4.978712224875971000, 2.427724567297892700 ) ) ;
#561 = CARTESIAN_POINT ( 'NONE',  ( -4.301145460533627200, -4.686286877522607400, 4.440000000000000400 ) ) ;
#562 = CARTESIAN_POINT ( 'NONE',  ( 4.123519302934648000, 4.812803604180258400, 4.324068779328951200 ) ) ;
#563 = CARTESIAN_POINT ( 'NONE',  ( -4.322475264523718300, -5.080000000000000100, 1.269939528898792200 ) ) ;
#564 = CARTESIAN_POINT ( 'NONE',  ( 5.970000000000001500, -3.580000000000000100, 0.0000000000000000000 ) ) ;
#565 = CARTESIAN_POINT ( 'NONE',  ( -3.049999999999999800, -4.165000000000000000, -4.573977915173221800E-017 ) ) ;
#566 = CARTESIAN_POINT ( 'NONE',  ( -3.049999999999998900, 4.165000000000000000, -4.573977915173221800E-017 ) ) ;
#567 = CARTESIAN_POINT ( 'NONE',  ( 4.570000000000000300, 4.165000000000000000, 9.656175598699023900E-017 ) ) ;
#568 = CARTESIAN_POINT ( 'NONE',  ( 4.123519302934647100, -4.812803604180258400, 4.324068779328951200 ) ) ;
#569 = CARTESIAN_POINT ( 'NONE',  ( -11.32000000000000000, -3.799999999999999800, 3.740025210376027000 ) ) ;
#570 = CARTESIAN_POINT ( 'NONE',  ( -4.301145460533625500, -4.812803604180258400, 4.324068779328952100 ) ) ;
#571 = CARTESIAN_POINT ( 'NONE',  ( 4.123519302934648000, 4.686286877522607400, 4.439999999999999500 ) ) ;
#572 = CARTESIAN_POINT ( 'NONE',  ( -9.820000000000002100, -1.300000000000000000, 8.140529726485100400 ) ) ;
#573 = CARTESIAN_POINT ( 'NONE',  ( -11.32000000000000000, -3.199999999999998800, 8.690025210376026300 ) ) ;
#574 = CARTESIAN_POINT ( 'NONE',  ( -4.569994729596273500, -4.804941187614030400, 2.970050144541897200 ) ) ;
#575 = CARTESIAN_POINT ( 'NONE',  ( -4.442999999999999600, 4.978712224875971000, 2.427724567297893500 ) ) ;
#576 = FILL_AREA_STYLE_COLOUR ( '', #381 ) ;
#577 = FILL_AREA_STYLE ('',( #576 ) ) ;
#578 = SURFACE_SIDE_STYLE ('',( #382 ) ) ;
#579 = SURFACE_STYLE_USAGE ( .BOTH. , #578 ) ;
#580 =( LENGTH_UNIT ( ) NAMED_UNIT ( * ) SI_UNIT ( .MILLI., .METRE. ) );
#581 =( NAMED_UNIT ( * ) PLANE_ANGLE_UNIT ( ) SI_UNIT ( $, .RADIAN. ) );
#582 =( NAMED_UNIT ( * ) SI_UNIT ( $, .STERADIAN. ) SOLID_ANGLE_UNIT ( ) );
#583 = CARTESIAN_POINT ( 'NONE',  ( 4.444514866434798400, -5.080000000000000100, 1.269999999999863200 ) ) ;
#584 = CARTESIAN_POINT ( 'NONE',  ( -4.322475264523718300, 5.080000000000000100, 1.269939528898792200 ) ) ;
#585 = CARTESIAN_POINT ( 'NONE',  ( 4.249823583646418400, 4.686286877522607400, 4.326275114834990300 ) ) ;
#586 = CARTESIAN_POINT ( 'NONE',  ( -4.443000000000000500, 4.930883185289684600, 2.974412991360014600 ) ) ;
#587 = CARTESIAN_POINT ( 'NONE',  ( 4.123519302934648000, -4.686286877522607400, 4.439999999999999500 ) ) ;
#588 = CARTESIAN_POINT ( 'NONE',  ( -4.301145460533627200, 4.686286877522607400, 4.440000000000000400 ) ) ;
#589 = CARTESIAN_POINT ( 'NONE',  ( -4.321318244705857100, -5.080000000000000100, 1.269999999999864100 ) ) ;
#590 = CARTESIAN_POINT ( 'NONE',  ( -4.190050283857818400, -5.080000000000000100, 0.01000000000000002600 ) ) ;
#591 = CARTESIAN_POINT ( 'NONE',  ( 4.570000000000000300, -5.080000000000000100, 0.009999999999999998500 ) ) ;
#592 = CARTESIAN_POINT ( 'NONE',  ( 5.970000000000000600, 3.580000000000000100, 1.270000000000000000 ) ) ;
#593 = CARTESIAN_POINT ( 'NONE',  ( 4.570000000000000300, -4.969988858121349800, 1.270000000000000000 ) ) ;
#594 = CARTESIAN_POINT ( 'NONE',  ( -4.317749835362384700, 4.953000000000000300, 0.01000000000000002600 ) ) ;
#595 = CARTESIAN_POINT ( 'NONE',  ( 5.970000000000001500, -3.580000000000000100, 1.270000000000000000 ) ) ;
#596 = CARTESIAN_POINT ( 'NONE',  ( -3.049999999999998900, 4.165000000000000000, 0.009999999999999955100 ) ) ;
#597 = CARTESIAN_POINT ( 'NONE',  ( 4.249823583646418400, -4.686286877522609200, 4.326275114834990300 ) ) ;
#598 = CARTESIAN_POINT ( 'NONE',  ( -4.448203104352370700, 4.953000000000000300, 1.251179945415499300 ) ) ;
#599 = CARTESIAN_POINT ( 'NONE',  ( 4.444514866434800200, 5.080000000000000100, 1.269999999999863200 ) ) ;
#600 = CARTESIAN_POINT ( 'NONE',  ( -4.301145460533626300, 4.812803604180258400, 4.324068779328952100 ) ) ;
#601 = CARTESIAN_POINT ( 'NONE',  ( -5.870000000000001000, 2.849999999999999600, 2.440025210376026700 ) ) ;
#602 = CARTESIAN_POINT ( 'NONE',  ( 4.569999999999999400, -4.165000000000000000, 9.656175598699023900E-017 ) ) ;
#603 = CARTESIAN_POINT ( 'NONE',  ( -5.870000000000001000, 2.849999999999999600, 2.940025210376027200 ) ) ;
#604 = CARTESIAN_POINT ( 'NONE',  ( 4.570000000000000300, 5.080000000000000100, 0.009999999999999998500 ) ) ;
#605 = CARTESIAN_POINT ( 'NONE',  ( -4.190050283857818400, 5.080000000000000100, 0.01000000000000002600 ) ) ;
#606 = CARTESIAN_POINT ( 'NONE',  ( 5.970000000000000600, 3.580000000000000100, 0.0000000000000000000 ) ) ;
#607 = CARTESIAN_POINT ( 'NONE',  ( -4.427449741245395900, 4.686286877522608300, 4.326275114834992100 ) ) ;
#608 = CARTESIAN_POINT ( 'NONE',  ( 4.570000000000000300, -5.080000000000000100, 0.0000000000000000000 ) ) ;
#609 = CARTESIAN_POINT ( 'NONE',  ( 5.170000000000000800, -5.080000000000000100, 1.270000000000000000 ) ) ;
#610 = CARTESIAN_POINT ( 'NONE',  ( 5.169999999999999900, 5.080000000000000100, 0.0000000000000000000 ) ) ;
#611 = CARTESIAN_POINT ( 'NONE',  ( -4.321318244705858000, 5.080000000000000100, 1.269999999999864100 ) ) ;
#612 = CARTESIAN_POINT ( 'NONE',  ( -10.52000000000000000, 2.999999999999999600, 2.440025210376026700 ) ) ;
#613 = CARTESIAN_POINT ( 'NONE',  ( 4.570000000000000300, -4.164999999999999100, 0.009999999999999998500 ) ) ;
#614 = CARTESIAN_POINT ( 'NONE',  ( -5.870000000000001000, 2.999999999999999600, 2.940025210376027200 ) ) ;
#615 = CARTESIAN_POINT ( 'NONE',  ( 5.169999999999999900, 5.080000000000000100, 1.270000000000000000 ) ) ;
#616 = CARTESIAN_POINT ( 'NONE',  ( -4.317749835362384700, -4.953000000000000300, 0.01000000000000002600 ) ) ;
#617 = CARTESIAN_POINT ( 'NONE',  ( 4.570000000000000300, 5.080000000000000100, 0.0000000000000000000 ) ) ;
#618 = CARTESIAN_POINT ( 'NONE',  ( 4.570000000000000300, 4.165000000000000000, 0.009999999999999998500 ) ) ;
#619 = CARTESIAN_POINT ( 'NONE',  ( -5.870000000000001000, 2.999999999999999600, 2.440025210376026700 ) ) ;
#620 = CARTESIAN_POINT ( 'NONE',  ( -5.870000000000001000, 1.300000000000000000, 2.440025210376026700 ) ) ;
#621 = CARTESIAN_POINT ( 'NONE',  ( -10.52000000000000000, 3.799999999999999400, 2.440025210376026700 ) ) ;
#622 = CARTESIAN_POINT ( 'NONE',  ( 5.170000000000000800, -5.080000000000000100, 0.0000000000000000000 ) ) ;
#623 = CARTESIAN_POINT ( 'NONE',  ( -4.448203104352370700, -4.953000000000000300, 1.251179945415500800 ) ) ;
#624 = CARTESIAN_POINT ( 'NONE',  ( -9.320000000000002100, -1.300000000000000000, 3.740025210376027400 ) ) ;
#625 = CARTESIAN_POINT ( 'NONE',  ( -9.320000000000002100, -2.100000000000000100, 8.140529726485098600 ) ) ;
#626 = CARTESIAN_POINT ( 'NONE',  ( -9.320000000000002100, -1.299999999999999800, 8.140529726485098600 ) ) ;
#627 = CARTESIAN_POINT ( 'NONE',  ( -9.820000000000002100, -2.100000000000000100, 3.740025210376027400 ) ) ;
#628 = CARTESIAN_POINT ( 'NONE',  ( -9.320000000000002100, -1.899999999999999700, 8.690025210376029800 ) ) ;
#629 = CARTESIAN_POINT ( 'NONE',  ( -9.320000000000002100, -1.500000000000000000, 8.690025210376029800 ) ) ;
#630 = CARTESIAN_POINT ( 'NONE',  ( -9.820000000000002100, -2.100000000000001000, 8.140529726485091500 ) ) ;
#631 = CARTESIAN_POINT ( 'NONE',  ( -9.320000000000002100, -2.100000000000000100, 3.740025210376027400 ) ) ;
#632 = DIRECTION ( 'NONE',  ( 0.0000000000000000000, 0.0000000000000000000, -1.000000000000000000 ) ) ;
#633 = CARTESIAN_POINT ( 'NONE',  ( -5.870000000000001000, 1.149999999999999900, 2.940025210376027200 ) ) ;
#634 = DIRECTION ( 'NONE',  ( -0.0000000000000000000, -1.000000000000000000, -0.0000000000000000000 ) ) ;
#635 = CARTESIAN_POINT ( 'NONE',  ( -5.870000000000001000, 2.849999999999999600, 2.940025210376027200 ) ) ;
#636 = CARTESIAN_POINT ( 'NONE',  ( -5.870000000000001000, 3.949999999999999700, 2.940025210376027200 ) ) ;
#637 = CARTESIAN_POINT ( 'NONE',  ( -8.520000000000001400, 2.100000000000000100, 2.440025210376026700 ) ) ;
#638 = CARTESIAN_POINT ( 'NONE',  ( -4.301145460533627200, 4.686286877522607400, 4.312999999999999700 ) ) ;
#639 = DIRECTION ( 'NONE',  ( 1.000000000000000000, -6.855708022982948800E-015, -0.0000000000000000000 ) ) ;
#640 = DIRECTION ( 'NONE',  ( -6.829619984160636900E-015, -1.000000000000000000, 0.0000000000000000000 ) ) ;
#641 = CARTESIAN_POINT ( 'NONE',  ( -5.870000000000001000, 2.999999999999999600, 2.440025210376026700 ) ) ;
#642 = DIRECTION ( 'NONE',  ( -0.0000000000000000000, -1.000000000000000000, -0.0000000000000000000 ) ) ;
#643 = CARTESIAN_POINT ( 'NONE',  ( -10.52000000000000000, 0.4000000000000000200, 2.440025210376026700 ) ) ;
#644 = DIRECTION ( 'NONE',  ( 0.0000000000000000000, 0.0000000000000000000, -1.000000000000000000 ) ) ;
#645 = CARTESIAN_POINT ( 'NONE',  ( -10.52000000000000000, 3.799999999999999400, 2.440025210376026700 ) ) ;
#646 = DIRECTION ( 'NONE',  ( -1.000000000000000000, 0.0000000000000000000, 0.0000000000000000000 ) ) ;
#647 = CARTESIAN_POINT ( 'NONE',  ( -5.870000000000001000, -0.4000000000000000200, 2.440025210376026700 ) ) ;
#648 = DIRECTION ( 'NONE',  ( -0.0000000000000000000, -1.000000000000000000, -0.0000000000000000000 ) ) ;
#649 = CARTESIAN_POINT ( 'NONE',  ( -4.570000000000001200, 2.250000000000000400, 2.940025210376027200 ) ) ;
#650 = DIRECTION ( 'NONE',  ( -0.0000000000000000000, -1.000000000000000000, -0.0000000000000000000 ) ) ;
#651 = CARTESIAN_POINT ( 'NONE',  ( -4.570000000000001200, 2.250000000000000400, 2.440025210376026700 ) ) ;
#652 = DIRECTION ( 'NONE',  ( -1.000000000000000000, 0.0000000000000000000, 0.0000000000000000000 ) ) ;
#653 = CARTESIAN_POINT ( 'NONE',  ( -4.570000000000001200, -0.5500000000000000400, 2.440025210376026700 ) ) ;
#654 = DIRECTION ( 'NONE',  ( -1.000000000000000000, 0.0000000000000000000, 0.0000000000000000000 ) ) ;
#655 = DIRECTION ( 'NONE',  ( -1.000000000000000000, 0.0000000000000000000, 0.0000000000000000000 ) ) ;
#656 = CARTESIAN_POINT ( 'NONE',  ( -10.52000000000000000, 3.799999999999999400, 2.940025210376026700 ) ) ;
#657 = DIRECTION ( 'NONE',  ( -1.000000000000000000, 0.0000000000000000000, 0.0000000000000000000 ) ) ;
#658 = DIRECTION ( 'NONE',  ( -1.000000000000000000, 0.0000000000000000000, 0.0000000000000000000 ) ) ;
#659 = CARTESIAN_POINT ( 'NONE',  ( -3.500000000000000000, -4.286263797015737100E-016, 4.339999999999999000 ) ) ;
#660 = DIRECTION ( 'NONE',  ( 0.0000000000000000000, 0.0000000000000000000, 1.000000000000000000 ) ) ;
#661 = DIRECTION ( 'NONE',  ( 1.000000000000000000, 0.0000000000000000000, 0.0000000000000000000 ) ) ;
#662 = CARTESIAN_POINT ( 'NONE',  ( -5.870000000000001000, 2.999999999999999600, 2.940025210376027200 ) ) ;
#663 = CARTESIAN_POINT ( 'NONE',  ( -4.570000000000001200, 1.149999999999999900, 2.440025210376026700 ) ) ;
#664 = CARTESIAN_POINT ( 'NONE',  ( 4.123519302934648000, 4.686286877522607400, 4.312999999999998800 ) ) ;
#665 = DIRECTION ( 'NONE',  ( 1.000000000000000000, 0.0000000000000000000, 0.0000000000000000000 ) ) ;
#666 = DIRECTION ( 'NONE',  ( 0.0000000000000000000, 0.0000000000000000000, -1.000000000000000000 ) ) ;
#667 = DIRECTION ( 'NONE',  ( -1.000000000000000000, 0.0000000000000000000, 0.0000000000000000000 ) ) ;
#668 = DIRECTION ( 'NONE',  ( -1.000000000000000000, 0.0000000000000000000, 0.0000000000000000000 ) ) ;
#669 = DIRECTION ( 'NONE',  ( -0.0000000000000000000, -1.000000000000000000, -0.0000000000000000000 ) ) ;
#670 = CARTESIAN_POINT ( 'NONE',  ( -5.870000000000001000, 0.5500000000000000400, 2.440025210376026700 ) ) ;
#671 = CARTESIAN_POINT ( 'NONE',  ( -4.570000000000001200, 3.949999999999999700, 2.940025210376027200 ) ) ;
#672 = DIRECTION ( 'NONE',  ( -0.0000000000000000000, -1.000000000000000000, -0.0000000000000000000 ) ) ;
#673 = CARTESIAN_POINT ( 'NONE',  ( -5.870000000000001000, 2.100000000000000100, 2.440025210376026700 ) ) ;
#674 = CARTESIAN_POINT ( 'NONE',  ( -4.570000000000001200, 1.149999999999999900, 2.940025210376027200 ) ) ;
#675 = CARTESIAN_POINT ( 'NONE',  ( 4.123519302934648000, 4.686286877522607400, 4.312999999999998800 ) ) ;
#676 = DIRECTION ( 'NONE',  ( 0.0000000000000000000, 1.000000000000000000, 0.0000000000000000000 ) ) ;
#677 = DIRECTION ( 'NONE',  ( 0.0000000000000000000, 0.0000000000000000000, 1.000000000000000000 ) ) ;
#678 = CARTESIAN_POINT ( 'NONE',  ( -5.870000000000001000, 3.799999999999999400, 2.940025210376027200 ) ) ;
#679 = DIRECTION ( 'NONE',  ( -1.000000000000000000, 0.0000000000000000000, 0.0000000000000000000 ) ) ;
#680 = CARTESIAN_POINT ( 'NONE',  ( -4.570000000000001200, 3.949999999999999700, 2.440025210376026700 ) ) ;
#681 = CARTESIAN_POINT ( 'NONE',  ( -5.870000000000001000, 2.999999999999999600, 2.440025210376026700 ) ) ;
#682 = DIRECTION ( 'NONE',  ( -1.000000000000000000, 0.0000000000000000000, 0.0000000000000000000 ) ) ;
#683 = DIRECTION ( 'NONE',  ( -1.000000000000000000, 0.0000000000000000000, 0.0000000000000000000 ) ) ;
#684 = CARTESIAN_POINT ( 'NONE',  ( -5.870000000000001000, 1.300000000000000000, 2.940025210376027200 ) ) ;
#685 = CARTESIAN_POINT ( 'NONE',  ( -5.870000000000001000, 3.949999999999999700, 2.440025210376026700 ) ) ;
#686 = DIRECTION ( 'NONE',  ( -1.000000000000000000, 0.0000000000000000000, -1.636531581110195200E-016 ) ) ;
#687 = DIRECTION ( 'NONE',  ( -1.000000000000000000, 0.0000000000000000000, -1.636531581110195200E-016 ) ) ;
#688 = CARTESIAN_POINT ( 'NONE',  ( -5.870000000000001000, 0.4000000000000000200, 2.440025210376026700 ) ) ;
#689 = DIRECTION ( 'NONE',  ( 0.0000000000000000000, 0.0000000000000000000, 1.000000000000000000 ) ) ;
#690 = CARTESIAN_POINT ( 'NONE',  ( -5.870000000000001000, 3.799999999999999400, 2.440025210376026700 ) ) ;
#691 = CARTESIAN_POINT ( 'NONE',  ( -4.570000000000001200, 2.849999999999999600, 2.940025210376027200 ) ) ;
#692 = DIRECTION ( 'NONE',  ( -1.000000000000000000, 0.0000000000000000000, 0.0000000000000000000 ) ) ;
#693 = DIRECTION ( 'NONE',  ( -0.0000000000000000000, -1.000000000000000000, -0.0000000000000000000 ) ) ;
#694 = DIRECTION ( 'NONE',  ( -1.000000000000000000, 0.0000000000000000000, 0.0000000000000000000 ) ) ;
#695 = DIRECTION ( 'NONE',  ( -0.0000000000000000000, -1.000000000000000000, -0.0000000000000000000 ) ) ;
#696 = DIRECTION ( 'NONE',  ( -1.000000000000000000, 0.0000000000000000000, 0.0000000000000000000 ) ) ;
#697 = CARTESIAN_POINT ( 'NONE',  ( -5.870000000000001000, 1.300000000000000000, 2.440025210376026700 ) ) ;
#698 = CARTESIAN_POINT ( 'NONE',  ( -5.870000000000001000, -0.4000000000000000200, 2.440025210376026700 ) ) ;
#699 = CARTESIAN_POINT ( 'NONE',  ( -5.870000000000001000, 2.250000000000000400, 2.440025210376026700 ) ) ;
#700 = CARTESIAN_POINT ( 'NONE',  ( 4.123519302934648000, 4.686286877522607400, 4.312999999999998800 ) ) ;
#701 = DIRECTION ( 'NONE',  ( 0.1041350224314024100, 0.08668189170242671100, -0.9907785558610462400 ) ) ;
#702 = DIRECTION ( 'NONE',  ( 0.9945218953682737300, 0.0000000000000000000, 0.1045284632676493200 ) ) ;
#703 = CARTESIAN_POINT ( 'NONE',  ( -5.870000000000001000, -2.100000000000000100, 2.440025210376026700 ) ) ;
#704 = DIRECTION ( 'NONE',  ( -1.000000000000000000, 0.0000000000000000000, -1.636531581110195200E-016 ) ) ;
#705 = CARTESIAN_POINT ( 'NONE',  ( -4.570000000000001200, 2.849999999999999600, 2.440025210376026700 ) ) ;
#706 = DIRECTION ( 'NONE',  ( -1.000000000000000000, 0.0000000000000000000, 0.0000000000000000000 ) ) ;
#707 = CARTESIAN_POINT ( 'NONE',  ( -5.870000000000001000, 1.300000000000000000, 2.440025210376026700 ) ) ;
#708 = DIRECTION ( 'NONE',  ( 0.0000000000000000000, 0.0000000000000000000, 1.000000000000000000 ) ) ;
#709 = CARTESIAN_POINT ( 'NONE',  ( -5.870000000000001000, 2.100000000000000100, 2.940025210376027200 ) ) ;
#710 = DIRECTION ( 'NONE',  ( -1.000000000000000000, 0.0000000000000000000, -1.636531581110195200E-016 ) ) ;
#711 = CARTESIAN_POINT ( 'NONE',  ( -5.870000000000001000, 2.250000000000000400, 2.940025210376027200 ) ) ;
#712 = DIRECTION ( 'NONE',  ( -0.0000000000000000000, -1.000000000000000000, -0.0000000000000000000 ) ) ;
#713 = CARTESIAN_POINT ( 'NONE',  ( -8.520000000000001400, 2.100000000000000100, 2.940025210376026700 ) ) ;
#714 = DIRECTION ( 'NONE',  ( -0.0000000000000000000, -1.000000000000000000, -0.0000000000000000000 ) ) ;
#715 = CARTESIAN_POINT ( 'NONE',  ( -5.870000000000001000, -0.5500000000000000400, 2.940025210376027200 ) ) ;
#716 = CARTESIAN_POINT ( 'NONE',  ( -4.570000000000001200, -0.5500000000000000400, 2.940025210376027200 ) ) ;
#717 = DIRECTION ( 'NONE',  ( 0.0000000000000000000, 0.0000000000000000000, -1.000000000000000000 ) ) ;
#718 = DIRECTION ( 'NONE',  ( 0.0000000000000000000, 0.0000000000000000000, 1.000000000000000000 ) ) ;
#719 = CARTESIAN_POINT ( 'NONE',  ( -5.870000000000001000, -3.799999999999999800, 2.440025210376026700 ) ) ;
#720 = DIRECTION ( 'NONE',  ( 0.0000000000000000000, 0.0000000000000000000, 1.000000000000000000 ) ) ;
#721 = CARTESIAN_POINT ( 'NONE',  ( -5.870000000000001000, -1.149999999999999700, 2.940025210376027200 ) ) ;
#722 = DIRECTION ( 'NONE',  ( -1.000000000000000000, 0.0000000000000000000, 0.0000000000000000000 ) ) ;
#723 = CARTESIAN_POINT ( 'NONE',  ( -10.52000000000000000, 0.4000000000000000200, 2.940025210376026700 ) ) ;
#724 = CARTESIAN_POINT ( 'NONE',  ( -4.570000000000001200, -1.149999999999999700, 2.440025210376026700 ) ) ;
#725 = DIRECTION ( 'NONE',  ( -0.0000000000000000000, -1.000000000000000000, -0.0000000000000000000 ) ) ;
#726 = DIRECTION ( 'NONE',  ( 0.0000000000000000000, 0.0000000000000000000, 1.000000000000000000 ) ) ;
#727 = CARTESIAN_POINT ( 'NONE',  ( -4.570000000000001200, -2.250000000000000000, 2.440025210376026700 ) ) ;
#728 = DIRECTION ( 'NONE',  ( -0.0000000000000000000, -1.000000000000000000, -0.0000000000000000000 ) ) ;
#729 = CARTESIAN_POINT ( 'NONE',  ( -5.870000000000001000, -1.300000000000000000, 2.440025210376026700 ) ) ;
#730 = DIRECTION ( 'NONE',  ( -1.000000000000000000, 0.0000000000000000000, 0.0000000000000000000 ) ) ;
#731 = LINE ( 'NONE', #697, #732 ) ;
#732 = VECTOR ( 'NONE', #704, 1000.000000000000000 ) ;
#733 = LINE ( 'NONE', #707, #737 ) ;
#734 = LINE ( 'NONE', #705, #735 ) ;
#735 = VECTOR ( 'NONE', #706, 1000.000000000000000 ) ;
#736 = LINE ( 'NONE', #709, #739 ) ;
#737 = VECTOR ( 'NONE', #708, 1000.000000000000000 ) ;
#738 = LINE ( 'NONE', #711, #741 ) ;
#739 = VECTOR ( 'NONE', #710, 1000.000000000000000 ) ;
#740 = LINE ( 'NONE', #713, #743 ) ;
#741 = VECTOR ( 'NONE', #712, 1000.000000000000000 ) ;
#742 = LINE ( 'NONE', #715, #745 ) ;
#743 = VECTOR ( 'NONE', #714, 1000.000000000000000 ) ;
#744 = LINE ( 'NONE', #703, #750 ) ;
#745 = VECTOR ( 'NONE', #717, 1000.000000000000000 ) ;
#746 = LINE ( 'NONE', #716, #752 ) ;
#747 = LINE ( 'NONE', #698, #748 ) ;
#748 = VECTOR ( 'NONE', #718, 1000.000000000000000 ) ;
#749 = LINE ( 'NONE', #719, #756 ) ;
#750 = VECTOR ( 'NONE', #720, 1000.000000000000000 ) ;
#751 = LINE ( 'NONE', #723, #754 ) ;
#752 = VECTOR ( 'NONE', #722, 1000.000000000000000 ) ;
#753 = LINE ( 'NONE', #721, #758 ) ;
#754 = VECTOR ( 'NONE', #725, 1000.000000000000000 ) ;
#755 = LINE ( 'NONE', #724, #760 ) ;
#756 = VECTOR ( 'NONE', #726, 1000.000000000000000 ) ;
#757 = LINE ( 'NONE', #727, #762 ) ;
#758 = VECTOR ( 'NONE', #728, 1000.000000000000000 ) ;
#759 = LINE ( 'NONE', #729, #764 ) ;
#760 = VECTOR ( 'NONE', #730, 1000.000000000000000 ) ;
#761 = LINE ( 'NONE', #1012, #766 ) ;
#762 = VECTOR ( 'NONE', #1013, 1000.000000000000000 ) ;
#763 = LINE ( 'NONE', #1014, #770 ) ;
#764 = VECTOR ( 'NONE', #1015, 1000.000000000000000 ) ;
#765 = LINE ( 'NONE', #1018, #768 ) ;
#766 = VECTOR ( 'NONE', #1017, 1000.000000000000000 ) ;
#767 = LINE ( 'NONE', #1016, #772 ) ;
#768 = VECTOR ( 'NONE', #1020, 1000.000000000000000 ) ;
#769 = LINE ( 'NONE', #1019, #774 ) ;
#770 = VECTOR ( 'NONE', #1021, 1000.000000000000000 ) ;
#771 = LINE ( 'NONE', #1022, #778 ) ;
#772 = VECTOR ( 'NONE', #1023, 1000.000000000000000 ) ;
#773 = LINE ( 'NONE', #1026, #776 ) ;
#774 = VECTOR ( 'NONE', #1025, 1000.000000000000000 ) ;
#775 = LINE ( 'NONE', #1024, #786 ) ;
#776 = VECTOR ( 'NONE', #1028, 1000.000000000000000 ) ;
#777 = LINE ( 'NONE', #1030, #780 ) ;
#778 = VECTOR ( 'NONE', #1029, 1000.000000000000000 ) ;
#779 = LINE ( 'NONE', #1032, #782 ) ;
#780 = VECTOR ( 'NONE', #1031, 1000.000000000000000 ) ;
#781 = LINE ( 'NONE', #1034, #784 ) ;
#782 = VECTOR ( 'NONE', #1033, 1000.000000000000000 ) ;
#783 = LINE ( 'NONE', #1027, #788 ) ;
#784 = VECTOR ( 'NONE', #1036, 1000.000000000000000 ) ;
#785 = LINE ( 'NONE', #1035, #790 ) ;
#786 = VECTOR ( 'NONE', #1037, 1000.000000000000000 ) ;
#787 = LINE ( 'NONE', #1038, #798 ) ;
#788 = VECTOR ( 'NONE', #1039, 1000.000000000000000 ) ;
#789 = LINE ( 'NONE', #1042, #792 ) ;
#790 = VECTOR ( 'NONE', #1041, 1000.000000000000000 ) ;
#791 = LINE ( 'NONE', #1044, #794 ) ;
#792 = VECTOR ( 'NONE', #1043, 1000.000000000000000 ) ;
#793 = LINE ( 'NONE', #1046, #796 ) ;
#794 = VECTOR ( 'NONE', #1045, 1000.000000000000000 ) ;
#795 = LINE ( 'NONE', #1040, #806 ) ;
#796 = VECTOR ( 'NONE', #1048, 1000.000000000000000 ) ;
#797 = LINE ( 'NONE', #1050, #800 ) ;
#798 = VECTOR ( 'NONE', #1049, 1000.000000000000000 ) ;
#799 = LINE ( 'NONE', #1052, #802 ) ;
#800 = VECTOR ( 'NONE', #1051, 1000.000000000000000 ) ;
#801 = LINE ( 'NONE', #1054, #804 ) ;
#802 = VECTOR ( 'NONE', #1053, 1000.000000000000000 ) ;
#803 = LINE ( 'NONE', #1047, #810 ) ;
#804 = VECTOR ( 'NONE', #1056, 1000.000000000000000 ) ;
#805 = LINE ( 'NONE', #1058, #808 ) ;
#806 = VECTOR ( 'NONE', #1057, 1000.000000000000000 ) ;
#807 = LINE ( 'NONE', #1055, #812 ) ;
#808 = VECTOR ( 'NONE', #1060, 1000.000000000000000 ) ;
#809 = LINE ( 'NONE', #1059, #818 ) ;
#810 = VECTOR ( 'NONE', #1061, 1000.000000000000000 ) ;
#811 = LINE ( 'NONE', #1064, #814 ) ;
#812 = VECTOR ( 'NONE', #1063, 1000.000000000000000 ) ;
#813 = LINE ( 'NONE', #1066, #816 ) ;
#814 = VECTOR ( 'NONE', #1065, 1000.000000000000000 ) ;
#815 = LINE ( 'NONE', #1062, #826 ) ;
#816 = VECTOR ( 'NONE', #1068, 1000.000000000000000 ) ;
#817 = LINE ( 'NONE', #1070, #820 ) ;
#818 = VECTOR ( 'NONE', #1069, 1000.000000000000000 ) ;
#819 = LINE ( 'NONE', #1072, #822 ) ;
#820 = VECTOR ( 'NONE', #1071, 1000.000000000000000 ) ;
#821 = LINE ( 'NONE', #1074, #824 ) ;
#822 = VECTOR ( 'NONE', #1073, 1000.000000000000000 ) ;
#823 = LINE ( 'NONE', #1067, #828 ) ;
#824 = VECTOR ( 'NONE', #1077, 1000.000000000000000 ) ;
#825 = LINE ( 'NONE', #1076, #848 ) ;
#826 = VECTOR ( 'NONE', #1078, 1000.000000000000000 ) ;
#827 = LINE ( 'NONE', #1081, #830 ) ;
#828 = VECTOR ( 'NONE', #1080, 1000.000000000000000 ) ;
#829 = LINE ( 'NONE', #1083, #832 ) ;
#830 = VECTOR ( 'NONE', #1082, 1000.000000000000000 ) ;
#831 = LINE ( 'NONE', #1085, #834 ) ;
#832 = VECTOR ( 'NONE', #1084, 1000.000000000000000 ) ;
#833 = LINE ( 'NONE', #1087, #836 ) ;
#834 = VECTOR ( 'NONE', #1086, 1000.000000000000000 ) ;
#835 = LINE ( 'NONE', #1089, #838 ) ;
#836 = VECTOR ( 'NONE', #1088, 1000.000000000000000 ) ;
#837 = LINE ( 'NONE', #1091, #840 ) ;
#838 = VECTOR ( 'NONE', #1090, 1000.000000000000000 ) ;
#839 = LINE ( 'NONE', #1093, #842 ) ;
#840 = VECTOR ( 'NONE', #1092, 1000.000000000000000 ) ;
#841 = LINE ( 'NONE', #1095, #844 ) ;
#842 = VECTOR ( 'NONE', #1094, 1000.000000000000000 ) ;
#843 = LINE ( 'NONE', #1097, #846 ) ;
#844 = VECTOR ( 'NONE', #1096, 1000.000000000000000 ) ;
#845 = LINE ( 'NONE', #1079, #852 ) ;
#846 = VECTOR ( 'NONE', #1099, 1000.000000000000000 ) ;
#847 = LINE ( 'NONE', #1101, #850 ) ;
#848 = VECTOR ( 'NONE', #1100, 1000.000000000000000 ) ;
#849 = LINE ( 'NONE', #1098, #862 ) ;
#850 = VECTOR ( 'NONE', #1103, 1000.000000000000000 ) ;
#851 = LINE ( 'NONE', #1105, #854 ) ;
#852 = VECTOR ( 'NONE', #1104, 1000.000000000000000 ) ;
#853 = LINE ( 'NONE', #1107, #856 ) ;
#854 = VECTOR ( 'NONE', #1106, 1000.000000000000000 ) ;
#855 = LINE ( 'NONE', #1109, #858 ) ;
#856 = VECTOR ( 'NONE', #1108, 1000.000000000000000 ) ;
#857 = LINE ( 'NONE', #1111, #860 ) ;
#858 = VECTOR ( 'NONE', #1110, 1000.000000000000000 ) ;
#859 = LINE ( 'NONE', #1102, #871 ) ;
#860 = VECTOR ( 'NONE', #1112, 1000.000000000000000 ) ;
#861 = LINE ( 'NONE', #1114, #864 ) ;
#862 = VECTOR ( 'NONE', #1113, 1000.000000000000000 ) ;
#863 = LINE ( 'NONE', #1116, #866 ) ;
#864 = VECTOR ( 'NONE', #1115, 1000.000000000000000 ) ;
#865 = LINE ( 'NONE', #1118, #868 ) ;
#866 = VECTOR ( 'NONE', #1117, 1000.000000000000000 ) ;
#867 = LINE ( 'NONE', #1120, #869 ) ;
#868 = VECTOR ( 'NONE', #1119, 1000.000000000000000 ) ;
#869 = VECTOR ( 'NONE', #1122, 1000.000000000000000 ) ;
#870 = LINE ( 'NONE', #1124, #873 ) ;
#871 = VECTOR ( 'NONE', #1123, 1000.000000000000000 ) ;
#872 = LINE ( 'NONE', #1126, #875 ) ;
#873 = VECTOR ( 'NONE', #1125, 1000.000000000000000 ) ;
#874 = LINE ( 'NONE', #1128, #877 ) ;
#875 = VECTOR ( 'NONE', #1127, 1000.000000000000000 ) ;
#876 = LINE ( 'NONE', #1137, #884 ) ;
#877 = VECTOR ( 'NONE', #1130, 1000.000000000000000 ) ;
#878 = LINE ( 'NONE', #1135, #879 ) ;
#879 = VECTOR ( 'NONE', #1136, 1000.000000000000100 ) ;
#880 = LINE ( 'NONE', #1141, #882 ) ;
#881 = LINE ( 'NONE', #1138, #890 ) ;
#882 = VECTOR ( 'NONE', #1143, 1000.000000000000000 ) ;
#883 = LINE ( 'NONE', #1145, #886 ) ;
#884 = VECTOR ( 'NONE', #1144, 1000.000000000000000 ) ;
#885 = LINE ( 'NONE', #1147, #888 ) ;
#886 = VECTOR ( 'NONE', #1146, 1000.000000000000000 ) ;
#887 = LINE ( 'NONE', #1142, #892 ) ;
#888 = VECTOR ( 'NONE', #1149, 1000.000000000000000 ) ;
#889 = LINE ( 'NONE', #1148, #899 ) ;
#890 = VECTOR ( 'NONE', #1150, 1000.000000000000000 ) ;
#891 = LINE ( 'NONE', #1153, #894 ) ;
#892 = VECTOR ( 'NONE', #1152, 1000.000000000000100 ) ;
#893 = LINE ( 'NONE', #1155, #896 ) ;
#894 = VECTOR ( 'NONE', #1154, 1000.000000000000000 ) ;
#895 = LINE ( 'NONE', #1157, #897 ) ;
#896 = VECTOR ( 'NONE', #1156, 1000.000000000000000 ) ;
#897 = VECTOR ( 'NONE', #1159, 1000.000000000000000 ) ;
#898 = LINE ( 'NONE', #1161, #901 ) ;
#899 = VECTOR ( 'NONE', #1160, 1000.000000000000000 ) ;
#900 = LINE ( 'NONE', #1163, #903 ) ;
#901 = VECTOR ( 'NONE', #1162, 1000.000000000000000 ) ;
#902 = LINE ( 'NONE', #1165, #905 ) ;
#903 = VECTOR ( 'NONE', #1164, 1000.000000000000000 ) ;
#904 = LINE ( 'NONE', #1167, #907 ) ;
#905 = VECTOR ( 'NONE', #1166, 1000.000000000000000 ) ;
#906 = LINE ( 'NONE', #1169, #908 ) ;
#907 = VECTOR ( 'NONE', #1168, 1000.000000000000000 ) ;
#908 = VECTOR ( 'NONE', #1171, 1000.000000000000000 ) ;
#909 = LINE ( 'NONE', #1176, #913 ) ;
#910 = LINE ( 'NONE', #1179, #912 ) ;
#911 = LINE ( 'NONE', #1175, #915 ) ;
#912 = VECTOR ( 'NONE', #1180, 1000.000000000000000 ) ;
#913 = VECTOR ( 'NONE', #1181, 1000.000000000000000 ) ;
#914 = LINE ( 'NONE', #1186, #921 ) ;
#915 = VECTOR ( 'NONE', #1183, 1000.000000000000000 ) ;
#916 = LINE ( 'NONE', #1189, #918 ) ;
#917 = LINE ( 'NONE', #1191, #920 ) ;
#918 = VECTOR ( 'NONE', #1190, 1000.000000000000000 ) ;
#919 = LINE ( 'NONE', #1185, #923 ) ;
#920 = VECTOR ( 'NONE', #1192, 1000.000000000000000 ) ;
#921 = VECTOR ( 'NONE', #1193, 1000.000000000000000 ) ;
#922 = LINE ( 'NONE', #1219, #937 ) ;
#923 = VECTOR ( 'NONE', #1195, 1000.000000000000000 ) ;
#924 = LINE ( 'NONE', #1201, #925 ) ;
#925 = VECTOR ( 'NONE', #1202, 1000.000000000000000 ) ;
#926 = LINE ( 'NONE', #1207, #928 ) ;
#927 = LINE ( 'NONE', #1209, #930 ) ;
#928 = VECTOR ( 'NONE', #1208, 1000.000000000000000 ) ;
#929 = LINE ( 'NONE', #1211, #932 ) ;
#930 = VECTOR ( 'NONE', #1210, 1000.000000000000000 ) ;
#931 = LINE ( 'NONE', #1213, #933 ) ;
#932 = VECTOR ( 'NONE', #1212, 1000.000000000000000 ) ;
#933 = VECTOR ( 'NONE', #1214, 1000.000000000000000 ) ;
#934 = CIRCLE ( 'NONE', #2391, 0.1270000000000003900 ) ;
#935 = LINE ( 'NONE', #1218, #939 ) ;
#936 = LINE ( 'NONE', #1228, #944 ) ;
#937 = VECTOR ( 'NONE', #1215, 1000.000000000000000 ) ;
#938 = LINE ( 'NONE', #1225, #941 ) ;
#939 = VECTOR ( 'NONE', #1224, 1000.000000000000000 ) ;
#940 = CIRCLE ( 'NONE', #1434, 0.5499999999999997100 ) ;
#941 = VECTOR ( 'NONE', #1226, 1000.000000000000000 ) ;
#942 = LINE ( 'NONE', #1227, #946 ) ;
#943 = LINE ( 'NONE', #1250, #962 ) ;
#944 = VECTOR ( 'NONE', #1223, 1000.000000000000000 ) ;
#945 = LINE ( 'NONE', #1234, #948 ) ;
#946 = VECTOR ( 'NONE', #1233, 1000.000000000000000 ) ;
#947 = LINE ( 'NONE', #1236, #950 ) ;
#948 = VECTOR ( 'NONE', #1235, 1000.000000000000100 ) ;
#949 = LINE ( 'NONE', #1238, #952 ) ;
#950 = VECTOR ( 'NONE', #1237, 1000.000000000000100 ) ;
#951 = LINE ( 'NONE', #1240, #954 ) ;
#952 = VECTOR ( 'NONE', #1239, 1000.000000000000100 ) ;
#953 = LINE ( 'NONE', #1242, #956 ) ;
#954 = VECTOR ( 'NONE', #1241, 1000.000000000000000 ) ;
#955 = LINE ( 'NONE', #1244, #958 ) ;
#956 = VECTOR ( 'NONE', #1243, 1000.000000000000000 ) ;
#957 = LINE ( 'NONE', #1246, #960 ) ;
#958 = VECTOR ( 'NONE', #1245, 1000.000000000000100 ) ;
#959 = CIRCLE ( 'NONE', #1435, 0.1269999999999998100 ) ;
#960 = VECTOR ( 'NONE', #1247, 1000.000000000000100 ) ;
#961 = LINE ( 'NONE', #1254, #969 ) ;
#962 = VECTOR ( 'NONE', #1232, 1000.000000000000000 ) ;
#963 = LINE ( 'NONE', #1258, #965 ) ;
#964 = LINE ( 'NONE', #1260, #967 ) ;
#965 = VECTOR ( 'NONE', #1259, 1000.000000000000000 ) ;
#966 = LINE ( 'NONE', #1255, #973 ) ;
#967 = VECTOR ( 'NONE', #1262, 1000.000000000000000 ) ;
#968 = LINE ( 'NONE', #1264, #971 ) ;
#969 = VECTOR ( 'NONE', #1263, 1000.000000000000000 ) ;
#970 = CIRCLE ( 'NONE', #1436, 0.1270000000000003900 ) ;
#971 = VECTOR ( 'NONE', #1266, 1000.000000000000100 ) ;
#972 = LINE ( 'NONE', #1268, #975 ) ;
#973 = VECTOR ( 'NONE', #1267, 1000.000000000000000 ) ;
#974 = LINE ( 'NONE', #1270, #976 ) ;
#975 = VECTOR ( 'NONE', #1269, 1000.000000000000000 ) ;
#976 = VECTOR ( 'NONE', #1271, 1000.000000000000000 ) ;
#977 = LINE ( 'NONE', #1274, #979 ) ;
#978 = LINE ( 'NONE', #1278, #982 ) ;
#979 = VECTOR ( 'NONE', #1276, 1000.000000000000000 ) ;
#980 = LINE ( 'NONE', #1294, #995 ) ;
#981 = LINE ( 'NONE', #1277, #984 ) ;
#982 = VECTOR ( 'NONE', #1275, 1000.000000000000000 ) ;
#983 = LINE ( 'NONE', #1284, #986 ) ;
#984 = VECTOR ( 'NONE', #1283, 1000.000000000000000 ) ;
#985 = LINE ( 'NONE', #1286, #988 ) ;
#986 = VECTOR ( 'NONE', #1285, 1000.000000000000000 ) ;
#987 = LINE ( 'NONE', #1288, #990 ) ;
#988 = VECTOR ( 'NONE', #1287, 1000.000000000000000 ) ;
#989 = LINE ( 'NONE', #1290, #992 ) ;
#990 = VECTOR ( 'NONE', #1289, 1000.000000000000100 ) ;
#991 = CIRCLE ( 'NONE', #1437, 0.1270000000000003900 ) ;
#992 = VECTOR ( 'NONE', #1291, 1000.000000000000100 ) ;
#993 = LINE ( 'NONE', #1292, #999 ) ;
#994 = LINE ( 'NONE', #1298, #997 ) ;
#995 = VECTOR ( 'NONE', #1282, 1000.000000000000100 ) ;
#996 = LINE ( 'NONE', #1293, #1010 ) ;
#997 = VECTOR ( 'NONE', #1300, 1000.000000000000000 ) ;
#998 = LINE ( 'NONE', #1302, #1001 ) ;
#999 = VECTOR ( 'NONE', #1301, 1000.000000000000100 ) ;
#1000 = LINE ( 'NONE', #1304, #1003 ) ;
#1001 = VECTOR ( 'NONE', #1303, 1000.000000000000000 ) ;
#1002 = LINE ( 'NONE', #1306, #1005 ) ;
#1003 = VECTOR ( 'NONE', #1305, 1000.000000000000100 ) ;
#1004 = LINE ( 'NONE', #1308, #1007 ) ;
#1005 = VECTOR ( 'NONE', #1307, 1000.000000000000100 ) ;
#1006 = LINE ( 'NONE', #1310, #1008 ) ;
#1007 = VECTOR ( 'NONE', #1309, 1000.000000000000000 ) ;
#1008 = VECTOR ( 'NONE', #1311, 1000.000000000000000 ) ;
#1009 = LINE ( 'NONE', #1313, #441 ) ;
#1010 = VECTOR ( 'NONE', #1312, 1000.000000000000000 ) ;
#1011 = LINE ( 'NONE', #1315, #1479 ) ;
#1012 = CARTESIAN_POINT ( 'NONE',  ( -4.570000000000001200, 0.5500000000000000400, 2.940025210376027200 ) ) ;
#1013 = DIRECTION ( 'NONE',  ( -1.000000000000000000, 0.0000000000000000000, 0.0000000000000000000 ) ) ;
#1014 = CARTESIAN_POINT ( 'NONE',  ( -10.52000000000000000, -3.000000000000000000, 2.440025210376026700 ) ) ;
#1015 = DIRECTION ( 'NONE',  ( -1.000000000000000000, 0.0000000000000000000, -1.636531581110195200E-016 ) ) ;
#1016 = CARTESIAN_POINT ( 'NONE',  ( -5.870000000000001000, -1.149999999999999700, 2.440025210376026700 ) ) ;
#1017 = DIRECTION ( 'NONE',  ( -1.000000000000000000, 0.0000000000000000000, 0.0000000000000000000 ) ) ;
#1018 = CARTESIAN_POINT ( 'NONE',  ( -8.520000000000001400, -1.300000000000000000, 2.440025210376026700 ) ) ;
#1019 = CARTESIAN_POINT ( 'NONE',  ( -5.870000000000001000, 0.4000000000000000200, 2.940025210376027200 ) ) ;
#1020 = DIRECTION ( 'NONE',  ( -0.0000000000000000000, -1.000000000000000000, -0.0000000000000000000 ) ) ;
#1021 = DIRECTION ( 'NONE',  ( -0.0000000000000000000, -1.000000000000000000, -0.0000000000000000000 ) ) ;
#1022 = CARTESIAN_POINT ( 'NONE',  ( -5.870000000000001000, -0.4000000000000000200, 2.940025210376027200 ) ) ;
#1023 = DIRECTION ( 'NONE',  ( -0.0000000000000000000, -1.000000000000000000, -0.0000000000000000000 ) ) ;
#1024 = CARTESIAN_POINT ( 'NONE',  ( -5.870000000000001000, -3.799999999999999800, 2.440025210376026700 ) ) ;
#1025 = DIRECTION ( 'NONE',  ( -1.000000000000000000, 0.0000000000000000000, 0.0000000000000000000 ) ) ;
#1026 = CARTESIAN_POINT ( 'NONE',  ( -5.870000000000001000, -3.000000000000000000, 2.440025210376026700 ) ) ;
#1027 = CARTESIAN_POINT ( 'NONE',  ( -4.570000000000001200, -2.250000000000000000, 2.940025210376027200 ) ) ;
#1028 = DIRECTION ( 'NONE',  ( -1.000000000000000000, 0.0000000000000000000, 0.0000000000000000000 ) ) ;
#1029 = DIRECTION ( 'NONE',  ( -1.000000000000000000, 0.0000000000000000000, 0.0000000000000000000 ) ) ;
#1030 = CARTESIAN_POINT ( 'NONE',  ( -5.870000000000001000, 0.5500000000000000400, 2.940025210376027200 ) ) ;
#1031 = DIRECTION ( 'NONE',  ( -0.0000000000000000000, -1.000000000000000000, -0.0000000000000000000 ) ) ;
#1032 = CARTESIAN_POINT ( 'NONE',  ( -5.870000000000001000, -2.100000000000000100, 2.440025210376026700 ) ) ;
#1033 = DIRECTION ( 'NONE',  ( -1.000000000000000000, 0.0000000000000000000, -1.636531581110195200E-016 ) ) ;
#1034 = CARTESIAN_POINT ( 'NONE',  ( -5.870000000000001000, -2.849999999999999200, 2.440025210376026700 ) ) ;
#1035 = CARTESIAN_POINT ( 'NONE',  ( -5.870000000000001000, -2.100000000000000100, 2.940025210376027200 ) ) ;
#1036 = DIRECTION ( 'NONE',  ( -0.0000000000000000000, -1.000000000000000000, -0.0000000000000000000 ) ) ;
#1037 = DIRECTION ( 'NONE',  ( -1.000000000000000000, 0.0000000000000000000, 0.0000000000000000000 ) ) ;
#1038 = CARTESIAN_POINT ( 'NONE',  ( -8.520000000000001400, -1.300000000000000000, 2.940025210376026700 ) ) ;
#1039 = DIRECTION ( 'NONE',  ( -1.000000000000000000, 0.0000000000000000000, 0.0000000000000000000 ) ) ;
#1040 = CARTESIAN_POINT ( 'NONE',  ( -11.32000000000000000, 2.999999999999999600, 3.740025210376027000 ) ) ;
#1041 = DIRECTION ( 'NONE',  ( -1.000000000000000000, 0.0000000000000000000, -1.636531581110195200E-016 ) ) ;
#1042 = CARTESIAN_POINT ( 'NONE',  ( -4.570000000000001200, -3.949999999999999700, 2.440025210376026700 ) ) ;
#1043 = DIRECTION ( 'NONE',  ( -1.000000000000000000, 0.0000000000000000000, 0.0000000000000000000 ) ) ;
#1044 = CARTESIAN_POINT ( 'NONE',  ( -5.870000000000001000, -2.250000000000000000, 2.940025210376027200 ) ) ;
#1045 = DIRECTION ( 'NONE',  ( 0.0000000000000000000, 0.0000000000000000000, -1.000000000000000000 ) ) ;
#1046 = CARTESIAN_POINT ( 'NONE',  ( -4.570000000000001200, 0.5500000000000000400, 2.440025210376026700 ) ) ;
#1047 = CARTESIAN_POINT ( 'NONE',  ( -11.32000000000000000, 1.679287333090130800, 4.511901496562506600 ) ) ;
#1048 = DIRECTION ( 'NONE',  ( -1.000000000000000000, 0.0000000000000000000, 0.0000000000000000000 ) ) ;
#1049 = DIRECTION ( 'NONE',  ( -0.0000000000000000000, -1.000000000000000000, -0.0000000000000000000 ) ) ;
#1050 = CARTESIAN_POINT ( 'NONE',  ( -4.570000000000001200, -1.149999999999999700, 2.940025210376027200 ) ) ;
#1051 = DIRECTION ( 'NONE',  ( -1.000000000000000000, 0.0000000000000000000, 0.0000000000000000000 ) ) ;
#1052 = CARTESIAN_POINT ( 'NONE',  ( -5.870000000000001000, -1.300000000000000000, 2.940025210376027200 ) ) ;
#1053 = DIRECTION ( 'NONE',  ( -1.000000000000000000, 0.0000000000000000000, -1.636531581110195200E-016 ) ) ;
#1054 = CARTESIAN_POINT ( 'NONE',  ( -4.570000000000001200, -2.849999999999999200, 2.440025210376026700 ) ) ;
#1055 = CARTESIAN_POINT ( 'NONE',  ( -11.32000000000000000, 5.214294889662276100, 4.254786452687893600 ) ) ;
#1056 = DIRECTION ( 'NONE',  ( -1.000000000000000000, 0.0000000000000000000, 0.0000000000000000000 ) ) ;
#1057 = DIRECTION ( 'NONE',  ( 0.0000000000000000000, 0.0000000000000000000, 1.000000000000000000 ) ) ;
#1058 = CARTESIAN_POINT ( 'NONE',  ( -5.870000000000001000, -3.949999999999999700, 2.940025210376027200 ) ) ;
#1059 = CARTESIAN_POINT ( 'NONE',  ( -11.32000000000000000, 3.600000000000001400, 8.690025210376026300 ) ) ;
#1060 = DIRECTION ( 'NONE',  ( 0.0000000000000000000, 0.0000000000000000000, -1.000000000000000000 ) ) ;
#1061 = DIRECTION ( 'NONE',  ( 0.0000000000000000000, -0.3420201433256656600, -0.9396926207859095400 ) ) ;
#1062 = CARTESIAN_POINT ( 'NONE',  ( -11.82000000000000000, 2.999999999999999600, 8.140529726485102200 ) ) ;
#1063 = DIRECTION ( 'NONE',  ( -0.0000000000000000000, -0.3420201433256656600, 0.9396926207859095400 ) ) ;
#1064 = CARTESIAN_POINT ( 'NONE',  ( -11.32000000000000000, 3.799999999999999400, 3.740025210376027000 ) ) ;
#1065 = DIRECTION ( 'NONE',  ( 0.0000000000000000000, 0.0000000000000000000, 1.000000000000000000 ) ) ;
#1066 = CARTESIAN_POINT ( 'NONE',  ( -11.32000000000000000, 3.199999999999997500, 8.690025210376026300 ) ) ;
#1067 = CARTESIAN_POINT ( 'NONE',  ( -4.570000000000001200, -2.849999999999999200, 2.940025210376027200 ) ) ;
#1068 = DIRECTION ( 'NONE',  ( 1.000000000000000000, 0.0000000000000000000, 0.0000000000000000000 ) ) ;
#1069 = DIRECTION ( 'NONE',  ( -1.000000000000000000, 0.0000000000000000000, 0.0000000000000000000 ) ) ;
#1070 = CARTESIAN_POINT ( 'NONE',  ( -11.32000000000000000, 3.799999999999999400, 8.690025210376026300 ) ) ;
#1071 = DIRECTION ( 'NONE',  ( -0.0000000000000000000, -1.000000000000000000, -0.0000000000000000000 ) ) ;
#1072 = CARTESIAN_POINT ( 'NONE',  ( -4.570000000000001200, -3.949999999999999700, 2.940025210376027200 ) ) ;
#1073 = DIRECTION ( 'NONE',  ( -1.000000000000000000, 0.0000000000000000000, 0.0000000000000000000 ) ) ;
#1074 = CARTESIAN_POINT ( 'NONE',  ( -5.870000000000001000, -3.000000000000000000, 2.940025210376027200 ) ) ;
#1075 = FILL_AREA_STYLE ('',( #2 ) ) ;
#1076 = CARTESIAN_POINT ( 'NONE',  ( -5.870000000000001000, 0.5500000000000000400, 2.440025210376026700 ) ) ;
#1077 = DIRECTION ( 'NONE',  ( -1.000000000000000000, 0.0000000000000000000, 0.0000000000000000000 ) ) ;
#1078 = DIRECTION ( 'NONE',  ( 0.0000000000000000000, 0.3420201433256656600, 0.9396926207859095400 ) ) ;
#1079 = CARTESIAN_POINT ( 'NONE',  ( -5.870000000000001000, 0.5500000000000000400, 2.940025210376027200 ) ) ;
#1080 = DIRECTION ( 'NONE',  ( -1.000000000000000000, 0.0000000000000000000, 0.0000000000000000000 ) ) ;
#1081 = CARTESIAN_POINT ( 'NONE',  ( -5.870000000000001000, -2.849999999999999200, 2.940025210376027200 ) ) ;
#1082 = DIRECTION ( 'NONE',  ( -0.0000000000000000000, -1.000000000000000000, -0.0000000000000000000 ) ) ;
#1083 = CARTESIAN_POINT ( 'NONE',  ( -11.82000000000000000, 2.999999999999999600, 3.740025210376027000 ) ) ;
#1084 = DIRECTION ( 'NONE',  ( 0.0000000000000000000, 0.0000000000000000000, 1.000000000000000000 ) ) ;
#1085 = CARTESIAN_POINT ( 'NONE',  ( -11.82000000000000000, 3.799999999999999400, 3.740025210376027000 ) ) ;
#1086 = DIRECTION ( 'NONE',  ( -0.0000000000000000000, -1.000000000000000000, -0.0000000000000000000 ) ) ;
#1087 = CARTESIAN_POINT ( 'NONE',  ( -11.82000000000000000, 3.799999999999999400, 3.740025210376027000 ) ) ;
#1088 = DIRECTION ( 'NONE',  ( 0.0000000000000000000, 0.0000000000000000000, 1.000000000000000000 ) ) ;
#1089 = CARTESIAN_POINT ( 'NONE',  ( -11.82000000000000000, 3.600000000000001400, 8.690025210376026300 ) ) ;
#1090 = DIRECTION ( 'NONE',  ( -0.0000000000000000000, 0.3420201433256656600, -0.9396926207859095400 ) ) ;
#1091 = CARTESIAN_POINT ( 'NONE',  ( -11.82000000000000000, 3.799999999999999400, 8.690025210376026300 ) ) ;
#1092 = DIRECTION ( 'NONE',  ( -0.0000000000000000000, -1.000000000000000000, -0.0000000000000000000 ) ) ;
#1093 = CARTESIAN_POINT ( 'NONE',  ( -5.870000000000001000, -3.799999999999999800, 2.940025210376027200 ) ) ;
#1094 = DIRECTION ( 'NONE',  ( -1.000000000000000000, 0.0000000000000000000, 0.0000000000000000000 ) ) ;
#1095 = CARTESIAN_POINT ( 'NONE',  ( -10.52000000000000000, -3.000000000000000000, 2.940025210376026700 ) ) ;
#1096 = DIRECTION ( 'NONE',  ( -0.0000000000000000000, -1.000000000000000000, -0.0000000000000000000 ) ) ;
#1097 = CARTESIAN_POINT ( 'NONE',  ( -5.870000000000001000, 0.4000000000000000200, 2.440025210376026700 ) ) ;
#1098 = CARTESIAN_POINT ( 'NONE',  ( -4.570000000000001200, -2.250000000000000000, 2.440025210376026700 ) ) ;
#1099 = DIRECTION ( 'NONE',  ( 0.0000000000000000000, 0.0000000000000000000, 1.000000000000000000 ) ) ;
#1100 = DIRECTION ( 'NONE',  ( -0.0000000000000000000, -1.000000000000000000, -0.0000000000000000000 ) ) ;
#1101 = CARTESIAN_POINT ( 'NONE',  ( -5.870000000000001000, 3.949999999999999700, 2.440025210376026700 ) ) ;
#1102 = CARTESIAN_POINT ( 'NONE',  ( -4.570000000000001200, 2.250000000000000400, 2.940025210376027200 ) ) ;
#1103 = DIRECTION ( 'NONE',  ( -0.0000000000000000000, -1.000000000000000000, -0.0000000000000000000 ) ) ;
#1104 = DIRECTION ( 'NONE',  ( -0.0000000000000000000, -1.000000000000000000, -0.0000000000000000000 ) ) ;
#1105 = CARTESIAN_POINT ( 'NONE',  ( -5.870000000000001000, 0.5500000000000000400, 2.940025210376027200 ) ) ;
#1106 = DIRECTION ( 'NONE',  ( 0.0000000000000000000, 0.0000000000000000000, -1.000000000000000000 ) ) ;
#1107 = CARTESIAN_POINT ( 'NONE',  ( -5.870000000000001000, 3.799999999999999400, 2.440025210376026700 ) ) ;
#1108 = DIRECTION ( 'NONE',  ( 0.0000000000000000000, 0.0000000000000000000, 1.000000000000000000 ) ) ;
#1109 = CARTESIAN_POINT ( 'NONE',  ( -5.870000000000001000, 3.949999999999999700, 2.940025210376027200 ) ) ;
#1110 = DIRECTION ( 'NONE',  ( -0.0000000000000000000, -1.000000000000000000, -0.0000000000000000000 ) ) ;
#1111 = CARTESIAN_POINT ( 'NONE',  ( -4.570000000000001200, -1.149999999999999700, 2.940025210376027200 ) ) ;
#1112 = DIRECTION ( 'NONE',  ( -0.0000000000000000000, -1.000000000000000000, -0.0000000000000000000 ) ) ;
#1113 = DIRECTION ( 'NONE',  ( 0.0000000000000000000, 0.0000000000000000000, 1.000000000000000000 ) ) ;
#1114 = CARTESIAN_POINT ( 'NONE',  ( -5.870000000000001000, 3.949999999999999700, 2.940025210376027200 ) ) ;
#1115 = DIRECTION ( 'NONE',  ( 0.0000000000000000000, 0.0000000000000000000, -1.000000000000000000 ) ) ;
#1116 = CARTESIAN_POINT ( 'NONE',  ( -4.570000000000001200, -1.149999999999999700, 2.440025210376026700 ) ) ;
#1117 = DIRECTION ( 'NONE',  ( 0.0000000000000000000, 0.0000000000000000000, 1.000000000000000000 ) ) ;
#1118 = CARTESIAN_POINT ( 'NONE',  ( -4.570000000000001200, -1.149999999999999700, 2.440025210376026700 ) ) ;
#1119 = DIRECTION ( 'NONE',  ( -0.0000000000000000000, -1.000000000000000000, -0.0000000000000000000 ) ) ;
#1120 = CARTESIAN_POINT ( 'NONE',  ( -4.570000000000001200, 2.250000000000000400, 2.440025210376026700 ) ) ;
#1121 = CARTESIAN_POINT ( 'NONE',  ( -4.570000000000001200, -4.852003513470378100, 2.409999999999995700 ) ) ;
#1122 = DIRECTION ( 'NONE',  ( 0.0000000000000000000, 0.0000000000000000000, 1.000000000000000000 ) ) ;
#1123 = DIRECTION ( 'NONE',  ( -0.0000000000000000000, -1.000000000000000000, -0.0000000000000000000 ) ) ;
#1124 = CARTESIAN_POINT ( 'NONE',  ( -4.570000000000001200, 1.149999999999999900, 2.440025210376026700 ) ) ;
#1125 = DIRECTION ( 'NONE',  ( 0.0000000000000000000, 0.0000000000000000000, 1.000000000000000000 ) ) ;
#1126 = CARTESIAN_POINT ( 'NONE',  ( -4.570000000000001200, 2.250000000000000400, 2.440025210376026700 ) ) ;
#1127 = DIRECTION ( 'NONE',  ( -0.0000000000000000000, -1.000000000000000000, -0.0000000000000000000 ) ) ;
#1128 = CARTESIAN_POINT ( 'NONE',  ( -4.570000000000000300, 5.080000000000000100, 2.410000000000000100 ) ) ;
#1129 = CARTESIAN_POINT ( 'NONE',  ( -4.570000000000000300, -4.851616382157368800, 2.410000000000000100 ) ) ;
#1130 = DIRECTION ( 'NONE',  ( -0.0000000000000000000, -1.000000000000000000, -0.0000000000000000000 ) ) ;
#1131 = CARTESIAN_POINT ( 'NONE',  ( -4.570000000000000300, 4.852773392968223300, 2.410050420752053200 ) ) ;
#1132 = CARTESIAN_POINT ( 'NONE',  ( -4.570000000000001200, 4.852389186408197800, 2.410016807033599200 ) ) ;
#1133 = CARTESIAN_POINT ( 'NONE',  ( -4.570000000000001200, -4.852389186408198700, 2.410016807033594800 ) ) ;
#1134 = CARTESIAN_POINT ( 'NONE',  ( -4.570000000000000300, -4.852773392968225100, 2.410050420752048800 ) ) ;
#1135 = CARTESIAN_POINT ( 'NONE',  ( -4.570000000000000300, 4.853746196922787500, 2.398931220671048200 ) ) ;
#1136 = DIRECTION ( 'NONE',  ( 1.542966365556587900E-015, 0.08715574274765472400, -0.9961946980917457700 ) ) ;
#1137 = CARTESIAN_POINT ( 'NONE',  ( -4.570000000000001200, 2.849999999999999600, 2.440025210376026700 ) ) ;
#1138 = CARTESIAN_POINT ( 'NONE',  ( -4.570000000000001200, 3.949999999999999700, 2.440025210376026700 ) ) ;
#1139 = CARTESIAN_POINT ( 'NONE',  ( -4.570000000000001200, 4.852003513470375400, 2.410000000000000600 ) ) ;
#1140 = CARTESIAN_POINT ( 'NONE',  ( -4.570000000000000300, 4.851616382157367000, 2.410000000000000100 ) ) ;
#1141 = CARTESIAN_POINT ( 'NONE',  ( -4.570000000000001200, 5.080000000000000100, 2.970000000000000600 ) ) ;
#1142 = CARTESIAN_POINT ( 'NONE',  ( -4.570000000000001200, -4.804752545348272900, 2.958931220671048300 ) ) ;
#1143 = DIRECTION ( 'NONE',  ( -0.0000000000000000000, -1.000000000000000000, -0.0000000000000000000 ) ) ;
#1144 = DIRECTION ( 'NONE',  ( 0.0000000000000000000, 0.0000000000000000000, 1.000000000000000000 ) ) ;
#1145 = CARTESIAN_POINT ( 'NONE',  ( -4.570000000000001200, 3.949999999999999700, 2.440025210376026700 ) ) ;
#1146 = DIRECTION ( 'NONE',  ( -0.0000000000000000000, -1.000000000000000000, -0.0000000000000000000 ) ) ;
#1147 = CARTESIAN_POINT ( 'NONE',  ( -4.570000000000001200, 0.5500000000000000400, 2.440025210376026700 ) ) ;
#1148 = CARTESIAN_POINT ( 'NONE',  ( -4.570000000000001200, -2.849999999999999200, 2.940025210376027200 ) ) ;
#1149 = DIRECTION ( 'NONE',  ( 0.0000000000000000000, 0.0000000000000000000, 1.000000000000000000 ) ) ;
#1150 = DIRECTION ( 'NONE',  ( 0.0000000000000000000, 0.0000000000000000000, 1.000000000000000000 ) ) ;
#1151 = CARTESIAN_POINT ( 'NONE',  ( 4.570000000000000300, 4.969988858121352500, 1.270000000000000000 ) ) ;
#1152 = DIRECTION ( 'NONE',  ( -1.542966365556587900E-015, 0.08715574274765472400, 0.9961946980917457700 ) ) ;
#1153 = CARTESIAN_POINT ( 'NONE',  ( -4.570000000000001200, 3.949999999999999700, 2.940025210376027200 ) ) ;
#1154 = DIRECTION ( 'NONE',  ( -0.0000000000000000000, -1.000000000000000000, -0.0000000000000000000 ) ) ;
#1155 = CARTESIAN_POINT ( 'NONE',  ( -4.570000000000001200, 0.5500000000000000400, 2.940025210376027200 ) ) ;
#1156 = DIRECTION ( 'NONE',  ( -0.0000000000000000000, -1.000000000000000000, -0.0000000000000000000 ) ) ;
#1157 = CARTESIAN_POINT ( 'NONE',  ( -4.570000000000001200, -2.849999999999999200, 2.440025210376026700 ) ) ;
#1158 = CARTESIAN_POINT ( 'NONE',  ( 4.570000000000000300, -4.958260847422502100, 1.280000000000000000 ) ) ;
#1159 = DIRECTION ( 'NONE',  ( 0.0000000000000000000, 0.0000000000000000000, 1.000000000000000000 ) ) ;
#1160 = DIRECTION ( 'NONE',  ( -0.0000000000000000000, -1.000000000000000000, -0.0000000000000000000 ) ) ;
#1161 = CARTESIAN_POINT ( 'NONE',  ( -4.570000000000001200, -0.5500000000000000400, 2.440025210376026700 ) ) ;
#1162 = DIRECTION ( 'NONE',  ( 0.0000000000000000000, 0.0000000000000000000, 1.000000000000000000 ) ) ;
#1163 = CARTESIAN_POINT ( 'NONE',  ( -4.570000000000001200, 0.5500000000000000400, 2.440025210376026700 ) ) ;
#1164 = DIRECTION ( 'NONE',  ( -0.0000000000000000000, -1.000000000000000000, -0.0000000000000000000 ) ) ;
#1165 = CARTESIAN_POINT ( 'NONE',  ( -4.570000000000001200, -3.949999999999999700, 2.440025210376026700 ) ) ;
#1166 = DIRECTION ( 'NONE',  ( 0.0000000000000000000, 0.0000000000000000000, 1.000000000000000000 ) ) ;
#1167 = CARTESIAN_POINT ( 'NONE',  ( -4.570000000000001200, -2.849999999999999200, 2.440025210376026700 ) ) ;
#1168 = DIRECTION ( 'NONE',  ( -0.0000000000000000000, -1.000000000000000000, -0.0000000000000000000 ) ) ;
#1169 = CARTESIAN_POINT ( 'NONE',  ( -4.317749835362384700, 5.080000000000000100, 0.01000000000000002600 ) ) ;
#1170 = CARTESIAN_POINT ( 'NONE',  ( 4.570000000000000300, -4.952801416051792100, 1.280000000000000000 ) ) ;
#1171 = DIRECTION ( 'NONE',  ( -0.0000000000000000000, -1.000000000000000000, -0.0000000000000000000 ) ) ;
#1172 = CARTESIAN_POINT ( 'NONE',  ( 4.570000000000000300, 4.963997872740705500, 1.276662083109877600 ) ) ;
#1173 = CARTESIAN_POINT ( 'NONE',  ( 4.570000000000000300, -4.963997872740705500, 1.276662083109874100 ) ) ;
#1174 = CARTESIAN_POINT ( 'NONE',  ( 4.570000000000000300, -4.969988858121349800, 1.270000000000000000 ) ) ;
#1175 = CARTESIAN_POINT ( 'NONE',  ( 4.570000000000000300, 5.080000000000000100, 0.009999999999999998500 ) ) ;
#1176 = CARTESIAN_POINT ( 'NONE',  ( 4.570000000000000300, -5.080000000000000100, 1.270000000000000000 ) ) ;
#1177 = CARTESIAN_POINT ( 'NONE',  ( 4.570000000000000300, 4.958260847422500300, 1.280000000000005600 ) ) ;
#1178 = CARTESIAN_POINT ( 'NONE',  ( 4.570000000000000300, 4.952801416051791300, 1.280000000000000000 ) ) ;
#1179 = CARTESIAN_POINT ( 'NONE',  ( -4.317749835362384700, 5.080000000000000100, 0.01000000000000002600 ) ) ;
#1180 = DIRECTION ( 'NONE',  ( -1.000000000000000000, -0.0000000000000000000, 3.049709410619616600E-018 ) ) ;
#1181 = DIRECTION ( 'NONE',  ( -0.0000000000000000000, -1.000000000000000000, -0.0000000000000000000 ) ) ;
#1182 = CARTESIAN_POINT ( 'NONE',  ( -4.317749835362384700, 5.027394877578617900, 0.01000000000000046000 ) ) ;
#1183 = DIRECTION ( 'NONE',  ( -0.0000000000000000000, -1.000000000000000000, -0.0000000000000000000 ) ) ;
#1184 = CARTESIAN_POINT ( 'NONE',  ( -4.317749835362384700, 4.953000000000000300, 0.01000000000000002600 ) ) ;
#1185 = CARTESIAN_POINT ( 'NONE',  ( -3.049999999999998900, 4.165000000000000000, 0.009999999999999955100 ) ) ;
#1186 = CARTESIAN_POINT ( 'NONE',  ( 4.570000000000000300, 4.165000000000000000, 0.01000000000000009700 ) ) ;
#1187 = CARTESIAN_POINT ( 'NONE',  ( -4.264854949220231000, 5.080000000000000100, 0.01000000000000046000 ) ) ;
#1188 = CARTESIAN_POINT ( 'NONE',  ( -4.190050283857818400, 5.080000000000000100, 0.01000000000000002600 ) ) ;
#1189 = CARTESIAN_POINT ( 'NONE',  ( 4.570000000000000300, 5.080000000000000100, 1.280000000000000000 ) ) ;
#1190 = DIRECTION ( 'NONE',  ( -0.0000000000000000000, -1.000000000000000000, -0.0000000000000000000 ) ) ;
#1191 = CARTESIAN_POINT ( 'NONE',  ( 4.569999999999999400, -4.165000000000000000, 0.01000000000000009700 ) ) ;
#1192 = DIRECTION ( 'NONE',  ( -1.000000000000000000, 0.0000000000000000000, -1.867474214418930200E-017 ) ) ;
#1193 = DIRECTION ( 'NONE',  ( 1.000000000000000000, -0.0000000000000000000, 1.867474214418930200E-017 ) ) ;
#1194 = CARTESIAN_POINT ( 'NONE',  ( -4.264854949220231000, -5.080000000000000100, 0.01000000000000002600 ) ) ;
#1195 = DIRECTION ( 'NONE',  ( 1.041250585820412400E-016, 1.000000000000000000, -0.0000000000000000000 ) ) ;
#1196 = CARTESIAN_POINT ( 'NONE',  ( -4.190050283857818400, -5.080000000000000100, 0.01000000000000002600 ) ) ;
#1197 = CARTESIAN_POINT ( 'NONE',  ( -4.569994729596271700, 4.804941187614031300, 2.970050144541901200 ) ) ;
#1198 = CARTESIAN_POINT ( 'NONE',  ( -4.569998243186606000, 4.804556981010212400, 2.970016714962913500 ) ) ;
#1199 = CARTESIAN_POINT ( 'NONE',  ( -4.317749835362384700, -5.027394877578617900, 0.01000000000000002600 ) ) ;
#1200 = CARTESIAN_POINT ( 'NONE',  ( -4.317749835362384700, -4.953000000000000300, 0.01000000000000002600 ) ) ;
#1201 = CARTESIAN_POINT ( 'NONE',  ( -4.571140276105718500, 4.805894739417771800, 2.959150997551759100 ) ) ;
#1202 = DIRECTION ( 'NONE',  ( -0.1041350224314106400, 0.08668189170242444900, -0.9907785558610454600 ) ) ;
#1203 = CARTESIAN_POINT ( 'NONE',  ( -4.570000000000002100, -4.804171300017248600, 2.970000000000000600 ) ) ;
#1204 = CARTESIAN_POINT ( 'NONE',  ( -4.570000000000001200, -4.803784152637918600, 2.970000000000000600 ) ) ;
#1205 = CARTESIAN_POINT ( 'NONE',  ( -4.570000000000001200, 4.804171300017248600, 2.970000000000004200 ) ) ;
#1206 = CARTESIAN_POINT ( 'NONE',  ( -4.570000000000001200, 4.803784152637917700, 2.970000000000000600 ) ) ;
#1207 = CARTESIAN_POINT ( 'NONE',  ( 4.570000000000000300, 5.080000000000000100, 0.009999999999999998500 ) ) ;
#1208 = DIRECTION ( 'NONE',  ( -0.0000000000000000000, -1.000000000000000000, -0.0000000000000000000 ) ) ;
#1209 = CARTESIAN_POINT ( 'NONE',  ( -4.317749835362384700, -5.080000000000000100, 0.01000000000000002600 ) ) ;
#1210 = DIRECTION ( 'NONE',  ( -1.000000000000000000, -0.0000000000000000000, 3.049709410619616600E-018 ) ) ;
#1211 = CARTESIAN_POINT ( 'NONE',  ( -4.416637050265168600, -4.677286404034666700, 4.429150997551758500 ) ) ;
#1212 = DIRECTION ( 'NONE',  ( 0.1041350224314106400, 0.08668189170242444900, 0.9907785558610454600 ) ) ;
#1213 = CARTESIAN_POINT ( 'NONE',  ( -4.427449741245395900, 5.080000000000000100, 4.326275114834992100 ) ) ;
#1214 = DIRECTION ( 'NONE',  ( -0.0000000000000000000, 1.000000000000000000, -0.0000000000000000000 ) ) ;
#1215 = DIRECTION ( 'NONE',  ( -1.000000000000000000, -0.0000000000000000000, 1.002340128212495400E-016 ) ) ;
#1216 = CARTESIAN_POINT ( 'NONE',  ( -4.569998243186606900, -4.804556981010212400, 2.970016714962910000 ) ) ;
#1217 = CARTESIAN_POINT ( 'NONE',  ( -4.569994729596273500, -4.804941187614030400, 2.970050144541897200 ) ) ;
#1218 = CARTESIAN_POINT ( 'NONE',  ( -4.301145460533627200, 5.080000000000000100, 4.440000000000000400 ) ) ;
#1219 = CARTESIAN_POINT ( 'NONE',  ( -4.415496774159450400, 4.686286877522607400, 4.440000000000000400 ) ) ;
#1220 = CARTESIAN_POINT ( 'NONE',  ( 4.123519302934648000, -4.686286877522609200, 4.312999999999998800 ) ) ;
#1221 = DIRECTION ( 'NONE',  ( 1.435643971180712800E-015, 1.000000000000000000, -1.365923996832127500E-014 ) ) ;
#1222 = DIRECTION ( 'NONE',  ( 0.0000000000000000000, -1.365923996832127400E-014, -1.000000000000000000 ) ) ;
#1223 = DIRECTION ( 'NONE',  ( 0.0000000000000000000, -1.000000000000000000, 0.0000000000000000000 ) ) ;
#1224 = DIRECTION ( 'NONE',  ( 0.0000000000000000000, -1.000000000000000000, 0.0000000000000000000 ) ) ;
#1225 = CARTESIAN_POINT ( 'NONE',  ( 4.237870616560472900, -4.686286877522607400, 4.439999999999999500 ) ) ;
#1226 = DIRECTION ( 'NONE',  ( 1.000000000000000000, 0.0000000000000000000, -1.002340128212495400E-016 ) ) ;
#1227 = CARTESIAN_POINT ( 'NONE',  ( 4.123519302934648000, 5.080000000000000100, 4.439999999999999500 ) ) ;
#1228 = CARTESIAN_POINT ( 'NONE',  ( 4.249823583646418400, 5.080000000000000100, 4.326275114834989400 ) ) ;
#1229 = CARTESIAN_POINT ( 'NONE',  ( -3.500000000000000000, -4.286263797015737100E-016, 4.440000000000000400 ) ) ;
#1230 = DIRECTION ( 'NONE',  ( -1.002340128212495400E-016, 0.0000000000000000000, -1.000000000000000000 ) ) ;
#1231 = DIRECTION ( 'NONE',  ( -1.000000000000000000, 0.0000000000000000000, 0.0000000000000000000 ) ) ;
#1232 = DIRECTION ( 'NONE',  ( -1.000000000000000000, -0.0000000000000000000, -0.0000000000000000000 ) ) ;
#1233 = DIRECTION ( 'NONE',  ( -0.0000000000000000000, 1.000000000000000000, -0.0000000000000000000 ) ) ;
#1234 = CARTESIAN_POINT ( 'NONE',  ( -4.449019928258590700, 4.952320076572455300, 1.258951505754205300 ) ) ;
#1235 = DIRECTION ( 'NONE',  ( 0.1041350224314034100, 0.08668189170242449100, -0.9907785558610461300 ) ) ;
#1236 = CARTESIAN_POINT ( 'NONE',  ( -4.570000000000000300, 4.953000000000000300, 2.410000000000000100 ) ) ;
#1237 = DIRECTION ( 'NONE',  ( 0.1045284632676503200, -0.0000000000000000000, -0.9945218953682736200 ) ) ;
#1238 = CARTESIAN_POINT ( 'NONE',  ( -4.450181171797119400, -4.953000000000000300, 1.269999999999869500 ) ) ;
#1239 = DIRECTION ( 'NONE',  ( -0.1045284632676503200, 0.0000000000000000000, 0.9945218953682736200 ) ) ;
#1240 = CARTESIAN_POINT ( 'NONE',  ( 4.239010892666190200, 4.677286404034667600, 4.429150997551757600 ) ) ;
#1241 = DIRECTION ( 'NONE',  ( -0.1041350224314032800, -0.08668189170242449100, 0.9907785558610462400 ) ) ;
#1242 = CARTESIAN_POINT ( 'NONE',  ( 4.571140276105717600, -4.953750580776578300, 1.269150997551758800 ) ) ;
#1243 = DIRECTION ( 'NONE',  ( 0.1041350224314032800, -0.08668189170242449100, -0.9907785558610462400 ) ) ;
#1244 = CARTESIAN_POINT ( 'NONE',  ( -4.568838756461469000, -4.852583000152897300, 2.398951505754306700 ) ) ;
#1245 = DIRECTION ( 'NONE',  ( -0.1041350224314034100, 0.08668189170242449100, 0.9907785558610461300 ) ) ;
#1246 = CARTESIAN_POINT ( 'NONE',  ( -4.653037952378758400, 5.080000000000000100, 4.415033416119153600 ) ) ;
#1247 = DIRECTION ( 'NONE',  ( -0.1045284632676503200, 0.0000000000000000000, 0.9945218953682736200 ) ) ;
#1248 = CARTESIAN_POINT ( 'NONE',  ( -4.322091703120488400, 5.080000000000000100, 1.269979842826756600 ) ) ;
#1249 = CARTESIAN_POINT ( 'NONE',  ( -4.322475264523718300, 5.080000000000000100, 1.269939528898792200 ) ) ;
#1250 = CARTESIAN_POINT ( 'NONE',  ( 4.570000000000000300, 5.080000000000000100, 1.270000000000000000 ) ) ;
#1251 = CARTESIAN_POINT ( 'NONE',  ( -4.301145460533626300, 4.686286877522607400, 4.312999999999999700 ) ) ;
#1252 = DIRECTION ( 'NONE',  ( 0.1041350224314092600, -0.08668189170242664200, 0.9907785558610455700 ) ) ;
#1253 = DIRECTION ( 'NONE',  ( 0.9945218953682730700, 0.0000000000000000000, -0.1045284632676560800 ) ) ;
#1254 = CARTESIAN_POINT ( 'NONE',  ( 5.169999999999999900, 5.080000000000000100, 1.270000000000000000 ) ) ;
#1255 = CARTESIAN_POINT ( 'NONE',  ( 4.570000000000000300, -5.080000000000000100, 1.270000000000000000 ) ) ;
#1256 = CARTESIAN_POINT ( 'NONE',  ( -4.321706027180311200, 5.080000000000000100, 1.269999999999866800 ) ) ;
#1257 = CARTESIAN_POINT ( 'NONE',  ( -4.321318244705858000, 5.080000000000000100, 1.269999999999864100 ) ) ;
#1258 = CARTESIAN_POINT ( 'NONE',  ( -4.415496774159450400, 5.080000000000000100, 1.269999999999864100 ) ) ;
#1259 = DIRECTION ( 'NONE',  ( 1.000000000000000000, 0.0000000000000000000, -1.002340128212495400E-016 ) ) ;
#1260 = CARTESIAN_POINT ( 'NONE',  ( 4.570000000000000300, 5.080000000000000100, 1.270000000000000000 ) ) ;
#1261 = CARTESIAN_POINT ( 'NONE',  ( -4.321706027180311200, -5.080000000000000100, 1.269999999999866100 ) ) ;
#1262 = DIRECTION ( 'NONE',  ( -0.0000000000000000000, -0.0000000000000000000, -1.000000000000000000 ) ) ;
#1263 = DIRECTION ( 'NONE',  ( -0.0000000000000000000, -0.0000000000000000000, -1.000000000000000000 ) ) ;
#1264 = CARTESIAN_POINT ( 'NONE',  ( -4.191445554650614200, -5.080000000000000100, 0.02327511483499102700 ) ) ;
#1265 = CARTESIAN_POINT ( 'NONE',  ( -4.321318244705857100, -5.080000000000000100, 1.269999999999864100 ) ) ;
#1266 = DIRECTION ( 'NONE',  ( 0.1045284632676503200, -0.0000000000000000000, -0.9945218953682736200 ) ) ;
#1267 = DIRECTION ( 'NONE',  ( -0.0000000000000000000, -0.0000000000000000000, -1.000000000000000000 ) ) ;
#1268 = CARTESIAN_POINT ( 'NONE',  ( 5.170000000000000800, -5.080000000000000100, 0.0000000000000000000 ) ) ;
#1269 = DIRECTION ( 'NONE',  ( 1.000000000000000000, -0.0000000000000000000, -0.0000000000000000000 ) ) ;
#1270 = CARTESIAN_POINT ( 'NONE',  ( 4.570000000000000300, 5.080000000000000100, 0.0000000000000000000 ) ) ;
#1271 = DIRECTION ( 'NONE',  ( -1.000000000000000000, -0.0000000000000000000, -0.0000000000000000000 ) ) ;
#1272 = CARTESIAN_POINT ( 'NONE',  ( -4.322091703120488400, -5.080000000000000100, 1.269979842826756100 ) ) ;
#1273 = CARTESIAN_POINT ( 'NONE',  ( -4.322475264523718300, -5.080000000000000100, 1.269939528898792200 ) ) ;
#1274 = CARTESIAN_POINT ( 'NONE',  ( 5.170000000000000800, -5.080000000000000100, 1.270000000000000000 ) ) ;
#1275 = DIRECTION ( 'NONE',  ( 1.000000000000000000, 4.664664848984677400E-034, -1.002340128212495500E-016 ) ) ;
#1276 = DIRECTION ( 'NONE',  ( -0.0000000000000000000, -0.0000000000000000000, -1.000000000000000000 ) ) ;
#1277 = CARTESIAN_POINT ( 'NONE',  ( -4.415496774159450400, -5.080000000000000100, 1.269999999999864100 ) ) ;
#1278 = CARTESIAN_POINT ( 'NONE',  ( 4.237870616560472900, 4.812803604180258400, 4.324068779328951200 ) ) ;
#1279 = CARTESIAN_POINT ( 'NONE',  ( -4.301145460533625500, 4.686286877522608300, 4.312999999999999700 ) ) ;
#1280 = DIRECTION ( 'NONE',  ( 7.178219855904043400E-016, 1.000000000000000000, 6.829619984160648000E-015 ) ) ;
#1281 = DIRECTION ( 'NONE',  ( 0.0000000000000000000, -6.829619984160636900E-015, 1.000000000000000000 ) ) ;
#1282 = DIRECTION ( 'NONE',  ( -1.542966365556588100E-015, -0.08715574274765472400, 0.9961946980917457700 ) ) ;
#1283 = DIRECTION ( 'NONE',  ( -1.000000000000000000, 0.0000000000000000000, 1.002340128212495400E-016 ) ) ;
#1284 = CARTESIAN_POINT ( 'NONE',  ( 4.444835995393948000, 5.080267307434228400, 1.266944662045719600 ) ) ;
#1285 = DIRECTION ( 'NONE',  ( 0.1041350224314032500, 0.08668189170242451800, -0.9907785558610462400 ) ) ;
#1286 = CARTESIAN_POINT ( 'NONE',  ( -4.415496774159450400, -5.080000000000000100, 1.269999999999864100 ) ) ;
#1287 = DIRECTION ( 'NONE',  ( -1.000000000000000000, 0.0000000000000000000, 1.002340128212495400E-016 ) ) ;
#1288 = CARTESIAN_POINT ( 'NONE',  ( -4.442534475749698500, 4.979099726810548400, 2.423295399918250500 ) ) ;
#1289 = DIRECTION ( 'NONE',  ( -0.1041350224314033800, -0.08668189170242451800, 0.9907785558610461300 ) ) ;
#1290 = CARTESIAN_POINT ( 'NONE',  ( -4.290332769553398200, 4.803803130692319500, 4.426944662045718500 ) ) ;
#1291 = DIRECTION ( 'NONE',  ( 0.1041350224314106100, -0.08668189170242444900, 0.9907785558610454600 ) ) ;
#1292 = CARTESIAN_POINT ( 'NONE',  ( -4.444835995393948000, -4.932411466075422800, 2.956944662045718700 ) ) ;
#1293 = CARTESIAN_POINT ( 'NONE',  ( 4.569999999999999400, -4.165000000000000000, 9.656175598699023900E-017 ) ) ;
#1294 = CARTESIAN_POINT ( 'NONE',  ( -4.443000000000000500, 4.931269272005923000, 2.970000000000000600 ) ) ;
#1295 = CARTESIAN_POINT ( 'NONE',  ( 4.123519302934648000, -4.686286877522607400, 4.312999999999998800 ) ) ;
#1296 = DIRECTION ( 'NONE',  ( 1.000000000000000000, -6.855708022982948800E-015, 0.0000000000000000000 ) ) ;
#1297 = DIRECTION ( 'NONE',  ( 6.829619984160636900E-015, 1.000000000000000000, 0.0000000000000000000 ) ) ;
#1298 = CARTESIAN_POINT ( 'NONE',  ( -4.415496774159450400, -4.812803604180258400, 4.324068779328952100 ) ) ;
#1299 = CARTESIAN_POINT ( 'NONE',  ( 5.970000000000001500, -3.580000000000000100, 0.0000000000000000000 ) ) ;
#1300 = DIRECTION ( 'NONE',  ( -1.000000000000000000, 4.664664848984677400E-034, 1.002340128212495500E-016 ) ) ;
#1301 = DIRECTION ( 'NONE',  ( -0.1041350224314106100, -0.08668189170242444900, -0.9907785558610454600 ) ) ;
#1302 = CARTESIAN_POINT ( 'NONE',  ( 4.112706611954419800, -4.803803130692319500, 4.426944662045720200 ) ) ;
#1303 = DIRECTION ( 'NONE',  ( -0.1041350224314032500, 0.08668189170242451800, 0.9907785558610462400 ) ) ;
#1304 = CARTESIAN_POINT ( 'NONE',  ( -4.442999999999999600, -4.980262923580438500, 2.410000000000000100 ) ) ;
#1305 = DIRECTION ( 'NONE',  ( 1.542966365556588100E-015, -0.08715574274765472400, -0.9961946980917457700 ) ) ;
#1306 = CARTESIAN_POINT ( 'NONE',  ( -4.322715647546817600, -5.078836803230109900, 1.283295399918120500 ) ) ;
#1307 = DIRECTION ( 'NONE',  ( 0.1041350224314033800, -0.08668189170242451800, -0.9907785558610461300 ) ) ;
#1308 = CARTESIAN_POINT ( 'NONE',  ( -3.049999999999999800, -4.165000000000000000, -4.573977915173221800E-017 ) ) ;
#1309 = DIRECTION ( 'NONE',  ( -1.863199863991166100E-017, -0.0000000000000000000, 1.000000000000000000 ) ) ;
#1310 = CARTESIAN_POINT ( 'NONE',  ( 4.569999999999999400, -4.165000000000000000, 9.656175598699023900E-017 ) ) ;
#1311 = DIRECTION ( 'NONE',  ( -1.000000000000000000, 0.0000000000000000000, -1.867474214418930200E-017 ) ) ;
#1312 = DIRECTION ( 'NONE',  ( -1.863199863991166100E-017, -0.0000000000000000000, 1.000000000000000000 ) ) ;
#1313 = CARTESIAN_POINT ( 'NONE',  ( -3.049999999999998900, 4.165000000000000000, -4.573977915173221800E-017 ) ) ;
#1314 = DIRECTION ( 'NONE',  ( -1.863199863991166100E-017, -0.0000000000000000000, 1.000000000000000000 ) ) ;
#1315 = CARTESIAN_POINT ( 'NONE',  ( -3.049999999999998900, 4.165000000000000000, -4.573977915173221800E-017 ) ) ;
#1316 = DIRECTION ( 'NONE',  ( 1.041250585820412400E-016, 1.000000000000000000, -0.0000000000000000000 ) ) ;
#1317 = CARTESIAN_POINT ( 'NONE',  ( 4.570000000000000300, 4.165000000000000000, 9.656175598699023900E-017 ) ) ;
#1318 = DIRECTION ( 'NONE',  ( -1.863199863991166100E-017, -0.0000000000000000000, 1.000000000000000000 ) ) ;
#1319 = CARTESIAN_POINT ( 'NONE',  ( 4.570000000000000300, 4.165000000000000000, 9.656175598699023900E-017 ) ) ;
#1320 = DIRECTION ( 'NONE',  ( 1.000000000000000000, -0.0000000000000000000, 1.867474214418930200E-017 ) ) ;
#1321 = CARTESIAN_POINT ( 'NONE',  ( 4.570000000000000300, -5.080000000000000100, 0.0000000000000000000 ) ) ;
#1322 = DIRECTION ( 'NONE',  ( -0.0000000000000000000, -1.000000000000000000, -0.0000000000000000000 ) ) ;
#1323 = CARTESIAN_POINT ( 'NONE',  ( 5.970000000000000600, 3.580000000000000100, 0.0000000000000000000 ) ) ;
#1324 = DIRECTION ( 'NONE',  ( -0.0000000000000000000, -0.0000000000000000000, -1.000000000000000000 ) ) ;
#1325 = DIRECTION ( 'NONE',  ( -1.211399075402798300E-016, 1.000000000000000000, -0.0000000000000000000 ) ) ;
#1326 = DIRECTION ( 'NONE',  ( 0.4705882352941176400, 0.8823529411764705600, -0.0000000000000000000 ) ) ;
#1327 = CARTESIAN_POINT ( 'NONE',  ( 5.169999999999999900, 5.080000000000000100, 0.0000000000000000000 ) ) ;
#1328 = CARTESIAN_POINT ( 'NONE',  ( 5.970000000000001500, -3.580000000000000100, 1.270000000000000000 ) ) ;
#1329 = DIRECTION ( 'NONE',  ( -0.4705882352941178100, 0.8823529411764705600, -0.0000000000000000000 ) ) ;
#1330 = CARTESIAN_POINT ( 'NONE',  ( 4.511402126642035000, 5.079999999999980500, 1.270000000000000200 ) ) ;
#1331 = CARTESIAN_POINT ( 'NONE',  ( 5.970000000000000600, 3.580000000000000100, 1.270000000000000000 ) ) ;
#1332 = CARTESIAN_POINT ( 'NONE',  ( 4.123519302934647100, -4.686286877522607400, 4.312999999999998800 ) ) ;
#1333 = DIRECTION ( 'NONE',  ( -0.1041350224314005100, 0.08668189170242671100, 0.9907785558610464600 ) ) ;
#1334 = DIRECTION ( 'NONE',  ( 0.9945218953682737300, 0.0000000000000000000, 0.1045284632676493200 ) ) ;
#1335 = CARTESIAN_POINT ( 'NONE',  ( 5.970000000000001500, -3.580000000000000100, 1.270000000000000000 ) ) ;
#1336 = DIRECTION ( 'NONE',  ( 0.4705882352941176400, 0.8823529411764705600, -0.0000000000000000000 ) ) ;
#1337 = CARTESIAN_POINT ( 'NONE',  ( 4.570000000000000300, -5.080000000000000100, 0.0000000000000000000 ) ) ;
#1338 = CARTESIAN_POINT ( 'NONE',  ( 4.444514866434800200, 5.080000000000000100, 1.269999999999863200 ) ) ;
#1339 = DIRECTION ( 'NONE',  ( -0.0000000000000000000, -1.000000000000000000, -0.0000000000000000000 ) ) ;
#1340 = DIRECTION ( 'NONE',  ( -0.0000000000000000000, -0.0000000000000000000, -1.000000000000000000 ) ) ;
#1341 = CARTESIAN_POINT ( 'NONE',  ( 5.970000000000000600, 3.580000000000000100, 1.270000000000000000 ) ) ;
#1342 = DIRECTION ( 'NONE',  ( -1.211399075402798300E-016, 1.000000000000000000, -0.0000000000000000000 ) ) ;
#1343 = CARTESIAN_POINT ( 'NONE',  ( 5.169999999999999900, 5.080000000000000100, 1.270000000000000000 ) ) ;
#1344 = DIRECTION ( 'NONE',  ( -0.4705882352941178100, 0.8823529411764705600, -0.0000000000000000000 ) ) ;
#1345 = CARTESIAN_POINT ( 'NONE',  ( 4.561435611060431100, -5.036136311954618500, 1.270000000000000200 ) ) ;
#1346 = CARTESIAN_POINT ( 'NONE',  ( 4.570000000000000300, -4.969988858121349800, 1.270000000000000000 ) ) ;
#1347 = CARTESIAN_POINT ( 'NONE',  ( 4.561435611060428400, 5.036136311954618500, 1.270000000000000200 ) ) ;
#1348 = CARTESIAN_POINT ( 'NONE',  ( 4.570000000000000300, 4.969988858121352500, 1.270000000000000000 ) ) ;
#1349 = CARTESIAN_POINT ( 'NONE',  ( -4.570000000000000300, -4.926885175577225200, 2.416534361564040400 ) ) ;
#1350 = CARTESIAN_POINT ( 'NONE',  ( -4.570000000000000300, -4.852773392968225100, 2.410050420752048800 ) ) ;
#1351 = CARTESIAN_POINT ( 'NONE',  ( 4.511402126642035900, -5.079999999999983200, 1.270000000000000200 ) ) ;
#1352 = CARTESIAN_POINT ( 'NONE',  ( 4.444514866434798400, -5.080000000000000100, 1.269999999999863200 ) ) ;
#1353 = CARTESIAN_POINT ( 'NONE',  ( -4.569994729596273500, -4.804941187614030400, 2.970050144541897200 ) ) ;
#1354 = CARTESIAN_POINT ( 'NONE',  ( -4.448203104352370700, -4.953000000000000300, 1.251179945415500800 ) ) ;
#1355 = CARTESIAN_POINT ( 'NONE',  ( -4.569321858929630100, -4.878518733374693100, 2.976452081294897600 ) ) ;
#1356 = CARTESIAN_POINT ( 'NONE',  ( -4.517394877578616400, -4.979050747782840100, 2.423855232766699300 ) ) ;
#1357 = CARTESIAN_POINT ( 'NONE',  ( -4.442999999999999600, -4.978712224875971000, 2.427724567297892700 ) ) ;
#1358 = CARTESIAN_POINT ( 'NONE',  ( -4.448540775603799300, -5.027394877578617000, 1.254392672767298500 ) ) ;
#1359 = CARTESIAN_POINT ( 'NONE',  ( -4.322475264523718300, 5.080000000000000100, 1.269939528898792200 ) ) ;
#1360 = CARTESIAN_POINT ( 'NONE',  ( -4.516858591613671900, -4.930547102672923300, 2.978254433247648600 ) ) ;
#1361 = CARTESIAN_POINT ( 'NONE',  ( -4.443000000000000500, -4.930883185289685500, 2.974412991360006600 ) ) ;
#1362 = CARTESIAN_POINT ( 'NONE',  ( -4.396462599178894600, 5.079999999999999200, 1.262163146670509400 ) ) ;
#1363 = CARTESIAN_POINT ( 'NONE',  ( -4.443000000000000500, 4.930883185289684600, 2.974412991360014600 ) ) ;
#1364 = CARTESIAN_POINT ( 'NONE',  ( -4.396462599178899000, -5.079999999999999200, 1.262163146670550700 ) ) ;
#1365 = CARTESIAN_POINT ( 'NONE',  ( -4.322475264523718300, -5.080000000000000100, 1.269939528898792200 ) ) ;
#1366 = CARTESIAN_POINT ( 'NONE',  ( -4.516858591613671000, 4.930547102672922400, 2.978254433247654400 ) ) ;
#1367 = CARTESIAN_POINT ( 'NONE',  ( -4.442999999999999600, 4.978712224875971000, 2.427724567297893500 ) ) ;
#1368 = CARTESIAN_POINT ( 'NONE',  ( -4.448540775603794000, 5.027394877578618800, 1.254392672767256700 ) ) ;
#1369 = CARTESIAN_POINT ( 'NONE',  ( -4.448203104352370700, 4.953000000000000300, 1.251179945415499300 ) ) ;
#1370 = CARTESIAN_POINT ( 'NONE',  ( -4.517394877578616400, 4.979050747782840100, 2.423855232766708700 ) ) ;
#1371 = DIRECTION ( 'NONE',  ( -0.0000000000000000000, -1.000000000000000000, -0.0000000000000000000 ) ) ;
#1372 = CARTESIAN_POINT ( 'NONE',  ( -4.569321858929629200, 4.878518733374693100, 2.976452081294904200 ) ) ;
#1373 = CARTESIAN_POINT ( 'NONE',  ( -4.569994729596271700, 4.804941187614031300, 2.970050144541901200 ) ) ;
#1374 = CARTESIAN_POINT ( 'NONE',  ( -4.570000000000001200, 4.926885175577225200, 2.416534361564050200 ) ) ;
#1375 = CARTESIAN_POINT ( 'NONE',  ( -4.570000000000000300, 4.852773392968223300, 2.410050420752053200 ) ) ;
#1376 = CARTESIAN_POINT ( 'NONE',  ( -4.301145460533627200, -4.686286877522607400, 4.312999999999999700 ) ) ;
#1377 = DIRECTION ( 'NONE',  ( 6.867239440346100100E-015, 1.000000000000000000, -0.0000000000000000000 ) ) ;
#1378 = DIRECTION ( 'NONE',  ( 1.000000000000000000, -6.829619984160636900E-015, -6.829619984160636900E-015 ) ) ;
#1379 = CARTESIAN_POINT ( 'NONE',  ( -4.301145460533625500, -4.686286877522606500, 4.312999999999999700 ) ) ;
#1380 = DIRECTION ( 'NONE',  ( 0.1041350224314091000, 0.08668189170242603100, 0.9907785558610454600 ) ) ;
#1381 = DIRECTION ( 'NONE',  ( 0.9945218953682730700, 0.0000000000000000000, -0.1045284632676560800 ) ) ;
#1382 = CARTESIAN_POINT ( 'NONE',  ( -11.32000000000000000, 3.799999999999999400, 3.740025210376027000 ) ) ;
#1383 = CARTESIAN_POINT ( 'NONE',  ( -4.301145460533625500, -4.686286877522607400, 4.312999999999999700 ) ) ;
#1384 = DIRECTION ( 'NONE',  ( 1.000000000000000000, 1.195028649608295500E-015, 1.365923996832127500E-014 ) ) ;
#1385 = DIRECTION ( 'NONE',  ( -1.365923996832127400E-014, 0.0000000000000000000, 1.000000000000000000 ) ) ;
#1386 = CARTESIAN_POINT ( 'NONE',  ( -10.52000000000000000, 2.999999999999999600, 3.740025210376027000 ) ) ;
#1387 = DIRECTION ( 'NONE',  ( 0.0000000000000000000, 1.000000000000000000, 0.0000000000000000000 ) ) ;
#1388 = DIRECTION ( 'NONE',  ( -1.000000000000000000, 0.0000000000000000000, 0.0000000000000000000 ) ) ;
#1389 = CARTESIAN_POINT ( 'NONE',  ( -10.52000000000000000, 3.799999999999999400, 3.740025210376027000 ) ) ;
#1390 = DIRECTION ( 'NONE',  ( 0.0000000000000000000, 1.000000000000000000, 0.0000000000000000000 ) ) ;
#1391 = DIRECTION ( 'NONE',  ( -1.000000000000000000, 0.0000000000000000000, 0.0000000000000000000 ) ) ;
#1392 = CARTESIAN_POINT ( 'NONE',  ( -10.52000000000000000, 3.799999999999999400, 8.140529726485102200 ) ) ;
#1393 = DIRECTION ( 'NONE',  ( 1.000000000000000000, 0.0000000000000000000, 0.0000000000000000000 ) ) ;
#1394 = CARTESIAN_POINT ( 'NONE',  ( -10.52000000000000000, 2.999999999999999600, 3.740025210376027000 ) ) ;
#1395 = DIRECTION ( 'NONE',  ( 0.0000000000000000000, 1.000000000000000000, 0.0000000000000000000 ) ) ;
#1396 = DIRECTION ( 'NONE',  ( -1.000000000000000000, 0.0000000000000000000, 0.0000000000000000000 ) ) ;
#1397 = CARTESIAN_POINT ( 'NONE',  ( -11.82000000000000000, 0.4000000000000000200, 3.740025210376027000 ) ) ;
#1398 = CARTESIAN_POINT ( 'NONE',  ( -11.82000000000000000, 0.2000000000000012300, 8.690025210376026300 ) ) ;
#1399 = CARTESIAN_POINT ( 'NONE',  ( -10.52000000000000000, 3.799999999999999400, 3.740025210376027000 ) ) ;
#1400 = DIRECTION ( 'NONE',  ( 0.0000000000000000000, 1.000000000000000000, 0.0000000000000000000 ) ) ;
#1401 = DIRECTION ( 'NONE',  ( -1.000000000000000000, 0.0000000000000000000, 0.0000000000000000000 ) ) ;
#1402 = CARTESIAN_POINT ( 'NONE',  ( -11.82000000000000000, 2.999999999999999600, 8.140529726485102200 ) ) ;
#1403 = DIRECTION ( 'NONE',  ( -1.000000000000000000, 0.0000000000000000000, 0.0000000000000000000 ) ) ;
#1404 = CARTESIAN_POINT ( 'NONE',  ( -11.82000000000000000, 0.4000000000000000200, 8.690025210376026300 ) ) ;
#1405 = CARTESIAN_POINT ( 'NONE',  ( -11.32000000000000000, 0.2000000000000012300, 8.690025210376026300 ) ) ;
#1406 = DIRECTION ( 'NONE',  ( -0.0000000000000000000, -1.000000000000000000, -0.0000000000000000000 ) ) ;
#1407 = DIRECTION ( 'NONE',  ( -0.0000000000000000000, 0.3420201433256650500, -0.9396926207859097600 ) ) ;
#1408 = DIRECTION ( 'NONE',  ( 0.0000000000000000000, 0.0000000000000000000, 1.000000000000000000 ) ) ;
#1409 = CARTESIAN_POINT ( 'NONE',  ( -11.82000000000000000, 0.4000000000000000200, 3.740025210376027000 ) ) ;
#1410 = DIRECTION ( 'NONE',  ( -0.0000000000000000000, -1.000000000000000000, -0.0000000000000000000 ) ) ;
#1411 = CARTESIAN_POINT ( 'NONE',  ( -11.82000000000000000, -0.4000000000000000200, 3.740025210376027000 ) ) ;
#1412 = DIRECTION ( 'NONE',  ( 0.0000000000000000000, 0.0000000000000000000, 1.000000000000000000 ) ) ;
#1413 = CARTESIAN_POINT ( 'NONE',  ( -11.82000000000000000, -0.4000000000000000200, 8.140529726485098600 ) ) ;
#1414 = DIRECTION ( 'NONE',  ( 0.0000000000000000000, 0.3420201433256650500, 0.9396926207859097600 ) ) ;
#1415 = CARTESIAN_POINT ( 'NONE',  ( -11.32000000000000000, 0.4000000000000000200, 8.690025210376026300 ) ) ;
#1416 = DIRECTION ( 'NONE',  ( -0.0000000000000000000, -1.000000000000000000, -0.0000000000000000000 ) ) ;
#1417 = DIRECTION ( 'NONE',  ( -1.000000000000000000, 0.0000000000000000000, 0.0000000000000000000 ) ) ;
#1418 = CARTESIAN_POINT ( 'NONE',  ( -11.32000000000000000, -0.2000000000000012300, 8.690025210376026300 ) ) ;
#1419 = DIRECTION ( 'NONE',  ( 1.000000000000000000, 0.0000000000000000000, 0.0000000000000000000 ) ) ;
#1420 = CARTESIAN_POINT ( 'NONE',  ( -11.32000000000000000, 0.4000000000000000200, 3.740025210376027000 ) ) ;
#1421 = DIRECTION ( 'NONE',  ( 0.0000000000000000000, 0.0000000000000000000, 1.000000000000000000 ) ) ;
#1422 = CARTESIAN_POINT ( 'NONE',  ( -11.32000000000000000, 1.814294889662272400, 4.254786452687890900 ) ) ;
#1423 = DIRECTION ( 'NONE',  ( -0.0000000000000000000, -0.3420201433256650500, 0.9396926207859097600 ) ) ;
#1424 = CARTESIAN_POINT ( 'NONE',  ( -11.32000000000000000, -1.720712666909866200, 4.511901496562503900 ) ) ;
#1425 = DIRECTION ( 'NONE',  ( 0.0000000000000000000, -0.3420201433256650500, -0.9396926207859097600 ) ) ;
#1426 = CARTESIAN_POINT ( 'NONE',  ( -11.32000000000000000, -0.4000000000000000200, 3.740025210376027000 ) ) ;
#1427 = DIRECTION ( 'NONE',  ( 0.0000000000000000000, 0.0000000000000000000, 1.000000000000000000 ) ) ;
#1428 = CARTESIAN_POINT ( 'NONE',  ( -11.32000000000000000, 0.4000000000000000200, 3.740025210376027000 ) ) ;
#1429 = DIRECTION ( 'NONE',  ( -0.0000000000000000000, -1.000000000000000000, -0.0000000000000000000 ) ) ;
#1430 = CARTESIAN_POINT ( 'NONE',  ( -10.52000000000000000, -0.4000000000000000200, 3.740025210376027000 ) ) ;
#1431 = DIRECTION ( 'NONE',  ( 0.0000000000000000000, 1.000000000000000000, 0.0000000000000000000 ) ) ;
#1432 = DIRECTION ( 'NONE',  ( -1.000000000000000000, 0.0000000000000000000, 0.0000000000000000000 ) ) ;
#1433 = CARTESIAN_POINT ( 'NONE',  ( -10.52000000000000000, 0.4000000000000000200, 3.740025210376027000 ) ) ;
#1434 = AXIS2_PLACEMENT_3D ( 'NONE', #1229, #1230, #1231 ) ;
#1435 = AXIS2_PLACEMENT_3D ( 'NONE', #1251, #1252, #1253 ) ;
#1436 = AXIS2_PLACEMENT_3D ( 'NONE', #1279, #1280, #1281 ) ;
#1437 = AXIS2_PLACEMENT_3D ( 'NONE', #1295, #1296, #1297 ) ;
#1438 = AXIS2_PLACEMENT_3D ( 'NONE', #1332, #1333, #1334 ) ;
#1439 = AXIS2_PLACEMENT_3D ( 'NONE', #1376, #1377, #1378 ) ;
#1440 = AXIS2_PLACEMENT_3D ( 'NONE', #1379, #1380, #1381 ) ;
#1441 = AXIS2_PLACEMENT_3D ( 'NONE', #1383, #1384, #1385 ) ;
#1442 = AXIS2_PLACEMENT_3D ( 'NONE', #1386, #1387, #1388 ) ;
#1443 = AXIS2_PLACEMENT_3D ( 'NONE', #1389, #1390, #1391 ) ;
#1444 = AXIS2_PLACEMENT_3D ( 'NONE', #1394, #1395, #1396 ) ;
#1445 = AXIS2_PLACEMENT_3D ( 'NONE', #1399, #1400, #1401 ) ;
#1446 = AXIS2_PLACEMENT_3D ( 'NONE', #1430, #1431, #1432 ) ;
#1447 = AXIS2_PLACEMENT_3D ( 'NONE', #1433, #2795, #2796 ) ;
#1448 = AXIS2_PLACEMENT_3D ( 'NONE', #2799, #2800, #2801 ) ;
#1449 = AXIS2_PLACEMENT_3D ( 'NONE', #2804, #2805, #2806 ) ;
#1450 = AXIS2_PLACEMENT_3D ( 'NONE', #2835, #2836, #2837 ) ;
#1451 = AXIS2_PLACEMENT_3D ( 'NONE', #2838, #2839, #2840 ) ;
#1452 = AXIS2_PLACEMENT_3D ( 'NONE', #2843, #2844, #2845 ) ;
#1453 = AXIS2_PLACEMENT_3D ( 'NONE', #2848, #2849, #2850 ) ;
#1454 = AXIS2_PLACEMENT_3D ( 'NONE', #2879, #2880, #2881 ) ;
#1455 = AXIS2_PLACEMENT_3D ( 'NONE', #2882, #2883, #2884 ) ;
#1456 = AXIS2_PLACEMENT_3D ( 'NONE', #2887, #2888, #2889 ) ;
#1457 = AXIS2_PLACEMENT_3D ( 'NONE', #2892, #2893, #2894 ) ;
#1458 = AXIS2_PLACEMENT_3D ( 'NONE', #2923, #2924, #2925 ) ;
#1459 = AXIS2_PLACEMENT_3D ( 'NONE', #2926, #2927, #2928 ) ;
#1460 = AXIS2_PLACEMENT_3D ( 'NONE', #2931, #2932, #2933 ) ;
#1461 = AXIS2_PLACEMENT_3D ( 'NONE', #2936, #2937, #2938 ) ;
#1462 = AXIS2_PLACEMENT_3D ( 'NONE', #2957, #2958, #2959 ) ;
#1463 = AXIS2_PLACEMENT_3D ( 'NONE', #2960, #2961, #2962 ) ;
#1464 = AXIS2_PLACEMENT_3D ( 'NONE', #2965, #2966, #2967 ) ;
#1465 = AXIS2_PLACEMENT_3D ( 'NONE', #2968, #2969, #2970 ) ;
#1466 = AXIS2_PLACEMENT_3D ( 'NONE', #2971, #2972, #2973 ) ;
#1467 = AXIS2_PLACEMENT_3D ( 'NONE', #2976, #2977, #2978 ) ;
#1468 = AXIS2_PLACEMENT_3D ( 'NONE', #2980, #2981, #2982 ) ;
#1469 = AXIS2_PLACEMENT_3D ( 'NONE', #2984, #2985, #2986 ) ;
#1470 =( GEOMETRIC_REPRESENTATION_CONTEXT ( 3 ) GLOBAL_UNCERTAINTY_ASSIGNED_CONTEXT ( ( #2768 ) ) GLOBAL_UNIT_ASSIGNED_CONTEXT ( ( #2987, #2988, #2989 ) ) REPRESENTATION_CONTEXT ( 'NONE', 'WORKASPACE' ) );
#1471 = STYLED_ITEM ( 'NONE', ( #1696 ), #2769 ) ;
#1472 = PRESENTATION_LAYER_ASSIGNMENT (  '', '', ( #1471 ) ) ;
#1473 = MECHANICAL_DESIGN_GEOMETRIC_PRESENTATION_REPRESENTATION (  '', ( #1471 ), #1474 ) ;
#1474 =( GEOMETRIC_REPRESENTATION_CONTEXT ( 3 ) GLOBAL_UNCERTAINTY_ASSIGNED_CONTEXT ( ( #2770 ) ) GLOBAL_UNIT_ASSIGNED_CONTEXT ( ( #2996, #2997, #2998 ) ) REPRESENTATION_CONTEXT ( 'NONE', 'WORKASPACE' ) );
#1475 = AXIS2_PLACEMENT_3D ( 'NONE', #2999, #3000, #3001 ) ;
#1476 = PRODUCT_DEFINITION ( 'UNKNOWN', '', #1477, #3126 ) ;
#1477 = PRODUCT_DEFINITION_FORMATION_WITH_SPECIFIED_SOURCE ( 'ANY', '', #2794, .NOT_KNOWN. ) ;
#1478 = PRODUCT_RELATED_PRODUCT_CATEGORY ( 'part', '', ( #2794 ) ) ;
#1479 = VECTOR ( 'NONE', #1316, 1000.000000000000000 ) ;
#1480 = LINE ( 'NONE', #1319, #1484 ) ;
#1481 = LINE ( 'NONE', #1317, #1482 ) ;
#1482 = VECTOR ( 'NONE', #1318, 1000.000000000000000 ) ;
#1483 = LINE ( 'NONE', #1321, #1486 ) ;
#1484 = VECTOR ( 'NONE', #1320, 1000.000000000000000 ) ;
#1485 = LINE ( 'NONE', #1323, #1488 ) ;
#1486 = VECTOR ( 'NONE', #1322, 1000.000000000000000 ) ;
#1487 = CIRCLE ( 'NONE', #1438, 0.1269999999999997200 ) ;
#1488 = VECTOR ( 'NONE', #1325, 1000.000000000000000 ) ;
#1489 = LINE ( 'NONE', #1327, #1493 ) ;
#1490 = LINE ( 'NONE', #1299, #1491 ) ;
#1491 = VECTOR ( 'NONE', #1326, 1000.000000000000100 ) ;
#1492 = LINE ( 'NONE', #1331, #1501 ) ;
#1493 = VECTOR ( 'NONE', #1329, 999.9999999999998900 ) ;
#1494 = LINE ( 'NONE', #1328, #1496 ) ;
#1495 = LINE ( 'NONE', #1335, #1498 ) ;
#1496 = VECTOR ( 'NONE', #1324, 1000.000000000000000 ) ;
#1497 = LINE ( 'NONE', #1337, #1499 ) ;
#1498 = VECTOR ( 'NONE', #1336, 1000.000000000000100 ) ;
#1499 = VECTOR ( 'NONE', #1339, 1000.000000000000000 ) ;
#1500 = LINE ( 'NONE', #1341, #1503 ) ;
#1501 = VECTOR ( 'NONE', #1340, 1000.000000000000000 ) ;
#1502 = LINE ( 'NONE', #1343, #1504 ) ;
#1503 = VECTOR ( 'NONE', #1342, 1000.000000000000000 ) ;
#1504 = VECTOR ( 'NONE', #1344, 999.9999999999998900 ) ;
#1505 = CIRCLE ( 'NONE', #1439, 0.1270000000000003900 ) ;
#1506 = CIRCLE ( 'NONE', #1440, 0.1269999999999998100 ) ;
#1507 = CIRCLE ( 'NONE', #1441, 0.1270000000000003900 ) ;
#1508 = LINE ( 'NONE', #1382, #1511 ) ;
#1509 = CIRCLE ( 'NONE', #1442, 0.8000000000000003800 ) ;
#1510 = LINE ( 'NONE', #1398, #1523 ) ;
#1511 = VECTOR ( 'NONE', #1371, 1000.000000000000000 ) ;
#1512 = CIRCLE ( 'NONE', #1443, 0.8000000000000003800 ) ;
#1513 = CIRCLE ( 'NONE', #1444, 1.300000000000000700 ) ;
#1514 = CIRCLE ( 'NONE', #1445, 1.300000000000000700 ) ;
#1515 = LINE ( 'NONE', #1392, #1517 ) ;
#1516 = LINE ( 'NONE', #1402, #1519 ) ;
#1517 = VECTOR ( 'NONE', #1393, 1000.000000000000000 ) ;
#1518 = LINE ( 'NONE', #1404, #1521 ) ;
#1519 = VECTOR ( 'NONE', #1403, 1000.000000000000000 ) ;
#1520 = LINE ( 'NONE', #1397, #1525 ) ;
#1521 = VECTOR ( 'NONE', #1406, 1000.000000000000000 ) ;
#1522 = LINE ( 'NONE', #1405, #1535 ) ;
#1523 = VECTOR ( 'NONE', #1407, 1000.000000000000000 ) ;
#1524 = LINE ( 'NONE', #1409, #1527 ) ;
#1525 = VECTOR ( 'NONE', #1408, 1000.000000000000000 ) ;
#1526 = LINE ( 'NONE', #1411, #1529 ) ;
#1527 = VECTOR ( 'NONE', #1410, 1000.000000000000000 ) ;
#1528 = LINE ( 'NONE', #1413, #1531 ) ;
#1529 = VECTOR ( 'NONE', #1412, 1000.000000000000000 ) ;
#1530 = LINE ( 'NONE', #1415, #1533 ) ;
#1531 = VECTOR ( 'NONE', #1414, 1000.000000000000000 ) ;
#1532 = CIRCLE ( 'NONE', #1446, 0.8000000000000003800 ) ;
#1533 = VECTOR ( 'NONE', #1416, 1000.000000000000000 ) ;
#1534 = LINE ( 'NONE', #1418, #1537 ) ;
#1535 = VECTOR ( 'NONE', #1417, 1000.000000000000000 ) ;
#1536 = LINE ( 'NONE', #1420, #1539 ) ;
#1537 = VECTOR ( 'NONE', #1419, 1000.000000000000000 ) ;
#1538 = LINE ( 'NONE', #1422, #1541 ) ;
#1539 = VECTOR ( 'NONE', #1421, 1000.000000000000000 ) ;
#1540 = LINE ( 'NONE', #1424, #1543 ) ;
#1541 = VECTOR ( 'NONE', #1423, 1000.000000000000000 ) ;
#1542 = LINE ( 'NONE', #1426, #1545 ) ;
#1543 = VECTOR ( 'NONE', #1425, 1000.000000000000000 ) ;
#1544 = LINE ( 'NONE', #1428, #1547 ) ;
#1545 = VECTOR ( 'NONE', #1427, 1000.000000000000000 ) ;
#1546 = LINE ( 'NONE', #2803, #1559 ) ;
#1547 = VECTOR ( 'NONE', #1429, 1000.000000000000000 ) ;
#1548 = CIRCLE ( 'NONE', #1447, 0.8000000000000003800 ) ;
#1549 = CIRCLE ( 'NONE', #1448, 1.300000000000000700 ) ;
#1550 = CIRCLE ( 'NONE', #1449, 1.300000000000000700 ) ;
#1551 = LINE ( 'NONE', #2797, #1553 ) ;
#1552 = LINE ( 'NONE', #2807, #1555 ) ;
#1553 = VECTOR ( 'NONE', #2798, 1000.000000000000000 ) ;
#1554 = LINE ( 'NONE', #2809, #1557 ) ;
#1555 = VECTOR ( 'NONE', #2808, 1000.000000000000000 ) ;
#1556 = LINE ( 'NONE', #2802, #1561 ) ;
#1557 = VECTOR ( 'NONE', #2811, 1000.000000000000000 ) ;
#1558 = LINE ( 'NONE', #2810, #1571 ) ;
#1559 = VECTOR ( 'NONE', #2812, 1000.000000000000000 ) ;
#1560 = LINE ( 'NONE', #2814, #1563 ) ;
#1561 = VECTOR ( 'NONE', #2813, 1000.000000000000000 ) ;
#1562 = LINE ( 'NONE', #2816, #1565 ) ;
#1563 = VECTOR ( 'NONE', #2815, 1000.000000000000000 ) ;
#1564 = LINE ( 'NONE', #2818, #1567 ) ;
#1565 = VECTOR ( 'NONE', #2817, 1000.000000000000000 ) ;
#1566 = LINE ( 'NONE', #2820, #1569 ) ;
#1567 = VECTOR ( 'NONE', #2819, 1000.000000000000000 ) ;
#1568 = CIRCLE ( 'NONE', #1450, 0.8000000000000003800 ) ;
#1569 = VECTOR ( 'NONE', #2821, 1000.000000000000000 ) ;
#1570 = LINE ( 'NONE', #2823, #1573 ) ;
#1571 = VECTOR ( 'NONE', #2822, 1000.000000000000000 ) ;
#1572 = LINE ( 'NONE', #2825, #1575 ) ;
#1573 = VECTOR ( 'NONE', #2824, 1000.000000000000000 ) ;
#1574 = LINE ( 'NONE', #2827, #1577 ) ;
#1575 = VECTOR ( 'NONE', #2826, 1000.000000000000000 ) ;
#1576 = LINE ( 'NONE', #2829, #1579 ) ;
#1577 = VECTOR ( 'NONE', #2828, 1000.000000000000000 ) ;
#1578 = LINE ( 'NONE', #2831, #1581 ) ;
#1579 = VECTOR ( 'NONE', #2830, 1000.000000000000000 ) ;
#1580 = LINE ( 'NONE', #2833, #1583 ) ;
#1581 = VECTOR ( 'NONE', #2832, 1000.000000000000000 ) ;
#1582 = LINE ( 'NONE', #2847, #1595 ) ;
#1583 = VECTOR ( 'NONE', #2834, 1000.000000000000000 ) ;
#1584 = CIRCLE ( 'NONE', #1451, 0.8000000000000003800 ) ;
#1585 = CIRCLE ( 'NONE', #1452, 1.300000000000000700 ) ;
#1586 = CIRCLE ( 'NONE', #1453, 1.300000000000000700 ) ;
#1587 = LINE ( 'NONE', #2841, #1589 ) ;
#1588 = LINE ( 'NONE', #2851, #1591 ) ;
#1589 = VECTOR ( 'NONE', #2842, 1000.000000000000000 ) ;
#1590 = LINE ( 'NONE', #2853, #1593 ) ;
#1591 = VECTOR ( 'NONE', #2852, 1000.000000000000000 ) ;
#1592 = LINE ( 'NONE', #2846, #1597 ) ;
#1593 = VECTOR ( 'NONE', #2855, 1000.000000000000000 ) ;
#1594 = LINE ( 'NONE', #2854, #1607 ) ;
#1595 = VECTOR ( 'NONE', #2856, 1000.000000000000100 ) ;
#1596 = LINE ( 'NONE', #2858, #1599 ) ;
#1597 = VECTOR ( 'NONE', #2857, 1000.000000000000000 ) ;
#1598 = LINE ( 'NONE', #2860, #1601 ) ;
#1599 = VECTOR ( 'NONE', #2859, 1000.000000000000000 ) ;
#1600 = LINE ( 'NONE', #2862, #1603 ) ;
#1601 = VECTOR ( 'NONE', #2861, 1000.000000000000000 ) ;
#1602 = LINE ( 'NONE', #2864, #1605 ) ;
#1603 = VECTOR ( 'NONE', #2863, 1000.000000000000100 ) ;
#1604 = CIRCLE ( 'NONE', #1454, 0.8000000000000003800 ) ;
#1605 = VECTOR ( 'NONE', #2865, 1000.000000000000000 ) ;
#1606 = LINE ( 'NONE', #2867, #1609 ) ;
#1607 = VECTOR ( 'NONE', #2866, 1000.000000000000000 ) ;
#1608 = LINE ( 'NONE', #2869, #1611 ) ;
#1609 = VECTOR ( 'NONE', #2868, 1000.000000000000000 ) ;
#1610 = LINE ( 'NONE', #2871, #1613 ) ;
#1611 = VECTOR ( 'NONE', #2870, 1000.000000000000000 ) ;
#1612 = LINE ( 'NONE', #2873, #1615 ) ;
#1613 = VECTOR ( 'NONE', #2872, 1000.000000000000100 ) ;
#1614 = LINE ( 'NONE', #2875, #1617 ) ;
#1615 = VECTOR ( 'NONE', #2874, 1000.000000000000100 ) ;
#1616 = LINE ( 'NONE', #2877, #1619 ) ;
#1617 = VECTOR ( 'NONE', #2876, 1000.000000000000000 ) ;
#1618 = LINE ( 'NONE', #2891, #1631 ) ;
#1619 = VECTOR ( 'NONE', #2878, 1000.000000000000000 ) ;
#1620 = CIRCLE ( 'NONE', #1455, 0.8000000000000003800 ) ;
#1621 = CIRCLE ( 'NONE', #1456, 1.300000000000000700 ) ;
#1622 = CIRCLE ( 'NONE', #1457, 1.300000000000000700 ) ;
#1623 = LINE ( 'NONE', #2885, #1625 ) ;
#1624 = LINE ( 'NONE', #2895, #1627 ) ;
#1625 = VECTOR ( 'NONE', #2886, 1000.000000000000000 ) ;
#1626 = LINE ( 'NONE', #2897, #1629 ) ;
#1627 = VECTOR ( 'NONE', #2896, 1000.000000000000000 ) ;
#1628 = LINE ( 'NONE', #2890, #1633 ) ;
#1629 = VECTOR ( 'NONE', #2899, 1000.000000000000000 ) ;
#1630 = LINE ( 'NONE', #2898, #1643 ) ;
#1631 = VECTOR ( 'NONE', #2900, 1000.000000000000100 ) ;
#1632 = LINE ( 'NONE', #2902, #1635 ) ;
#1633 = VECTOR ( 'NONE', #2901, 1000.000000000000000 ) ;
#1634 = LINE ( 'NONE', #2904, #1637 ) ;
#1635 = VECTOR ( 'NONE', #2903, 1000.000000000000000 ) ;
#1636 = LINE ( 'NONE', #2906, #1639 ) ;
#1637 = VECTOR ( 'NONE', #2905, 1000.000000000000000 ) ;
#1638 = LINE ( 'NONE', #2908, #1641 ) ;
#1639 = VECTOR ( 'NONE', #2907, 1000.000000000000100 ) ;
#1640 = CIRCLE ( 'NONE', #1458, 0.8000000000000003800 ) ;
#1641 = VECTOR ( 'NONE', #2909, 1000.000000000000000 ) ;
#1642 = LINE ( 'NONE', #2911, #1645 ) ;
#1643 = VECTOR ( 'NONE', #2910, 1000.000000000000000 ) ;
#1644 = LINE ( 'NONE', #2913, #1647 ) ;
#1645 = VECTOR ( 'NONE', #2912, 1000.000000000000000 ) ;
#1646 = LINE ( 'NONE', #2915, #1649 ) ;
#1647 = VECTOR ( 'NONE', #2914, 1000.000000000000000 ) ;
#1648 = LINE ( 'NONE', #2917, #1651 ) ;
#1649 = VECTOR ( 'NONE', #2916, 1000.000000000000100 ) ;
#1650 = LINE ( 'NONE', #2919, #1653 ) ;
#1651 = VECTOR ( 'NONE', #2918, 1000.000000000000100 ) ;
#1652 = LINE ( 'NONE', #2921, #1655 ) ;
#1653 = VECTOR ( 'NONE', #2920, 1000.000000000000000 ) ;
#1654 = LINE ( 'NONE', #2935, #1667 ) ;
#1655 = VECTOR ( 'NONE', #2922, 1000.000000000000000 ) ;
#1656 = CIRCLE ( 'NONE', #1459, 0.8000000000000003800 ) ;
#1657 = CIRCLE ( 'NONE', #1460, 1.300000000000000700 ) ;
#1658 = CIRCLE ( 'NONE', #1461, 1.300000000000000700 ) ;
#1659 = LINE ( 'NONE', #2929, #1661 ) ;
#1660 = LINE ( 'NONE', #2939, #1663 ) ;
#1661 = VECTOR ( 'NONE', #2930, 1000.000000000000000 ) ;
#1662 = LINE ( 'NONE', #2941, #1665 ) ;
#1663 = VECTOR ( 'NONE', #2940, 1000.000000000000000 ) ;
#1664 = LINE ( 'NONE', #2934, #1675 ) ;
#1665 = VECTOR ( 'NONE', #2942, 1000.000000000000000 ) ;
#1666 = LINE ( 'NONE', #2944, #1669 ) ;
#1667 = VECTOR ( 'NONE', #2943, 1000.000000000000000 ) ;
#1668 = LINE ( 'NONE', #2946, #1671 ) ;
#1669 = VECTOR ( 'NONE', #2945, 1000.000000000000000 ) ;
#1670 = LINE ( 'NONE', #2948, #1673 ) ;
#1671 = VECTOR ( 'NONE', #2947, 1000.000000000000000 ) ;
#1672 = CIRCLE ( 'NONE', #1462, 0.5000000000000000000 ) ;
#1673 = VECTOR ( 'NONE', #2949, 1000.000000000000000 ) ;
#1674 = LINE ( 'NONE', #2951, #1677 ) ;
#1675 = VECTOR ( 'NONE', #2950, 1000.000000000000000 ) ;
#1676 = LINE ( 'NONE', #2953, #1679 ) ;
#1677 = VECTOR ( 'NONE', #2952, 1000.000000000000000 ) ;
#1678 = LINE ( 'NONE', #2955, #1681 ) ;
#1679 = VECTOR ( 'NONE', #2954, 1000.000000000000000 ) ;
#1680 = CIRCLE ( 'NONE', #1463, 0.04999999999999969700 ) ;
#1681 = VECTOR ( 'NONE', #2956, 1000.000000000000000 ) ;
#1682 = CIRCLE ( 'NONE', #1464, 0.04999999999999969700 ) ;
#1683 = CIRCLE ( 'NONE', #1467, 0.5499999999999997100 ) ;
#1684 = CIRCLE ( 'NONE', #1465, 0.5000000000000000000 ) ;
#1685 = LINE ( 'NONE', #2963, #1687 ) ;
#1686 = CIRCLE ( 'NONE', #1466, 0.05000000000000012800 ) ;
#1687 = VECTOR ( 'NONE', #2964, 1000.000000000000000 ) ;
#1688 = LINE ( 'NONE', #2983, #1694 ) ;
#1689 = CIRCLE ( 'NONE', #1468, 0.4499999999999999000 ) ;
#1690 = LINE ( 'NONE', #2974, #1692 ) ;
#1691 = CIRCLE ( 'NONE', #1469, 0.04999999999999969700 ) ;
#1692 = VECTOR ( 'NONE', #2975, 1000.000000000000000 ) ;
#1693 = COLOUR_RGB ( '',0.7529411764705882200, 0.7529411764705882200, 0.7529411764705882200 ) ;
#1694 = VECTOR ( 'NONE', #2979, 1000.000000000000000 ) ;
#1695 = SURFACE_STYLE_FILL_AREA ( #2993 ) ;
#1696 = PRESENTATION_STYLE_ASSIGNMENT (( #2995 ) ) ;
#1697 = SHAPE_DEFINITION_REPRESENTATION ( #3127, #2769 ) ;
#1698 = ADVANCED_FACE ( 'NONE', ( #3199 ), #3692, .T. ) ;
#1699 = ADVANCED_FACE ( 'NONE', ( #3450 ), #3687, .F. ) ;
#1700 = ADVANCED_FACE ( 'NONE', ( #3453 ), #3688, .T. ) ;
#1701 = ADVANCED_FACE ( 'NONE', ( #3454 ), #3689, .F. ) ;
#1702 = ADVANCED_FACE ( 'NONE', ( #3455 ), #3705, .T. ) ;
#1703 = ADVANCED_FACE ( 'NONE', ( #3456 ), #3459, .F. ) ;
#1704 = ADVANCED_FACE ( 'NONE', ( #3452 ), #3071, .T. ) ;
#1705 = ADVANCED_FACE ( 'NONE', ( #3457 ), #3700, .T. ) ;
#1706 = ADVANCED_FACE ( 'NONE', ( #3460 ), #3463, .F. ) ;
#1707 = ADVANCED_FACE ( 'NONE', ( #3458 ), #3465, .T. ) ;
#1708 = ADVANCED_FACE ( 'NONE', ( #3462 ), #3082, .T. ) ;
#1709 = ADVANCED_FACE ( 'NONE', ( #3461 ), #3081, .F. ) ;
#1710 = ADVANCED_FACE ( 'NONE', ( #3466 ), #3087, .F. ) ;
#1711 = ADVANCED_FACE ( 'NONE', ( #3467 ), #3092, .T. ) ;
#1712 = ADVANCED_FACE ( 'NONE', ( #3468 ), #3096, .T. ) ;
#1713 = ADVANCED_FACE ( 'NONE', ( #3469 ), #3100, .F. ) ;
#1714 = ADVANCED_FACE ( 'NONE', ( #3470 ), #3473, .T. ) ;
#1715 = ADVANCED_FACE ( 'NONE', ( #3464 ), #3105, .F. ) ;
#1716 = ADVANCED_FACE ( 'NONE', ( #3471 ), #3109, .T. ) ;
#1717 = ADVANCED_FACE ( 'NONE', ( #3474 ), #3477, .F. ) ;
#1718 = ADVANCED_FACE ( 'NONE', ( #3472 ), #3084, .F. ) ;
#1719 = ADVANCED_FACE ( 'NONE', ( #3475 ), #3243, .F. ) ;
#1720 = ADVANCED_FACE ( 'NONE', ( #3478 ), #3481, .T. ) ;
#1721 = ADVANCED_FACE ( 'NONE', ( #3476 ), #3237, .T. ) ;
#1722 = ADVANCED_FACE ( 'NONE', ( #3479 ), #3238, .T. ) ;
#1723 = ADVANCED_FACE ( 'NONE', ( #3482 ), #3232, .T. ) ;
#1724 = ADVANCED_FACE ( 'NONE', ( #3483 ), #3239, .T. ) ;
#1725 = ADVANCED_FACE ( 'NONE', ( #3484 ), #3240, .F. ) ;
#1726 = ADVANCED_FACE ( 'NONE', ( #3485 ), #3215, .T. ) ;
#1727 = ADVANCED_FACE ( 'NONE', ( #3486 ), #3252, .F. ) ;
#1728 = ADVANCED_FACE ( 'NONE', ( #3487 ), #3214, .T. ) ;
#1729 = ADVANCED_FACE ( 'NONE', ( #3488 ), #3221, .T. ) ;
#1730 = ADVANCED_FACE ( 'NONE', ( #3489 ), #3220, .T. ) ;
#1731 = ADVANCED_FACE ( 'NONE', ( #3490 ), #3036, .F. ) ;
#1732 = ADVANCED_FACE ( 'NONE', ( #3491 ), #3218, .F. ) ;
#1733 = ADVANCED_FACE ( 'NONE', ( #3492, #3494 ), #2793, .F. ) ;
#1734 = ADVANCED_FACE ( 'NONE', ( #3495 ), #1829, .F. ) ;
#1735 = ADVANCED_FACE ( 'NONE', ( #3499 ), #1821, .F. ) ;
#1736 = ADVANCED_FACE ( 'NONE', ( #3503 ), #1833, .T. ) ;
#1737 = ADVANCED_FACE ( 'NONE', ( #3507 ), #1844, .F. ) ;
#1738 = ADVANCED_FACE ( 'NONE', ( #3511 ), #1855, .T. ) ;
#1739 = ADVANCED_FACE ( 'NONE', ( #3514 ), #1866, .F. ) ;
#1740 = ADVANCED_FACE ( 'NONE', ( #2099 ), #1870, .T. ) ;
#1741 = ADVANCED_FACE ( 'NONE', ( #2102, #2104, #2101, #2103, #2100, #2105 ), #1881, .F. ) ;
#1742 = ADVANCED_FACE ( 'NONE', ( #2109 ), #2113, .T. ) ;
#1743 = ADVANCED_FACE ( 'NONE', ( #2117 ), #1906, .F. ) ;
#1744 = ADVANCED_FACE ( 'NONE', ( #2116 ), #1905, .F. ) ;
#1745 = ADVANCED_FACE ( 'NONE', ( #2118 ), #1910, .F. ) ;
#1746 = ADVANCED_FACE ( 'NONE', ( #2120 ), #1914, .T. ) ;
#1747 = ADVANCED_FACE ( 'NONE', ( #2124 ), #1925, .T. ) ;
#1748 = ADVANCED_FACE ( 'NONE', ( #2127 ), #1936, .F. ) ;
#1749 = ADVANCED_FACE ( 'NONE', ( #2129 ), #1940, .T. ) ;
#1750 = ADVANCED_FACE ( 'NONE', ( #2132 ), #1951, .T. ) ;
#1751 = ADVANCED_FACE ( 'NONE', ( #2133 ), #1955, .F. ) ;
#1752 = ADVANCED_FACE ( 'NONE', ( #2134 ), #1959, .T. ) ;
#1753 = ADVANCED_FACE ( 'NONE', ( #2135 ), #2137, .F. ) ;
#1754 = ADVANCED_FACE ( 'NONE', ( #2141 ), #1977, .F. ) ;
#1755 = ADVANCED_FACE ( 'NONE', ( #2142 ), #2150, .T. ) ;
#1756 = ADVANCED_FACE ( 'NONE', ( #2147 ), #2151, .T. ) ;
#1757 = ADVANCED_FACE ( 'NONE', ( #2155 ), #2160, .T. ) ;
#1758 = ADVANCED_FACE ( 'NONE', ( #2157 ), #2018, .F. ) ;
#1759 = ADVANCED_FACE ( 'NONE', ( #2156 ), #2017, .F. ) ;
#1760 = ADVANCED_FACE ( 'NONE', ( #2161 ), #2167, .T. ) ;
#1761 = ADVANCED_FACE ( 'NONE', ( #2164 ), #2172, .T. ) ;
#1762 = ADVANCED_FACE ( 'NONE', ( #2169 ), #2177, .T. ) ;
#1763 = ADVANCED_FACE ( 'NONE', ( #2174 ), #2056, .F. ) ;
#1764 = ADVANCED_FACE ( 'NONE', ( #2173 ), #2183, .T. ) ;
#1765 = ADVANCED_FACE ( 'NONE', ( #2180 ), #2184, .F. ) ;
#1766 = ADVANCED_FACE ( 'NONE', ( #2188 ), #2080, .T. ) ;
#1767 = ADVANCED_FACE ( 'NONE', ( #2187 ), #2194, .T. ) ;
#1768 = ADVANCED_FACE ( 'NONE', ( #2191 ), #2094, .F. ) ;
#1769 = ADVANCED_FACE ( 'NONE', ( #2190 ), #289, .T. ) ;
#1770 = ADVANCED_FACE ( 'NONE', ( #286 ), #294, .T. ) ;
#1771 = ADVANCED_FACE ( 'NONE', ( #291 ), #22, .F. ) ;
#1772 = ADVANCED_FACE ( 'NONE', ( #290 ), #300, .T. ) ;
#1773 = ADVANCED_FACE ( 'NONE', ( #297 ), #36, .F. ) ;
#1774 = ADVANCED_FACE ( 'NONE', ( #296 ), #306, .T. ) ;
#1775 = ADVANCED_FACE ( 'NONE', ( #303 ), #307, .T. ) ;
#1776 = ADVANCED_FACE ( 'NONE', ( #311 ), #316, .T. ) ;
#1777 = ADVANCED_FACE ( 'NONE', ( #313 ), #70, .T. ) ;
#1778 = ADVANCED_FACE ( 'NONE', ( #317 ), #321, .T. ) ;
#1779 = ADVANCED_FACE ( 'NONE', ( #325 ), #330, .T. ) ;
#1780 = ADVANCED_FACE ( 'NONE', ( #327 ), #331, .T. ) ;
#1781 = ADVANCED_FACE ( 'NONE', ( #335 ), #336, .T. ) ;
#1782 = ADVANCED_FACE ( 'NONE', ( #340 ), #121, .F. ) ;
#1783 = ADVANCED_FACE ( 'NONE', ( #339 ), #346, .T. ) ;
#1784 = ADVANCED_FACE ( 'NONE', ( #343 ), #135, .F. ) ;
#1785 = ADVANCED_FACE ( 'NONE', ( #342 ), #348, .F. ) ;
#1786 = ADVANCED_FACE ( 'NONE', ( #344 ), #142, .T. ) ;
#1787 = ADVANCED_FACE ( 'NONE', ( #347 ), #141, .F. ) ;
#1788 = ADVANCED_FACE ( 'NONE', ( #349 ), #146, .F. ) ;
#1789 = ADVANCED_FACE ( 'NONE', ( #350 ), #150, .T. ) ;
#1790 = ADVANCED_FACE ( 'NONE', ( #351 ), #154, .T. ) ;
#1791 = ADVANCED_FACE ( 'NONE', ( #352 ), #355, .T. ) ;
#1792 = ADVANCED_FACE ( 'NONE', ( #345 ), #165, .T. ) ;
#1793 = ADVANCED_FACE ( 'NONE', ( #353 ), #164, .T. ) ;
#1794 = ADVANCED_FACE ( 'NONE', ( #356 ), #169, .T. ) ;
#1795 = ADVANCED_FACE ( 'NONE', ( #357 ), #173, .F. ) ;
#1796 = ADVANCED_FACE ( 'NONE', ( #358 ), #177, .T. ) ;
#1797 = ADVANCED_FACE ( 'NONE', ( #359 ), #181, .F. ) ;
#1798 = ADVANCED_FACE ( 'NONE', ( #360 ), #363, .F. ) ;
#1799 = ADVANCED_FACE ( 'NONE', ( #354 ), #365, .T. ) ;
#1800 = ADVANCED_FACE ( 'NONE', ( #362 ), #195, .F. ) ;
#1801 = ADVANCED_FACE ( 'NONE', ( #361 ), #194, .F. ) ;
#1802 = ADVANCED_FACE ( 'NONE', ( #366 ), #199, .T. ) ;
#1803 = ADVANCED_FACE ( 'NONE', ( #367 ), #203, .F. ) ;
#1804 = ADVANCED_FACE ( 'NONE', ( #368 ), #207, .F. ) ;
#1805 = ADVANCED_FACE ( 'NONE', ( #369 ), #211, .T. ) ;
#1806 = ADVANCED_FACE ( 'NONE', ( #370 ), #215, .T. ) ;
#1807 = ADVANCED_FACE ( 'NONE', ( #371 ), #219, .F. ) ;
#1808 = ADVANCED_FACE ( 'NONE', ( #372 ), #223, .T. ) ;
#1809 = ADVANCED_FACE ( 'NONE', ( #373 ), #227, .T. ) ;
#1810 = ADVANCED_FACE ( 'NONE', ( #374 ), #231, .T. ) ;
#1811 = ADVANCED_FACE ( 'NONE', ( #375 ), #235, .T. ) ;
#1812 = ADVANCED_FACE ( 'NONE', ( #376 ), #239, .T. ) ;
#1813 = ADVANCED_FACE ( 'NONE', ( #377 ), #243, .T. ) ;
#1814 = ADVANCED_FACE ( 'NONE', ( #378 ), #247, .T. ) ;
#1815 = ADVANCED_FACE ( 'NONE', ( #379 ), #251, .F. ) ;
#1816 = ADVANCED_FACE ( 'NONE', ( #380 ), #255, .F. ) ;
#1817 =( NAMED_UNIT ( * ) SI_UNIT ( $, .STERADIAN. ) SOLID_ANGLE_UNIT ( ) );
#1818 = CARTESIAN_POINT ( 'NONE',  ( 4.237870616560472900, 5.080000000000000100, 4.439999999999999500 ) ) ;
#1819 = DIRECTION ( 'NONE',  ( -1.002340128212495400E-016, 0.0000000000000000000, -1.000000000000000000 ) ) ;
#1820 = DIRECTION ( 'NONE',  ( -1.000000000000000000, 0.0000000000000000000, 1.002340128212495400E-016 ) ) ;
#1821 = PLANE ( 'NONE',  #4201 ) ;
#1822 = FILL_AREA_STYLE_COLOUR ( '', #3502 ) ;
#1823 = FILL_AREA_STYLE ('',( #2792 ) ) ;
#1824 = SURFACE_SIDE_STYLE ('',( #3497 ) ) ;
#1825 = SURFACE_STYLE_USAGE ( .BOTH. , #1824 ) ;
#1826 =( LENGTH_UNIT ( ) NAMED_UNIT ( * ) SI_UNIT ( .MILLI., .METRE. ) );
#1827 =( NAMED_UNIT ( * ) PLANE_ANGLE_UNIT ( ) SI_UNIT ( $, .RADIAN. ) );
#1828 =( NAMED_UNIT ( * ) SI_UNIT ( $, .STERADIAN. ) SOLID_ANGLE_UNIT ( ) );
#1829 = PLANE ( 'NONE',  #4196 ) ;
#1830 = CARTESIAN_POINT ( 'NONE',  ( -4.415496774159450400, 5.080000000000000100, 1.269999999999864100 ) ) ;
#1831 = DIRECTION ( 'NONE',  ( -8.735969836013952000E-018, -0.9961946980917458800, -0.08715574274765473800 ) ) ;
#1832 = DIRECTION ( 'NONE',  ( 0.0000000000000000000, 0.08715574274765472400, -0.9961946980917457700 ) ) ;
#1833 = PLANE ( 'NONE',  #4206 ) ;
#1834 = FILL_AREA_STYLE_COLOUR ( '', #3506 ) ;
#1835 = FILL_AREA_STYLE ('',( #1822 ) ) ;
#1836 = SURFACE_SIDE_STYLE ('',( #3501 ) ) ;
#1837 = SURFACE_STYLE_USAGE ( .BOTH. , #1836 ) ;
#1838 =( LENGTH_UNIT ( ) NAMED_UNIT ( * ) SI_UNIT ( .MILLI., .METRE. ) );
#1839 =( NAMED_UNIT ( * ) PLANE_ANGLE_UNIT ( ) SI_UNIT ( $, .RADIAN. ) );
#1840 =( NAMED_UNIT ( * ) SI_UNIT ( $, .STERADIAN. ) SOLID_ANGLE_UNIT ( ) );
#1841 = CARTESIAN_POINT ( 'NONE',  ( -4.317749835362384700, 5.080000000000000100, 0.01000000000000002600 ) ) ;
#1842 = DIRECTION ( 'NONE',  ( 3.049709410619616600E-018, -0.0000000000000000000, 1.000000000000000000 ) ) ;
#1843 = DIRECTION ( 'NONE',  ( 1.000000000000000000, 0.0000000000000000000, -3.049709410619616600E-018 ) ) ;
#1844 = PLANE ( 'NONE',  #4210 ) ;
#1845 = FILL_AREA_STYLE_COLOUR ( '', #3510 ) ;
#1846 = FILL_AREA_STYLE ('',( #1834 ) ) ;
#1847 = SURFACE_SIDE_STYLE ('',( #3505 ) ) ;
#1848 = SURFACE_STYLE_USAGE ( .BOTH. , #1847 ) ;
#1849 =( LENGTH_UNIT ( ) NAMED_UNIT ( * ) SI_UNIT ( .MILLI., .METRE. ) );
#1850 =( NAMED_UNIT ( * ) PLANE_ANGLE_UNIT ( ) SI_UNIT ( $, .RADIAN. ) );
#1851 =( NAMED_UNIT ( * ) SI_UNIT ( $, .STERADIAN. ) SOLID_ANGLE_UNIT ( ) );
#1852 = CARTESIAN_POINT ( 'NONE',  ( 4.237870616560472900, -4.802660936622820600, 4.439999999999999500 ) ) ;
#1853 = DIRECTION ( 'NONE',  ( 8.735969836013952000E-018, -0.9961946980917458800, 0.08715574274765473800 ) ) ;
#1854 = DIRECTION ( 'NONE',  ( 0.0000000000000000000, -0.08715574274765472400, -0.9961946980917457700 ) ) ;
#1855 = PLANE ( 'NONE',  #4212 ) ;
#1856 = CARTESIAN_POINT ( 'NONE',  ( -5.870000000000001000, -2.849999999999999200, 2.940025210376027200 ) ) ;
#1857 = FILL_AREA_STYLE ('',( #1845 ) ) ;
#1858 = SURFACE_SIDE_STYLE ('',( #3509 ) ) ;
#1859 = SURFACE_STYLE_USAGE ( .BOTH. , #1858 ) ;
#1860 =( LENGTH_UNIT ( ) NAMED_UNIT ( * ) SI_UNIT ( .MILLI., .METRE. ) );
#1861 =( NAMED_UNIT ( * ) PLANE_ANGLE_UNIT ( ) SI_UNIT ( $, .RADIAN. ) );
#1862 =( NAMED_UNIT ( * ) SI_UNIT ( $, .STERADIAN. ) SOLID_ANGLE_UNIT ( ) );
#1863 = CARTESIAN_POINT ( 'NONE',  ( -4.570000000000001200, 5.080000000000000100, 2.970000000000000600 ) ) ;
#1864 = DIRECTION ( 'NONE',  ( 0.9945218953682729600, 0.0000000000000000000, -0.1045284632676575900 ) ) ;
#1865 = DIRECTION ( 'NONE',  ( -0.1045284632676575900, 0.0000000000000000000, -0.9945218953682729600 ) ) ;
#1866 = PLANE ( 'NONE',  #4216 ) ;
#1867 = FILL_AREA_STYLE_COLOUR ( '', #3515 ) ;
#1868 = DIRECTION ( 'NONE',  ( -1.000000000000000000, 0.0000000000000000000, 0.0000000000000000000 ) ) ;
#1869 = DIRECTION ( 'NONE',  ( 0.0000000000000000000, 0.0000000000000000000, 1.000000000000000000 ) ) ;
#1870 = PLANE ( 'NONE',  #4218 ) ;
#1871 = CARTESIAN_POINT ( 'NONE',  ( -5.870000000000001000, 2.250000000000000400, 2.940025210376027200 ) ) ;
#1872 = FILL_AREA_STYLE ('',( #1867 ) ) ;
#1873 = SURFACE_SIDE_STYLE ('',( #3512 ) ) ;
#1874 = SURFACE_STYLE_USAGE ( .BOTH. , #1873 ) ;
#1875 =( LENGTH_UNIT ( ) NAMED_UNIT ( * ) SI_UNIT ( .MILLI., .METRE. ) );
#1876 =( NAMED_UNIT ( * ) PLANE_ANGLE_UNIT ( ) SI_UNIT ( $, .RADIAN. ) );
#1877 =( NAMED_UNIT ( * ) SI_UNIT ( $, .STERADIAN. ) SOLID_ANGLE_UNIT ( ) );
#1878 = CARTESIAN_POINT ( 'NONE',  ( 4.570000000000000300, 5.080000000000000100, 0.009999999999999998500 ) ) ;
#1879 = DIRECTION ( 'NONE',  ( -1.000000000000000000, 0.0000000000000000000, 0.0000000000000000000 ) ) ;
#1880 = DIRECTION ( 'NONE',  ( 0.0000000000000000000, 0.0000000000000000000, 1.000000000000000000 ) ) ;
#1881 = PLANE ( 'NONE',  #2199 ) ;
#1882 = FILL_AREA_STYLE ('',( #1887 ) ) ;
#1883 = DIRECTION ( 'NONE',  ( -1.000000000000000000, 0.0000000000000000000, 0.0000000000000000000 ) ) ;
#1884 = DIRECTION ( 'NONE',  ( 0.0000000000000000000, 0.0000000000000000000, 1.000000000000000000 ) ) ;
#1885 = CARTESIAN_POINT ( 'NONE',  ( -3.500000000000000000, -4.286263797015737100E-016, 4.390000000000000600 ) ) ;
#1886 = FILL_AREA_STYLE_COLOUR ( '', #2112 ) ;
#1887 = FILL_AREA_STYLE_COLOUR ( '', #2106 ) ;
#1888 = SURFACE_SIDE_STYLE ('',( #2107 ) ) ;
#1889 = SURFACE_STYLE_USAGE ( .BOTH. , #1888 ) ;
#1890 =( LENGTH_UNIT ( ) NAMED_UNIT ( * ) SI_UNIT ( .MILLI., .METRE. ) );
#1891 =( NAMED_UNIT ( * ) PLANE_ANGLE_UNIT ( ) SI_UNIT ( $, .RADIAN. ) );
#1892 =( NAMED_UNIT ( * ) SI_UNIT ( $, .STERADIAN. ) SOLID_ANGLE_UNIT ( ) );
#1893 = CARTESIAN_POINT ( 'NONE',  ( -4.570000000000001200, 5.080000000000000100, 2.970000000000000600 ) ) ;
#1894 = DIRECTION ( 'NONE',  ( 1.000000000000000000, -0.0000000000000000000, 1.548860246407862700E-015 ) ) ;
#1895 = DIRECTION ( 'NONE',  ( 1.548860246407862700E-015, 0.0000000000000000000, -1.000000000000000000 ) ) ;
#1896 = CARTESIAN_POINT ( 'NONE',  ( -3.049999999999998900, 4.165000000000000000, -4.573977915173221800E-017 ) ) ;
#1897 = FILL_AREA_STYLE ('',( #1886 ) ) ;
#1898 = SURFACE_SIDE_STYLE ('',( #2111 ) ) ;
#1899 = SURFACE_STYLE_USAGE ( .BOTH. , #1898 ) ;
#1900 =( LENGTH_UNIT ( ) NAMED_UNIT ( * ) SI_UNIT ( .MILLI., .METRE. ) );
#1901 =( NAMED_UNIT ( * ) PLANE_ANGLE_UNIT ( ) SI_UNIT ( $, .RADIAN. ) );
#1902 =( NAMED_UNIT ( * ) SI_UNIT ( $, .STERADIAN. ) SOLID_ANGLE_UNIT ( ) );
#1903 = DIRECTION ( 'NONE',  ( -1.002340128212495400E-016, 0.0000000000000000000, -1.000000000000000000 ) ) ;
#1904 = DIRECTION ( 'NONE',  ( -1.000000000000000000, 0.0000000000000000000, 1.002340128212495400E-016 ) ) ;
#1905 = PLANE ( 'NONE',  #2206 ) ;
#1906 = PLANE ( 'NONE',  #2204 ) ;
#1907 = CARTESIAN_POINT ( 'NONE',  ( 4.570000000000000300, 4.165000000000000000, 9.656175598699023900E-017 ) ) ;
#1908 = DIRECTION ( 'NONE',  ( 1.000000000000000000, -1.041250585820412600E-016, 1.863199863991166100E-017 ) ) ;
#1909 = DIRECTION ( 'NONE',  ( 1.041250585820412600E-016, 1.000000000000000000, 0.0000000000000000000 ) ) ;
#1910 = PLANE ( 'NONE',  #2211 ) ;
#1911 = FILL_AREA_STYLE_COLOUR ( '', #2119 ) ;
#1912 = DIRECTION ( 'NONE',  ( 0.0000000000000000000, -1.000000000000000000, 0.0000000000000000000 ) ) ;
#1913 = DIRECTION ( 'NONE',  ( 0.0000000000000000000, 0.0000000000000000000, -1.000000000000000000 ) ) ;
#1914 = PLANE ( 'NONE',  #2215 ) ;
#1915 = FILL_AREA_STYLE_COLOUR ( '', #2123 ) ;
#1916 = FILL_AREA_STYLE ('',( #1911 ) ) ;
#1917 = SURFACE_SIDE_STYLE ('',( #2115 ) ) ;
#1918 = SURFACE_STYLE_USAGE ( .BOTH. , #1917 ) ;
#1919 =( LENGTH_UNIT ( ) NAMED_UNIT ( * ) SI_UNIT ( .MILLI., .METRE. ) );
#1920 =( NAMED_UNIT ( * ) PLANE_ANGLE_UNIT ( ) SI_UNIT ( $, .RADIAN. ) );
#1921 =( NAMED_UNIT ( * ) SI_UNIT ( $, .STERADIAN. ) SOLID_ANGLE_UNIT ( ) );
#1922 = CARTESIAN_POINT ( 'NONE',  ( 4.570000000000000300, 5.080000000000000100, 1.280000000000000000 ) ) ;
#1923 = DIRECTION ( 'NONE',  ( -0.9945218953682737300, 0.0000000000000000000, -0.1045284632676502100 ) ) ;
#1924 = DIRECTION ( 'NONE',  ( -0.1045284632676502100, 0.0000000000000000000, 0.9945218953682737300 ) ) ;
#1925 = PLANE ( 'NONE',  #2217 ) ;
#1926 = CARTESIAN_POINT ( 'NONE',  ( -5.870000000000001000, -1.149999999999999700, 2.940025210376027200 ) ) ;
#1927 = FILL_AREA_STYLE ('',( #1915 ) ) ;
#1928 = SURFACE_SIDE_STYLE ('',( #2122 ) ) ;
#1929 = SURFACE_STYLE_USAGE ( .BOTH. , #1928 ) ;
#1930 =( LENGTH_UNIT ( ) NAMED_UNIT ( * ) SI_UNIT ( .MILLI., .METRE. ) );
#1931 =( NAMED_UNIT ( * ) PLANE_ANGLE_UNIT ( ) SI_UNIT ( $, .RADIAN. ) );
#1932 =( NAMED_UNIT ( * ) SI_UNIT ( $, .STERADIAN. ) SOLID_ANGLE_UNIT ( ) );
#1933 = CARTESIAN_POINT ( 'NONE',  ( -4.415496774159450400, -5.080000000000000100, 4.440000000000000400 ) ) ;
#1934 = DIRECTION ( 'NONE',  ( 0.0000000000000000000, -1.000000000000000000, 0.0000000000000000000 ) ) ;
#1935 = DIRECTION ( 'NONE',  ( 0.0000000000000000000, -0.0000000000000000000, -1.000000000000000000 ) ) ;
#1936 = PLANE ( 'NONE',  #2221 ) ;
#1937 = FILL_AREA_STYLE_COLOUR ( '', #2128 ) ;
#1938 = DIRECTION ( 'NONE',  ( -1.000000000000000000, 0.0000000000000000000, 0.0000000000000000000 ) ) ;
#1939 = DIRECTION ( 'NONE',  ( 0.0000000000000000000, 0.0000000000000000000, 1.000000000000000000 ) ) ;
#1940 = PLANE ( 'NONE',  #2222 ) ;
#1941 = CARTESIAN_POINT ( 'NONE',  ( 4.569999999999999400, -4.165000000000000000, 9.656175598699023900E-017 ) ) ;
#1942 = FILL_AREA_STYLE ('',( #1937 ) ) ;
#1943 = SURFACE_SIDE_STYLE ('',( #2125 ) ) ;
#1944 = SURFACE_STYLE_USAGE ( .BOTH. , #1943 ) ;
#1945 =( LENGTH_UNIT ( ) NAMED_UNIT ( * ) SI_UNIT ( .MILLI., .METRE. ) );
#1946 =( NAMED_UNIT ( * ) PLANE_ANGLE_UNIT ( ) SI_UNIT ( $, .RADIAN. ) );
#1947 =( NAMED_UNIT ( * ) SI_UNIT ( $, .STERADIAN. ) SOLID_ANGLE_UNIT ( ) );
#1948 = CARTESIAN_POINT ( 'NONE',  ( -4.570000000000000300, 5.080000000000000100, 2.410000000000000100 ) ) ;
#1949 = DIRECTION ( 'NONE',  ( 0.9945218953682737300, -0.0000000000000000000, 0.1045284632676503300 ) ) ;
#1950 = DIRECTION ( 'NONE',  ( 0.1045284632676503200, 0.0000000000000000000, -0.9945218953682736200 ) ) ;
#1951 = PLANE ( 'NONE',  #2223 ) ;
#1952 = CARTESIAN_POINT ( 'NONE',  ( -5.870000000000001000, 0.5500000000000000400, 2.940025210376027200 ) ) ;
#1953 = DIRECTION ( 'NONE',  ( 1.867474214418930200E-017, -1.944508619768225400E-033, -1.000000000000000000 ) ) ;
#1954 = DIRECTION ( 'NONE',  ( -1.000000000000000000, 0.0000000000000000000, -1.867474214418930200E-017 ) ) ;
#1955 = PLANE ( 'NONE',  #2224 ) ;
#1956 = CARTESIAN_POINT ( 'NONE',  ( 4.569999999999999400, -4.165000000000000000, 9.656175598699023900E-017 ) ) ;
#1957 = DIRECTION ( 'NONE',  ( -1.000000000000000000, 0.0000000000000000000, 0.0000000000000000000 ) ) ;
#1958 = DIRECTION ( 'NONE',  ( 0.0000000000000000000, 0.0000000000000000000, 1.000000000000000000 ) ) ;
#1959 = PLANE ( 'NONE',  #2226 ) ;
#1960 = CARTESIAN_POINT ( 'NONE',  ( -5.870000000000001000, 3.949999999999999700, 2.940025210376027200 ) ) ;
#1961 = DIRECTION ( 'NONE',  ( 0.0000000000000000000, 1.000000000000000000, 0.0000000000000000000 ) ) ;
#1962 = DIRECTION ( 'NONE',  ( 0.0000000000000000000, -0.0000000000000000000, 1.000000000000000000 ) ) ;
#1963 = CARTESIAN_POINT ( 'NONE',  ( -3.500000000000000000, -4.286263797015737100E-016, 4.389999999999998800 ) ) ;
#1964 = FILL_AREA_STYLE_COLOUR ( '', #2136 ) ;
#1965 = DIRECTION ( 'NONE',  ( -1.000000000000000000, 0.0000000000000000000, 0.0000000000000000000 ) ) ;
#1966 = DIRECTION ( 'NONE',  ( 0.0000000000000000000, 0.0000000000000000000, 1.000000000000000000 ) ) ;
#1967 = FILL_AREA_STYLE_COLOUR ( '', #2140 ) ;
#1968 = FILL_AREA_STYLE ('',( #1964 ) ) ;
#1969 = SURFACE_SIDE_STYLE ('',( #2131 ) ) ;
#1970 = SURFACE_STYLE_USAGE ( .BOTH. , #1969 ) ;
#1971 =( LENGTH_UNIT ( ) NAMED_UNIT ( * ) SI_UNIT ( .MILLI., .METRE. ) );
#1972 =( NAMED_UNIT ( * ) PLANE_ANGLE_UNIT ( ) SI_UNIT ( $, .RADIAN. ) );
#1973 =( NAMED_UNIT ( * ) SI_UNIT ( $, .STERADIAN. ) SOLID_ANGLE_UNIT ( ) );
#1974 = DIRECTION ( 'NONE',  ( 0.0000000000000000000, 0.0000000000000000000, 1.000000000000000000 ) ) ;
#1975 = DIRECTION ( 'NONE',  ( 1.000000000000000000, 0.0000000000000000000, 0.0000000000000000000 ) ) ;
#1976 = DIRECTION ( 'NONE',  ( 1.542966365556588100E-015, 0.08715574274765472400, -0.9961946980917458800 ) ) ;
#1977 = PLANE ( 'NONE',  #2236 ) ;
#1978 = FILL_AREA_STYLE_COLOUR ( '', #2145 ) ;
#1979 = FILL_AREA_STYLE ('',( #1967 ) ) ;
#1980 = SURFACE_SIDE_STYLE ('',( #2139 ) ) ;
#1981 = SURFACE_STYLE_USAGE ( .BOTH. , #1980 ) ;
#1982 =( LENGTH_UNIT ( ) NAMED_UNIT ( * ) SI_UNIT ( .MILLI., .METRE. ) );
#1983 =( NAMED_UNIT ( * ) PLANE_ANGLE_UNIT ( ) SI_UNIT ( $, .RADIAN. ) );
#1984 =( NAMED_UNIT ( * ) SI_UNIT ( $, .STERADIAN. ) SOLID_ANGLE_UNIT ( ) );
#1985 = CARTESIAN_POINT ( 'NONE',  ( -4.415496774159450400, 5.080000000000000100, 4.440000000000000400 ) ) ;
#1986 = DIRECTION ( 'NONE',  ( 0.0000000000000000000, -1.000000000000000000, 0.0000000000000000000 ) ) ;
#1987 = DIRECTION ( 'NONE',  ( 0.0000000000000000000, -0.0000000000000000000, -1.000000000000000000 ) ) ;
#1988 = CARTESIAN_POINT ( 'NONE',  ( -4.443000000000000500, 4.805882322325452100, 2.946017810731425000 ) ) ;
#1989 = FILL_AREA_STYLE_COLOUR ( '', #2146 ) ;
#1990 = FILL_AREA_STYLE ('',( #1978 ) ) ;
#1991 = SURFACE_SIDE_STYLE ('',( #2144 ) ) ;
#1992 = SURFACE_STYLE_USAGE ( .BOTH. , #1991 ) ;
#1993 =( LENGTH_UNIT ( ) NAMED_UNIT ( * ) SI_UNIT ( .MILLI., .METRE. ) );
#1994 =( NAMED_UNIT ( * ) PLANE_ANGLE_UNIT ( ) SI_UNIT ( $, .RADIAN. ) );
#1995 =( NAMED_UNIT ( * ) SI_UNIT ( $, .STERADIAN. ) SOLID_ANGLE_UNIT ( ) );
#1996 = DIRECTION ( 'NONE',  ( 0.0000000000000000000, 0.9961946980917458800, 0.08715574274765351700 ) ) ;
#1997 = CARTESIAN_POINT ( 'NONE',  ( 4.123519302934648000, 4.686286877522607400, 4.312999999999998800 ) ) ;
#1998 = FILL_AREA_STYLE_COLOUR ( '', #2154 ) ;
#1999 = FILL_AREA_STYLE ('',( #1989 ) ) ;
#2000 = SURFACE_SIDE_STYLE ('',( #2149 ) ) ;
#2001 = SURFACE_STYLE_USAGE ( .BOTH. , #2000 ) ;
#2002 =( LENGTH_UNIT ( ) NAMED_UNIT ( * ) SI_UNIT ( .MILLI., .METRE. ) );
#2003 =( NAMED_UNIT ( * ) PLANE_ANGLE_UNIT ( ) SI_UNIT ( $, .RADIAN. ) );
#2004 =( NAMED_UNIT ( * ) SI_UNIT ( $, .STERADIAN. ) SOLID_ANGLE_UNIT ( ) );
#2005 = DIRECTION ( 'NONE',  ( 0.0000000000000000000, 1.000000000000000000, 0.0000000000000000000 ) ) ;
#2006 = DIRECTION ( 'NONE',  ( 1.000000000000000000, 0.0000000000000000000, 0.0000000000000000000 ) ) ;
#2007 = CARTESIAN_POINT ( 'NONE',  ( 4.444843892663792300, 4.953757154456337900, 1.255800745213275100 ) ) ;
#2008 = DIRECTION ( 'NONE',  ( -0.1041350224314032800, -0.08668189170242450400, 0.9907785558610462400 ) ) ;
#2009 = CARTESIAN_POINT ( 'NONE',  ( 5.169999999999999900, 5.080000000000000100, 1.270000000000000000 ) ) ;
#2010 = FILL_AREA_STYLE ('',( #1998 ) ) ;
#2011 = SURFACE_SIDE_STYLE ('',( #2153 ) ) ;
#2012 = SURFACE_STYLE_USAGE ( .BOTH. , #2011 ) ;
#2013 =( LENGTH_UNIT ( ) NAMED_UNIT ( * ) SI_UNIT ( .MILLI., .METRE. ) );
#2014 =( NAMED_UNIT ( * ) PLANE_ANGLE_UNIT ( ) SI_UNIT ( $, .RADIAN. ) );
#2015 =( NAMED_UNIT ( * ) SI_UNIT ( $, .STERADIAN. ) SOLID_ANGLE_UNIT ( ) );
#2016 = DIRECTION ( 'NONE',  ( 0.9945218953682735100, 0.0000000000000000000, 0.1045284632676510000 ) ) ;
#2017 = PLANE ( 'NONE',  #2253 ) ;
#2018 = PLANE ( 'NONE',  #2251 ) ;
#2019 = CARTESIAN_POINT ( 'NONE',  ( -4.570000000000001200, 3.949999999999999700, 2.440025210376026700 ) ) ;
#2020 = DIRECTION ( 'NONE',  ( -0.8823529411764705600, -0.4705882352941177500, 0.0000000000000000000 ) ) ;
#2021 = DIRECTION ( 'NONE',  ( 0.4705882352941177500, -0.8823529411764705600, 0.0000000000000000000 ) ) ;
#2022 = DIRECTION ( 'NONE',  ( 0.1041350224314034100, 0.08668189170242450400, -0.9907785558610462400 ) ) ;
#2023 = FILL_AREA_STYLE_COLOUR ( '', #2162 ) ;
#2024 = DIRECTION ( 'NONE',  ( 0.0000000000000000000, -0.0000000000000000000, 1.000000000000000000 ) ) ;
#2025 = DIRECTION ( 'NONE',  ( 1.000000000000000000, 0.0000000000000000000, -0.0000000000000000000 ) ) ;
#2026 = CARTESIAN_POINT ( 'NONE',  ( -4.441634186987458900, 4.853332399645664100, 2.403660945191311300 ) ) ;
#2027 = FILL_AREA_STYLE_COLOUR ( '', #2163 ) ;
#2028 = FILL_AREA_STYLE ('',( #2023 ) ) ;
#2029 = SURFACE_SIDE_STYLE ('',( #2159 ) ) ;
#2030 = SURFACE_STYLE_USAGE ( .BOTH. , #2029 ) ;
#2031 =( LENGTH_UNIT ( ) NAMED_UNIT ( * ) SI_UNIT ( .MILLI., .METRE. ) );
#2032 =( NAMED_UNIT ( * ) PLANE_ANGLE_UNIT ( ) SI_UNIT ( $, .RADIAN. ) );
#2033 =( NAMED_UNIT ( * ) SI_UNIT ( $, .STERADIAN. ) SOLID_ANGLE_UNIT ( ) );
#2034 = DIRECTION ( 'NONE',  ( -0.9945218953682737300, 0.0000000000000000000, -0.1045284632676493200 ) ) ;
#2035 = CARTESIAN_POINT ( 'NONE',  ( -4.653037952378758400, 4.953000000000000300, 4.415033416119152700 ) ) ;
#2036 = DIRECTION ( 'NONE',  ( -0.1045284632676503300, 0.0000000000000000000, 0.9945218953682737300 ) ) ;
#2037 = FILL_AREA_STYLE_COLOUR ( '', #2168 ) ;
#2038 = FILL_AREA_STYLE ('',( #2027 ) ) ;
#2039 = SURFACE_SIDE_STYLE ('',( #2166 ) ) ;
#2040 = SURFACE_STYLE_USAGE ( .BOTH. , #2039 ) ;
#2041 =( LENGTH_UNIT ( ) NAMED_UNIT ( * ) SI_UNIT ( .MILLI., .METRE. ) );
#2042 =( NAMED_UNIT ( * ) PLANE_ANGLE_UNIT ( ) SI_UNIT ( $, .RADIAN. ) );
#2043 =( NAMED_UNIT ( * ) SI_UNIT ( $, .STERADIAN. ) SOLID_ANGLE_UNIT ( ) );
#2044 = DIRECTION ( 'NONE',  ( 0.9945218953682737300, 0.0000000000000000000, 0.1045284632676493200 ) ) ;
#2045 = CARTESIAN_POINT ( 'NONE',  ( 4.123519302934648000, 5.080000000000000100, 4.312999999999998800 ) ) ;
#2046 = DIRECTION ( 'NONE',  ( 0.0000000000000000000, -1.000000000000000000, 0.0000000000000000000 ) ) ;
#2047 = CARTESIAN_POINT ( 'NONE',  ( 5.970000000000000600, 3.580000000000000100, 1.270000000000000000 ) ) ;
#2048 = FILL_AREA_STYLE ('',( #2037 ) ) ;
#2049 = SURFACE_SIDE_STYLE ('',( #2171 ) ) ;
#2050 = SURFACE_STYLE_USAGE ( .BOTH. , #2049 ) ;
#2051 =( LENGTH_UNIT ( ) NAMED_UNIT ( * ) SI_UNIT ( .MILLI., .METRE. ) );
#2052 =( NAMED_UNIT ( * ) PLANE_ANGLE_UNIT ( ) SI_UNIT ( $, .RADIAN. ) );
#2053 =( NAMED_UNIT ( * ) SI_UNIT ( $, .STERADIAN. ) SOLID_ANGLE_UNIT ( ) );
#2054 = DIRECTION ( 'NONE',  ( 0.0000000000000000000, 0.0000000000000000000, -1.000000000000000000 ) ) ;
#2055 = DIRECTION ( 'NONE',  ( -0.1041350224314106500, 0.08668189170242444900, -0.9907785558610455700 ) ) ;
#2056 = PLANE ( 'NONE',  #2269 ) ;
#2057 = FILL_AREA_STYLE_COLOUR ( '', #2178 ) ;
#2058 = DIRECTION ( 'NONE',  ( -1.000000000000000000, -1.211399075402798300E-016, 0.0000000000000000000 ) ) ;
#2059 = DIRECTION ( 'NONE',  ( 1.211399075402798300E-016, -1.000000000000000000, 0.0000000000000000000 ) ) ;
#2060 = CARTESIAN_POINT ( 'NONE',  ( -4.446178531267463500, 4.807012264977160500, 2.933102507123277500 ) ) ;
#2061 = FILL_AREA_STYLE_COLOUR ( '', #2179 ) ;
#2062 = FILL_AREA_STYLE ('',( #2057 ) ) ;
#2063 = SURFACE_SIDE_STYLE ('',( #2175 ) ) ;
#2064 = SURFACE_STYLE_USAGE ( .BOTH. , #2063 ) ;
#2065 =( LENGTH_UNIT ( ) NAMED_UNIT ( * ) SI_UNIT ( .MILLI., .METRE. ) );
#2066 =( NAMED_UNIT ( * ) PLANE_ANGLE_UNIT ( ) SI_UNIT ( $, .RADIAN. ) );
#2067 =( NAMED_UNIT ( * ) SI_UNIT ( $, .STERADIAN. ) SOLID_ANGLE_UNIT ( ) );
#2068 = DIRECTION ( 'NONE',  ( -0.9945218953682730700, 0.0000000000000000000, 0.1045284632676560800 ) ) ;
#2069 = CARTESIAN_POINT ( 'NONE',  ( -3.500000000000000000, -4.286263797015737100E-016, 4.389999999999998800 ) ) ;
#2070 = CARTESIAN_POINT ( 'NONE',  ( -5.870000000000001000, 3.949999999999999700, 2.940025210376027200 ) ) ;
#2071 = FILL_AREA_STYLE ('',( #2061 ) ) ;
#2072 = SURFACE_SIDE_STYLE ('',( #2182 ) ) ;
#2073 = SURFACE_STYLE_USAGE ( .BOTH. , #2072 ) ;
#2074 =( LENGTH_UNIT ( ) NAMED_UNIT ( * ) SI_UNIT ( .MILLI., .METRE. ) );
#2075 =( NAMED_UNIT ( * ) PLANE_ANGLE_UNIT ( ) SI_UNIT ( $, .RADIAN. ) );
#2076 =( NAMED_UNIT ( * ) SI_UNIT ( $, .STERADIAN. ) SOLID_ANGLE_UNIT ( ) );
#2077 = DIRECTION ( 'NONE',  ( 0.0000000000000000000, 0.0000000000000000000, 1.000000000000000000 ) ) ;
#2078 = DIRECTION ( 'NONE',  ( 1.000000000000000000, 0.0000000000000000000, 0.0000000000000000000 ) ) ;
#2079 = DIRECTION ( 'NONE',  ( -0.1041350224314032800, 0.08668189170242450400, 0.9907785558610462400 ) ) ;
#2080 = PLANE ( 'NONE',  #2280 ) ;
#2081 = FILL_AREA_STYLE_COLOUR ( '', #2189 ) ;
#2082 = DIRECTION ( 'NONE',  ( -1.000000000000000000, 0.0000000000000000000, 0.0000000000000000000 ) ) ;
#2083 = DIRECTION ( 'NONE',  ( 0.0000000000000000000, 0.0000000000000000000, 1.000000000000000000 ) ) ;
#2084 = CARTESIAN_POINT ( 'NONE',  ( 4.353133425977614700, -4.877417450909373300, 2.128367549532430100 ) ) ;
#2085 = CARTESIAN_POINT ( 'NONE',  ( 5.970000000000001500, -3.580000000000000100, 1.270000000000000000 ) ) ;
#2086 = FILL_AREA_STYLE ('',( #2081 ) ) ;
#2087 = SURFACE_SIDE_STYLE ('',( #2185 ) ) ;
#2088 = SURFACE_STYLE_USAGE ( .BOTH. , #2087 ) ;
#2089 =( LENGTH_UNIT ( ) NAMED_UNIT ( * ) SI_UNIT ( .MILLI., .METRE. ) );
#2090 =( NAMED_UNIT ( * ) PLANE_ANGLE_UNIT ( ) SI_UNIT ( $, .RADIAN. ) );
#2091 =( NAMED_UNIT ( * ) SI_UNIT ( $, .STERADIAN. ) SOLID_ANGLE_UNIT ( ) );
#2092 = DIRECTION ( 'NONE',  ( 0.9945218953682737300, 0.0000000000000000000, 0.1045284632676493200 ) ) ;
#2093 = DIRECTION ( 'NONE',  ( -0.1041350224314106500, -0.08668189170242444900, -0.9907785558610455700 ) ) ;
#2094 = PLANE ( 'NONE',  #2286 ) ;
#2095 = FILL_AREA_STYLE_COLOUR ( '', #2195 ) ;
#2096 = DIRECTION ( 'NONE',  ( -0.8823529411764705600, 0.4705882352941176400, 0.0000000000000000000 ) ) ;
#2097 = DIRECTION ( 'NONE',  ( -0.4705882352941176400, -0.8823529411764705600, 0.0000000000000000000 ) ) ;
#2098 = CARTESIAN_POINT ( 'NONE',  ( -4.354468064581279700, -4.730672561430193200, 3.805669311442430900 ) ) ;
#2099 = FACE_OUTER_BOUND ( 'NONE', #2599, .T. ) ;
#2100 = FACE_BOUND ( 'NONE', #2601, .T. ) ;
#2101 = FACE_OUTER_BOUND ( 'NONE', #2591, .T. ) ;
#2102 = FACE_BOUND ( 'NONE', #2603, .T. ) ;
#2103 = FACE_BOUND ( 'NONE', #2606, .T. ) ;
#2104 = FACE_BOUND ( 'NONE', #2608, .T. ) ;
#2105 = FACE_BOUND ( 'NONE', #2597, .T. ) ;
#2106 = COLOUR_RGB ( '',0.06274509803921568500, 0.06274509803921568500, 0.06274509803921568500 ) ;
#2107 = SURFACE_STYLE_FILL_AREA ( #1882 ) ;
#2108 = PRESENTATION_STYLE_ASSIGNMENT (( #1889 ) ) ;
#2109 = FACE_OUTER_BOUND ( 'NONE', #2593, .T. ) ;
#2110 = PRESENTATION_STYLE_ASSIGNMENT (( #1899 ) ) ;
#2111 = SURFACE_STYLE_FILL_AREA ( #1897 ) ;
#2112 = COLOUR_RGB ( '',0.0000000000000000000, 0.0000000000000000000, 0.0000000000000000000 ) ;
#2113 = TOROIDAL_SURFACE ( 'NONE', #2203, 0.5499999999999999300, 0.05000000000000000300 ) ;
#2114 = PRESENTATION_STYLE_ASSIGNMENT (( #1918 ) ) ;
#2115 = SURFACE_STYLE_FILL_AREA ( #1916 ) ;
#2116 = FACE_OUTER_BOUND ( 'NONE', #3404, .T. ) ;
#2117 = FACE_OUTER_BOUND ( 'NONE', #3405, .T. ) ;
#2118 = FACE_OUTER_BOUND ( 'NONE', #2611, .T. ) ;
#2119 = COLOUR_RGB ( '',0.06274509803921568500, 0.06274509803921568500, 0.06274509803921568500 ) ;
#2120 = FACE_OUTER_BOUND ( 'NONE', #2607, .T. ) ;
#2121 = PRESENTATION_STYLE_ASSIGNMENT (( #1929 ) ) ;
#2122 = SURFACE_STYLE_FILL_AREA ( #1927 ) ;
#2123 = COLOUR_RGB ( '',0.06274509803921568500, 0.06274509803921568500, 0.06274509803921568500 ) ;
#2124 = FACE_OUTER_BOUND ( 'NONE', #2604, .T. ) ;
#2125 = SURFACE_STYLE_FILL_AREA ( #1942 ) ;
#2126 = PRESENTATION_STYLE_ASSIGNMENT (( #1944 ) ) ;
#2127 = FACE_OUTER_BOUND ( 'NONE', #2609, .T. ) ;
#2128 = COLOUR_RGB ( '',0.06274509803921568500, 0.06274509803921568500, 0.06274509803921568500 ) ;
#2129 = FACE_OUTER_BOUND ( 'NONE', #3398, .T. ) ;
#2130 = PRESENTATION_STYLE_ASSIGNMENT (( #1970 ) ) ;
#2131 = SURFACE_STYLE_FILL_AREA ( #1968 ) ;
#2132 = FACE_OUTER_BOUND ( 'NONE', #2592, .T. ) ;
#2133 = FACE_OUTER_BOUND ( 'NONE', #3359, .T. ) ;
#2134 = FACE_OUTER_BOUND ( 'NONE', #2610, .T. ) ;
#2135 = FACE_OUTER_BOUND ( 'NONE', #2596, .T. ) ;
#2136 = COLOUR_RGB ( '',0.0000000000000000000, 0.0000000000000000000, 0.0000000000000000000 ) ;
#2137 = TOROIDAL_SURFACE ( 'NONE', #2231, 0.4499999999999999000, 0.05000000000000000300 ) ;
#2138 = PRESENTATION_STYLE_ASSIGNMENT (( #1981 ) ) ;
#2139 = SURFACE_STYLE_FILL_AREA ( #1979 ) ;
#2140 = COLOUR_RGB ( '',0.06274509803921568500, 0.06274509803921568500, 0.06274509803921568500 ) ;
#2141 = FACE_OUTER_BOUND ( 'NONE', #2595, .T. ) ;
#2142 = FACE_OUTER_BOUND ( 'NONE', #3402, .T. ) ;
#2143 = PRESENTATION_STYLE_ASSIGNMENT (( #1992 ) ) ;
#2144 = SURFACE_STYLE_FILL_AREA ( #1990 ) ;
#2145 = COLOUR_RGB ( '',0.09411764705882352800, 0.09411764705882352800, 0.09411764705882352800 ) ;
#2146 = COLOUR_RGB ( '',0.09411764705882352800, 0.09411764705882352800, 0.09411764705882352800 ) ;
#2147 = FACE_OUTER_BOUND ( 'NONE', #3349, .T. ) ;
#2148 = PRESENTATION_STYLE_ASSIGNMENT (( #2001 ) ) ;
#2149 = SURFACE_STYLE_FILL_AREA ( #1999 ) ;
#2150 = CYLINDRICAL_SURFACE ( 'NONE', #2242, 0.1269999999999999700 ) ;
#2151 = SPHERICAL_SURFACE ( 'NONE', #2246, 0.1270000000000000000 ) ;
#2152 = PRESENTATION_STYLE_ASSIGNMENT (( #2012 ) ) ;
#2153 = SURFACE_STYLE_FILL_AREA ( #2010 ) ;
#2154 = COLOUR_RGB ( '',0.09411764705882352800, 0.09411764705882352800, 0.09411764705882352800 ) ;
#2155 = FACE_OUTER_BOUND ( 'NONE', #3354, .T. ) ;
#2156 = FACE_OUTER_BOUND ( 'NONE', #3352, .T. ) ;
#2157 = FACE_OUTER_BOUND ( 'NONE', #3395, .T. ) ;
#2158 = PRESENTATION_STYLE_ASSIGNMENT (( #2030 ) ) ;
#2159 = SURFACE_STYLE_FILL_AREA ( #2028 ) ;
#2160 = CYLINDRICAL_SURFACE ( 'NONE', #2250, 0.1269999999999997500 ) ;
#2161 = FACE_OUTER_BOUND ( 'NONE', #3384, .T. ) ;
#2162 = COLOUR_RGB ( '',0.09411764705882352800, 0.09411764705882352800, 0.09411764705882352800 ) ;
#2163 = COLOUR_RGB ( '',0.09411764705882352800, 0.09411764705882352800, 0.09411764705882352800 ) ;
#2164 = FACE_OUTER_BOUND ( 'NONE', #3430, .T. ) ;
#2165 = PRESENTATION_STYLE_ASSIGNMENT (( #2040 ) ) ;
#2166 = SURFACE_STYLE_FILL_AREA ( #2038 ) ;
#2167 = CYLINDRICAL_SURFACE ( 'NONE', #2259, 0.1269999999999997200 ) ;
#2168 = COLOUR_RGB ( '',0.09411764705882352800, 0.09411764705882352800, 0.09411764705882352800 ) ;
#2169 = FACE_OUTER_BOUND ( 'NONE', #3363, .T. ) ;
#2170 = PRESENTATION_STYLE_ASSIGNMENT (( #2050 ) ) ;
#2171 = SURFACE_STYLE_FILL_AREA ( #2048 ) ;
#2172 = CYLINDRICAL_SURFACE ( 'NONE', #2264, 0.1269999999999997200 ) ;
#2173 = FACE_OUTER_BOUND ( 'NONE', #3369, .T. ) ;
#2174 = FACE_OUTER_BOUND ( 'NONE', #3396, .T. ) ;
#2175 = SURFACE_STYLE_FILL_AREA ( #2062 ) ;
#2176 = PRESENTATION_STYLE_ASSIGNMENT (( #2064 ) ) ;
#2177 = CYLINDRICAL_SURFACE ( 'NONE', #2268, 0.1270000000000003900 ) ;
#2178 = COLOUR_RGB ( '',0.09411764705882352800, 0.09411764705882352800, 0.09411764705882352800 ) ;
#2179 = COLOUR_RGB ( '',0.0000000000000000000, 0.0000000000000000000, 0.0000000000000000000 ) ;
#2180 = FACE_OUTER_BOUND ( 'NONE', #3344, .T. ) ;
#2181 = PRESENTATION_STYLE_ASSIGNMENT (( #2073 ) ) ;
#2182 = SURFACE_STYLE_FILL_AREA ( #2071 ) ;
#2183 = CYLINDRICAL_SURFACE ( 'NONE', #2275, 0.1269999999999998100 ) ;
#2184 = TOROIDAL_SURFACE ( 'NONE', #2278, 0.4499999999999999000, 0.05000000000000000300 ) ;
#2185 = SURFACE_STYLE_FILL_AREA ( #2086 ) ;
#2186 = PRESENTATION_STYLE_ASSIGNMENT (( #2088 ) ) ;
#2187 = FACE_OUTER_BOUND ( 'NONE', #3371, .T. ) ;
#2188 = FACE_OUTER_BOUND ( 'NONE', #3361, .T. ) ;
#2189 = COLOUR_RGB ( '',0.09411764705882352800, 0.09411764705882352800, 0.09411764705882352800 ) ;
#2190 = FACE_OUTER_BOUND ( 'NONE', #3379, .T. ) ;
#2191 = FACE_OUTER_BOUND ( 'NONE', #3429, .T. ) ;
#2192 = SURFACE_STYLE_FILL_AREA ( #4 ) ;
#2193 = PRESENTATION_STYLE_ASSIGNMENT (( #6 ) ) ;
#2194 = CYLINDRICAL_SURFACE ( 'NONE', #2285, 0.1269999999999997200 ) ;
#2195 = COLOUR_RGB ( '',0.09411764705882352800, 0.09411764705882352800, 0.09411764705882352800 ) ;
#2196 = MECHANICAL_DESIGN_GEOMETRIC_PRESENTATION_REPRESENTATION (  '', ( #4217 ), #2197 ) ;
#2197 =( GEOMETRIC_REPRESENTATION_CONTEXT ( 3 ) GLOBAL_UNCERTAINTY_ASSIGNED_CONTEXT ( ( #3263 ) ) GLOBAL_UNIT_ASSIGNED_CONTEXT ( ( #1890, #1891, #1892 ) ) REPRESENTATION_CONTEXT ( 'NONE', 'WORKASPACE' ) );
#2198 = STYLED_ITEM ( 'NONE', ( #2110 ), #1742 ) ;
#2199 = AXIS2_PLACEMENT_3D ( 'NONE', #1893, #1894, #1895 ) ;
#2200 = PRESENTATION_LAYER_ASSIGNMENT (  '', '', ( #2198 ) ) ;
#2201 = MECHANICAL_DESIGN_GEOMETRIC_PRESENTATION_REPRESENTATION (  '', ( #2198 ), #2202 ) ;
#2202 =( GEOMETRIC_REPRESENTATION_CONTEXT ( 3 ) GLOBAL_UNCERTAINTY_ASSIGNED_CONTEXT ( ( #3264 ) ) GLOBAL_UNIT_ASSIGNED_CONTEXT ( ( #1900, #1901, #1902 ) ) REPRESENTATION_CONTEXT ( 'NONE', 'WORKASPACE' ) );
#2203 = AXIS2_PLACEMENT_3D ( 'NONE', #1885, #1903, #1904 ) ;
#2204 = AXIS2_PLACEMENT_3D ( 'NONE', #1896, #1908, #1909 ) ;
#2205 = STYLED_ITEM ( 'NONE', ( #2114 ), #1745 ) ;
#2206 = AXIS2_PLACEMENT_3D ( 'NONE', #1907, #1912, #1913 ) ;
#2207 = PRESENTATION_LAYER_ASSIGNMENT (  '', '', ( #2205 ) ) ;
#2208 = MECHANICAL_DESIGN_GEOMETRIC_PRESENTATION_REPRESENTATION (  '', ( #2205 ), #2209 ) ;
#2209 =( GEOMETRIC_REPRESENTATION_CONTEXT ( 3 ) GLOBAL_UNCERTAINTY_ASSIGNED_CONTEXT ( ( #3265 ) ) GLOBAL_UNIT_ASSIGNED_CONTEXT ( ( #1919, #1920, #1921 ) ) REPRESENTATION_CONTEXT ( 'NONE', 'WORKASPACE' ) );
#2210 = STYLED_ITEM ( 'NONE', ( #2121 ), #1746 ) ;
#2211 = AXIS2_PLACEMENT_3D ( 'NONE', #1922, #1923, #1924 ) ;
#2212 = PRESENTATION_LAYER_ASSIGNMENT (  '', '', ( #2210 ) ) ;
#2213 = MECHANICAL_DESIGN_GEOMETRIC_PRESENTATION_REPRESENTATION (  '', ( #2210 ), #2214 ) ;
#2214 =( GEOMETRIC_REPRESENTATION_CONTEXT ( 3 ) GLOBAL_UNCERTAINTY_ASSIGNED_CONTEXT ( ( #3266 ) ) GLOBAL_UNIT_ASSIGNED_CONTEXT ( ( #1930, #1931, #1932 ) ) REPRESENTATION_CONTEXT ( 'NONE', 'WORKASPACE' ) );
#2215 = AXIS2_PLACEMENT_3D ( 'NONE', #1933, #1934, #1935 ) ;
#2216 = STYLED_ITEM ( 'NONE', ( #2126 ), #1748 ) ;
#2217 = AXIS2_PLACEMENT_3D ( 'NONE', #1926, #1938, #1939 ) ;
#2218 = PRESENTATION_LAYER_ASSIGNMENT (  '', '', ( #2216 ) ) ;
#2219 = MECHANICAL_DESIGN_GEOMETRIC_PRESENTATION_REPRESENTATION (  '', ( #2216 ), #2220 ) ;
#2220 =( GEOMETRIC_REPRESENTATION_CONTEXT ( 3 ) GLOBAL_UNCERTAINTY_ASSIGNED_CONTEXT ( ( #3267 ) ) GLOBAL_UNIT_ASSIGNED_CONTEXT ( ( #1945, #1946, #1947 ) ) REPRESENTATION_CONTEXT ( 'NONE', 'WORKASPACE' ) );
#2221 = AXIS2_PLACEMENT_3D ( 'NONE', #1948, #1949, #1950 ) ;
#2222 = AXIS2_PLACEMENT_3D ( 'NONE', #1941, #1953, #1954 ) ;
#2223 = AXIS2_PLACEMENT_3D ( 'NONE', #1952, #1957, #1958 ) ;
#2224 = AXIS2_PLACEMENT_3D ( 'NONE', #1956, #1961, #1962 ) ;
#2225 = STYLED_ITEM ( 'NONE', ( #2130 ), #1753 ) ;
#2226 = AXIS2_PLACEMENT_3D ( 'NONE', #1960, #1965, #1966 ) ;
#2227 = PRESENTATION_LAYER_ASSIGNMENT (  '', '', ( #2225 ) ) ;
#2228 = MECHANICAL_DESIGN_GEOMETRIC_PRESENTATION_REPRESENTATION (  '', ( #2225 ), #2229 ) ;
#2229 =( GEOMETRIC_REPRESENTATION_CONTEXT ( 3 ) GLOBAL_UNCERTAINTY_ASSIGNED_CONTEXT ( ( #3268 ) ) GLOBAL_UNIT_ASSIGNED_CONTEXT ( ( #1971, #1972, #1973 ) ) REPRESENTATION_CONTEXT ( 'NONE', 'WORKASPACE' ) );
#2230 = STYLED_ITEM ( 'NONE', ( #2138 ), #1754 ) ;
#2231 = AXIS2_PLACEMENT_3D ( 'NONE', #1963, #1974, #1975 ) ;
#2232 = PRESENTATION_LAYER_ASSIGNMENT (  '', '', ( #2230 ) ) ;
#2233 = MECHANICAL_DESIGN_GEOMETRIC_PRESENTATION_REPRESENTATION (  '', ( #2230 ), #2234 ) ;
#2234 =( GEOMETRIC_REPRESENTATION_CONTEXT ( 3 ) GLOBAL_UNCERTAINTY_ASSIGNED_CONTEXT ( ( #3269 ) ) GLOBAL_UNIT_ASSIGNED_CONTEXT ( ( #1982, #1983, #1984 ) ) REPRESENTATION_CONTEXT ( 'NONE', 'WORKASPACE' ) );
#2235 = STYLED_ITEM ( 'NONE', ( #2143 ), #1755 ) ;
#2236 = AXIS2_PLACEMENT_3D ( 'NONE', #1985, #1986, #1987 ) ;
#2237 = PRESENTATION_LAYER_ASSIGNMENT (  '', '', ( #2235 ) ) ;
#2238 = MECHANICAL_DESIGN_GEOMETRIC_PRESENTATION_REPRESENTATION (  '', ( #2235 ), #2239 ) ;
#2239 =( GEOMETRIC_REPRESENTATION_CONTEXT ( 3 ) GLOBAL_UNCERTAINTY_ASSIGNED_CONTEXT ( ( #3270 ) ) GLOBAL_UNIT_ASSIGNED_CONTEXT ( ( #1993, #1994, #1995 ) ) REPRESENTATION_CONTEXT ( 'NONE', 'WORKASPACE' ) );
#2240 = PRESENTATION_LAYER_ASSIGNMENT (  '', '', ( #2241 ) ) ;
#2241 = STYLED_ITEM ( 'NONE', ( #2148 ), #1756 ) ;
#2242 = AXIS2_PLACEMENT_3D ( 'NONE', #1988, #1976, #1996 ) ;
#2243 = MECHANICAL_DESIGN_GEOMETRIC_PRESENTATION_REPRESENTATION (  '', ( #2241 ), #2244 ) ;
#2244 =( GEOMETRIC_REPRESENTATION_CONTEXT ( 3 ) GLOBAL_UNCERTAINTY_ASSIGNED_CONTEXT ( ( #3271 ) ) GLOBAL_UNIT_ASSIGNED_CONTEXT ( ( #2002, #2003, #2004 ) ) REPRESENTATION_CONTEXT ( 'NONE', 'WORKASPACE' ) );
#2245 = STYLED_ITEM ( 'NONE', ( #2152 ), #1757 ) ;
#2246 = AXIS2_PLACEMENT_3D ( 'NONE', #1997, #2005, #2006 ) ;
#2247 = PRESENTATION_LAYER_ASSIGNMENT (  '', '', ( #2245 ) ) ;
#2248 = MECHANICAL_DESIGN_GEOMETRIC_PRESENTATION_REPRESENTATION (  '', ( #2245 ), #2249 ) ;
#2249 =( GEOMETRIC_REPRESENTATION_CONTEXT ( 3 ) GLOBAL_UNCERTAINTY_ASSIGNED_CONTEXT ( ( #3272 ) ) GLOBAL_UNIT_ASSIGNED_CONTEXT ( ( #2013, #2014, #2015 ) ) REPRESENTATION_CONTEXT ( 'NONE', 'WORKASPACE' ) );
#2250 = AXIS2_PLACEMENT_3D ( 'NONE', #2007, #2008, #2016 ) ;
#2251 = AXIS2_PLACEMENT_3D ( 'NONE', #2009, #2020, #2021 ) ;
#2252 = STYLED_ITEM ( 'NONE', ( #2158 ), #1760 ) ;
#2253 = AXIS2_PLACEMENT_3D ( 'NONE', #2019, #2024, #2025 ) ;
#2254 = PRESENTATION_LAYER_ASSIGNMENT (  '', '', ( #2252 ) ) ;
#2255 = MECHANICAL_DESIGN_GEOMETRIC_PRESENTATION_REPRESENTATION (  '', ( #2252 ), #2256 ) ;
#2256 =( GEOMETRIC_REPRESENTATION_CONTEXT ( 3 ) GLOBAL_UNCERTAINTY_ASSIGNED_CONTEXT ( ( #3273 ) ) GLOBAL_UNIT_ASSIGNED_CONTEXT ( ( #2031, #2032, #2033 ) ) REPRESENTATION_CONTEXT ( 'NONE', 'WORKASPACE' ) );
#2257 = PRESENTATION_LAYER_ASSIGNMENT (  '', '', ( #2258 ) ) ;
#2258 = STYLED_ITEM ( 'NONE', ( #2165 ), #1761 ) ;
#2259 = AXIS2_PLACEMENT_3D ( 'NONE', #2026, #2022, #2034 ) ;
#2260 = MECHANICAL_DESIGN_GEOMETRIC_PRESENTATION_REPRESENTATION (  '', ( #2258 ), #2261 ) ;
#2261 =( GEOMETRIC_REPRESENTATION_CONTEXT ( 3 ) GLOBAL_UNCERTAINTY_ASSIGNED_CONTEXT ( ( #3274 ) ) GLOBAL_UNIT_ASSIGNED_CONTEXT ( ( #2041, #2042, #2043 ) ) REPRESENTATION_CONTEXT ( 'NONE', 'WORKASPACE' ) );
#2262 = PRESENTATION_LAYER_ASSIGNMENT (  '', '', ( #2263 ) ) ;
#2263 = STYLED_ITEM ( 'NONE', ( #2170 ), #1762 ) ;
#2264 = AXIS2_PLACEMENT_3D ( 'NONE', #2035, #2036, #2044 ) ;
#2265 = MECHANICAL_DESIGN_GEOMETRIC_PRESENTATION_REPRESENTATION (  '', ( #2263 ), #2266 ) ;
#2266 =( GEOMETRIC_REPRESENTATION_CONTEXT ( 3 ) GLOBAL_UNCERTAINTY_ASSIGNED_CONTEXT ( ( #3275 ) ) GLOBAL_UNIT_ASSIGNED_CONTEXT ( ( #2051, #2052, #2053 ) ) REPRESENTATION_CONTEXT ( 'NONE', 'WORKASPACE' ) );
#2267 = STYLED_ITEM ( 'NONE', ( #2176 ), #1764 ) ;
#2268 = AXIS2_PLACEMENT_3D ( 'NONE', #2045, #2046, #2054 ) ;
#2269 = AXIS2_PLACEMENT_3D ( 'NONE', #2047, #2058, #2059 ) ;
#2270 = PRESENTATION_LAYER_ASSIGNMENT (  '', '', ( #2267 ) ) ;
#2271 = MECHANICAL_DESIGN_GEOMETRIC_PRESENTATION_REPRESENTATION (  '', ( #2267 ), #2272 ) ;
#2272 =( GEOMETRIC_REPRESENTATION_CONTEXT ( 3 ) GLOBAL_UNCERTAINTY_ASSIGNED_CONTEXT ( ( #3276 ) ) GLOBAL_UNIT_ASSIGNED_CONTEXT ( ( #2065, #2066, #2067 ) ) REPRESENTATION_CONTEXT ( 'NONE', 'WORKASPACE' ) );
#2273 = PRESENTATION_LAYER_ASSIGNMENT (  '', '', ( #2274 ) ) ;
#2274 = STYLED_ITEM ( 'NONE', ( #2181 ), #1765 ) ;
#2275 = AXIS2_PLACEMENT_3D ( 'NONE', #2060, #2055, #2068 ) ;
#2276 = MECHANICAL_DESIGN_GEOMETRIC_PRESENTATION_REPRESENTATION (  '', ( #2274 ), #2277 ) ;
#2277 =( GEOMETRIC_REPRESENTATION_CONTEXT ( 3 ) GLOBAL_UNCERTAINTY_ASSIGNED_CONTEXT ( ( #3277 ) ) GLOBAL_UNIT_ASSIGNED_CONTEXT ( ( #2074, #2075, #2076 ) ) REPRESENTATION_CONTEXT ( 'NONE', 'WORKASPACE' ) );
#2278 = AXIS2_PLACEMENT_3D ( 'NONE', #2069, #2077, #2078 ) ;
#2279 = STYLED_ITEM ( 'NONE', ( #2186 ), #1767 ) ;
#2280 = AXIS2_PLACEMENT_3D ( 'NONE', #2070, #2082, #2083 ) ;
#2281 = PRESENTATION_LAYER_ASSIGNMENT (  '', '', ( #2279 ) ) ;
#2282 = MECHANICAL_DESIGN_GEOMETRIC_PRESENTATION_REPRESENTATION (  '', ( #2279 ), #2283 ) ;
#2283 =( GEOMETRIC_REPRESENTATION_CONTEXT ( 3 ) GLOBAL_UNCERTAINTY_ASSIGNED_CONTEXT ( ( #3278 ) ) GLOBAL_UNIT_ASSIGNED_CONTEXT ( ( #2089, #2090, #2091 ) ) REPRESENTATION_CONTEXT ( 'NONE', 'WORKASPACE' ) );
#2284 = STYLED_ITEM ( 'NONE', ( #2193 ), #1769 ) ;
#2285 = AXIS2_PLACEMENT_3D ( 'NONE', #2084, #2079, #2092 ) ;
#2286 = AXIS2_PLACEMENT_3D ( 'NONE', #2085, #2096, #2097 ) ;
#2287 = PRESENTATION_LAYER_ASSIGNMENT (  '', '', ( #2284 ) ) ;
#2288 = MECHANICAL_DESIGN_GEOMETRIC_PRESENTATION_REPRESENTATION (  '', ( #2284 ), #2289 ) ;
#2289 =( GEOMETRIC_REPRESENTATION_CONTEXT ( 3 ) GLOBAL_UNCERTAINTY_ASSIGNED_CONTEXT ( ( #3279 ) ) GLOBAL_UNIT_ASSIGNED_CONTEXT ( ( #7, #8, #9 ) ) REPRESENTATION_CONTEXT ( 'NONE', 'WORKASPACE' ) );
#2290 = PRESENTATION_LAYER_ASSIGNMENT (  '', '', ( #2291 ) ) ;
#2291 = STYLED_ITEM ( 'NONE', ( #287 ), #1770 ) ;
#2292 = AXIS2_PLACEMENT_3D ( 'NONE', #2098, #2093, #10 ) ;
#2293 = MECHANICAL_DESIGN_GEOMETRIC_PRESENTATION_REPRESENTATION (  '', ( #2291 ), #2294 ) ;
#2294 =( GEOMETRIC_REPRESENTATION_CONTEXT ( 3 ) GLOBAL_UNCERTAINTY_ASSIGNED_CONTEXT ( ( #3280 ) ) GLOBAL_UNIT_ASSIGNED_CONTEXT ( ( #17, #18, #19 ) ) REPRESENTATION_CONTEXT ( 'NONE', 'WORKASPACE' ) );
#2295 = STYLED_ITEM ( 'NONE', ( #293 ), #1772 ) ;
#2296 = AXIS2_PLACEMENT_3D ( 'NONE', #11, #12, #20 ) ;
#2297 = AXIS2_PLACEMENT_3D ( 'NONE', #13, #24, #25 ) ;
#2298 = PRESENTATION_LAYER_ASSIGNMENT (  '', '', ( #2295 ) ) ;
#2299 = MECHANICAL_DESIGN_GEOMETRIC_PRESENTATION_REPRESENTATION (  '', ( #2295 ), #2300 ) ;
#2300 =( GEOMETRIC_REPRESENTATION_CONTEXT ( 3 ) GLOBAL_UNCERTAINTY_ASSIGNED_CONTEXT ( ( #3201 ) ) GLOBAL_UNIT_ASSIGNED_CONTEXT ( ( #31, #32, #33 ) ) REPRESENTATION_CONTEXT ( 'NONE', 'WORKASPACE' ) );
#2301 = STYLED_ITEM ( 'NONE', ( #299 ), #1774 ) ;
#2302 = AXIS2_PLACEMENT_3D ( 'NONE', #26, #21, #34 ) ;
#2303 = AXIS2_PLACEMENT_3D ( 'NONE', #27, #38, #39 ) ;
#2304 = PRESENTATION_LAYER_ASSIGNMENT (  '', '', ( #2301 ) ) ;
#2305 = MECHANICAL_DESIGN_GEOMETRIC_PRESENTATION_REPRESENTATION (  '', ( #2301 ), #2306 ) ;
#2306 =( GEOMETRIC_REPRESENTATION_CONTEXT ( 3 ) GLOBAL_UNCERTAINTY_ASSIGNED_CONTEXT ( ( #3200 ) ) GLOBAL_UNIT_ASSIGNED_CONTEXT ( ( #45, #46, #47 ) ) REPRESENTATION_CONTEXT ( 'NONE', 'WORKASPACE' ) );
#2307 = PRESENTATION_LAYER_ASSIGNMENT (  '', '', ( #2308 ) ) ;
#2308 = STYLED_ITEM ( 'NONE', ( #304 ), #1775 ) ;
#2309 = AXIS2_PLACEMENT_3D ( 'NONE', #40, #35, #48 ) ;
#2310 = MECHANICAL_DESIGN_GEOMETRIC_PRESENTATION_REPRESENTATION (  '', ( #2308 ), #2311 ) ;
#2311 =( GEOMETRIC_REPRESENTATION_CONTEXT ( 3 ) GLOBAL_UNCERTAINTY_ASSIGNED_CONTEXT ( ( #2741 ) ) GLOBAL_UNIT_ASSIGNED_CONTEXT ( ( #54, #55, #56 ) ) REPRESENTATION_CONTEXT ( 'NONE', 'WORKASPACE' ) );
#2312 = STYLED_ITEM ( 'NONE', ( #308 ), #1776 ) ;
#2313 = AXIS2_PLACEMENT_3D ( 'NONE', #49, #57, #58 ) ;
#2314 = PRESENTATION_LAYER_ASSIGNMENT (  '', '', ( #2312 ) ) ;
#2315 = MECHANICAL_DESIGN_GEOMETRIC_PRESENTATION_REPRESENTATION (  '', ( #2312 ), #2316 ) ;
#2316 =( GEOMETRIC_REPRESENTATION_CONTEXT ( 3 ) GLOBAL_UNCERTAINTY_ASSIGNED_CONTEXT ( ( #2742 ) ) GLOBAL_UNIT_ASSIGNED_CONTEXT ( ( #65, #66, #67 ) ) REPRESENTATION_CONTEXT ( 'NONE', 'WORKASPACE' ) );
#2317 = PRESENTATION_LAYER_ASSIGNMENT (  '', '', ( #2318 ) ) ;
#2318 = STYLED_ITEM ( 'NONE', ( #314 ), #1777 ) ;
#2319 = AXIS2_PLACEMENT_3D ( 'NONE', #59, #60, #68 ) ;
#2320 = MECHANICAL_DESIGN_GEOMETRIC_PRESENTATION_REPRESENTATION (  '', ( #2318 ), #2321 ) ;
#2321 =( GEOMETRIC_REPRESENTATION_CONTEXT ( 3 ) GLOBAL_UNCERTAINTY_ASSIGNED_CONTEXT ( ( #2743 ) ) GLOBAL_UNIT_ASSIGNED_CONTEXT ( ( #75, #76, #77 ) ) REPRESENTATION_CONTEXT ( 'NONE', 'WORKASPACE' ) );
#2322 = STYLED_ITEM ( 'NONE', ( #318 ), #1778 ) ;
#2323 = AXIS2_PLACEMENT_3D ( 'NONE', #78, #79, #80 ) ;
#2324 = PRESENTATION_LAYER_ASSIGNMENT (  '', '', ( #2322 ) ) ;
#2325 = MECHANICAL_DESIGN_GEOMETRIC_PRESENTATION_REPRESENTATION (  '', ( #2322 ), #2326 ) ;
#2326 =( GEOMETRIC_REPRESENTATION_CONTEXT ( 3 ) GLOBAL_UNCERTAINTY_ASSIGNED_CONTEXT ( ( #2744 ) ) GLOBAL_UNIT_ASSIGNED_CONTEXT ( ( #85, #86, #87 ) ) REPRESENTATION_CONTEXT ( 'NONE', 'WORKASPACE' ) );
#2327 = STYLED_ITEM ( 'NONE', ( #322 ), #1779 ) ;
#2328 = AXIS2_PLACEMENT_3D ( 'NONE', #69, #88, #89 ) ;
#2329 = PRESENTATION_LAYER_ASSIGNMENT (  '', '', ( #2327 ) ) ;
#2330 = MECHANICAL_DESIGN_GEOMETRIC_PRESENTATION_REPRESENTATION (  '', ( #2327 ), #2331 ) ;
#2331 =( GEOMETRIC_REPRESENTATION_CONTEXT ( 3 ) GLOBAL_UNCERTAINTY_ASSIGNED_CONTEXT ( ( #2745 ) ) GLOBAL_UNIT_ASSIGNED_CONTEXT ( ( #96, #97, #98 ) ) REPRESENTATION_CONTEXT ( 'NONE', 'WORKASPACE' ) );
#2332 = PRESENTATION_LAYER_ASSIGNMENT (  '', '', ( #2333 ) ) ;
#2333 = STYLED_ITEM ( 'NONE', ( #328 ), #1780 ) ;
#2334 = AXIS2_PLACEMENT_3D ( 'NONE', #90, #91, #99 ) ;
#2335 = MECHANICAL_DESIGN_GEOMETRIC_PRESENTATION_REPRESENTATION (  '', ( #2333 ), #2336 ) ;
#2336 =( GEOMETRIC_REPRESENTATION_CONTEXT ( 3 ) GLOBAL_UNCERTAINTY_ASSIGNED_CONTEXT ( ( #2746 ) ) GLOBAL_UNIT_ASSIGNED_CONTEXT ( ( #105, #106, #107 ) ) REPRESENTATION_CONTEXT ( 'NONE', 'WORKASPACE' ) );
#2337 = STYLED_ITEM ( 'NONE', ( #332 ), #1781 ) ;
#2338 = AXIS2_PLACEMENT_3D ( 'NONE', #100, #108, #109 ) ;
#2339 = PRESENTATION_LAYER_ASSIGNMENT (  '', '', ( #2337 ) ) ;
#2340 = MECHANICAL_DESIGN_GEOMETRIC_PRESENTATION_REPRESENTATION (  '', ( #2337 ), #2341 ) ;
#2341 =( GEOMETRIC_REPRESENTATION_CONTEXT ( 3 ) GLOBAL_UNCERTAINTY_ASSIGNED_CONTEXT ( ( #2747 ) ) GLOBAL_UNIT_ASSIGNED_CONTEXT ( ( #115, #116, #117 ) ) REPRESENTATION_CONTEXT ( 'NONE', 'WORKASPACE' ) );
#2342 = AXIS2_PLACEMENT_3D ( 'NONE', #110, #118, #119 ) ;
#2343 = STYLED_ITEM ( 'NONE', ( #338 ), #1783 ) ;
#2344 = AXIS2_PLACEMENT_3D ( 'NONE', #111, #123, #124 ) ;
#2345 = PRESENTATION_LAYER_ASSIGNMENT (  '', '', ( #2343 ) ) ;
#2346 = MECHANICAL_DESIGN_GEOMETRIC_PRESENTATION_REPRESENTATION (  '', ( #2343 ), #2347 ) ;
#2347 =( GEOMETRIC_REPRESENTATION_CONTEXT ( 3 ) GLOBAL_UNCERTAINTY_ASSIGNED_CONTEXT ( ( #2748 ) ) GLOBAL_UNIT_ASSIGNED_CONTEXT ( ( #130, #131, #132 ) ) REPRESENTATION_CONTEXT ( 'NONE', 'WORKASPACE' ) );
#2348 = AXIS2_PLACEMENT_3D ( 'NONE', #125, #120, #133 ) ;
#2349 = AXIS2_PLACEMENT_3D ( 'NONE', #126, #137, #138 ) ;
#2350 = AXIS2_PLACEMENT_3D ( 'NONE', #139, #134, #136 ) ;
#2351 = AXIS2_PLACEMENT_3D ( 'NONE', #140, #144, #145 ) ;
#2352 = AXIS2_PLACEMENT_3D ( 'NONE', #143, #148, #149 ) ;
#2353 = AXIS2_PLACEMENT_3D ( 'NONE', #147, #152, #153 ) ;
#2354 = AXIS2_PLACEMENT_3D ( 'NONE', #151, #156, #157 ) ;
#2355 = AXIS2_PLACEMENT_3D ( 'NONE', #155, #160, #161 ) ;
#2356 = AXIS2_PLACEMENT_3D ( 'NONE', #162, #158, #159 ) ;
#2357 = AXIS2_PLACEMENT_3D ( 'NONE', #163, #167, #168 ) ;
#2358 = AXIS2_PLACEMENT_3D ( 'NONE', #166, #171, #172 ) ;
#2359 = AXIS2_PLACEMENT_3D ( 'NONE', #170, #175, #176 ) ;
#2360 = AXIS2_PLACEMENT_3D ( 'NONE', #174, #179, #180 ) ;
#2361 = AXIS2_PLACEMENT_3D ( 'NONE', #178, #183, #184 ) ;
#2362 = AXIS2_PLACEMENT_3D ( 'NONE', #182, #187, #188 ) ;
#2363 = AXIS2_PLACEMENT_3D ( 'NONE', #189, #185, #186 ) ;
#2364 = AXIS2_PLACEMENT_3D ( 'NONE', #191, #192, #190 ) ;
#2365 = AXIS2_PLACEMENT_3D ( 'NONE', #193, #197, #198 ) ;
#2366 = AXIS2_PLACEMENT_3D ( 'NONE', #196, #201, #202 ) ;
#2367 = AXIS2_PLACEMENT_3D ( 'NONE', #200, #205, #206 ) ;
#2368 = AXIS2_PLACEMENT_3D ( 'NONE', #204, #209, #210 ) ;
#2369 = AXIS2_PLACEMENT_3D ( 'NONE', #208, #213, #214 ) ;
#2370 = AXIS2_PLACEMENT_3D ( 'NONE', #212, #217, #218 ) ;
#2371 = AXIS2_PLACEMENT_3D ( 'NONE', #216, #221, #222 ) ;
#2372 = AXIS2_PLACEMENT_3D ( 'NONE', #220, #225, #226 ) ;
#2373 = AXIS2_PLACEMENT_3D ( 'NONE', #224, #229, #230 ) ;
#2374 = AXIS2_PLACEMENT_3D ( 'NONE', #228, #233, #234 ) ;
#2375 = AXIS2_PLACEMENT_3D ( 'NONE', #232, #237, #238 ) ;
#2376 = AXIS2_PLACEMENT_3D ( 'NONE', #236, #241, #242 ) ;
#2377 = AXIS2_PLACEMENT_3D ( 'NONE', #240, #245, #246 ) ;
#2378 = AXIS2_PLACEMENT_3D ( 'NONE', #244, #249, #250 ) ;
#2379 = AXIS2_PLACEMENT_3D ( 'NONE', #248, #253, #254 ) ;
#2380 = AXIS2_PLACEMENT_3D ( 'NONE', #252, #257, #258 ) ;
#2381 = STYLED_ITEM ( 'NONE', ( #364 ), #3256 ) ;
#2382 = AXIS2_PLACEMENT_3D ( 'NONE', #256, #261, #262 ) ;
#2383 = PRESENTATION_LAYER_ASSIGNMENT (  '', '', ( #2381 ) ) ;
#2384 = MECHANICAL_DESIGN_GEOMETRIC_PRESENTATION_REPRESENTATION (  '', ( #2381 ), #2385 ) ;
#2385 =( GEOMETRIC_REPRESENTATION_CONTEXT ( 3 ) GLOBAL_UNCERTAINTY_ASSIGNED_CONTEXT ( ( #2749 ) ) GLOBAL_UNIT_ASSIGNED_CONTEXT ( ( #580, #581, #582 ) ) REPRESENTATION_CONTEXT ( 'NONE', 'WORKASPACE' ) );
#2386 = AXIS2_PLACEMENT_3D ( 'NONE', #638, #639, #640 ) ;
#2387 = AXIS2_PLACEMENT_3D ( 'NONE', #659, #660, #661 ) ;
#2388 = AXIS2_PLACEMENT_3D ( 'NONE', #664, #665, #666 ) ;
#2389 = AXIS2_PLACEMENT_3D ( 'NONE', #675, #676, #677 ) ;
#2390 = AXIS2_PLACEMENT_3D ( 'NONE', #700, #701, #702 ) ;
#2391 = AXIS2_PLACEMENT_3D ( 'NONE', #1220, #1221, #1222 ) ;
#2392 = ORIENTED_EDGE ( 'NONE', *, *, #3631, .T. ) ;
#2393 = VERTEX_POINT ( 'NONE', #259 ) ;
#2394 = ORIENTED_EDGE ( 'NONE', *, *, #3625, .F. ) ;
#2395 = VERTEX_POINT ( 'NONE', #266 ) ;
#2396 = VERTEX_POINT ( 'NONE', #260 ) ;
#2397 = VERTEX_POINT ( 'NONE', #263 ) ;
#2398 = ORIENTED_EDGE ( 'NONE', *, *, #3632, .T. ) ;
#2399 = VERTEX_POINT ( 'NONE', #264 ) ;
#2400 = ORIENTED_EDGE ( 'NONE', *, *, #3653, .T. ) ;
#2401 = VERTEX_POINT ( 'NONE', #265 ) ;
#2402 = ORIENTED_EDGE ( 'NONE', *, *, #3624, .F. ) ;
#2403 = VERTEX_POINT ( 'NONE', #270 ) ;
#2404 = VERTEX_POINT ( 'NONE', #267 ) ;
#2405 = VERTEX_POINT ( 'NONE', #271 ) ;
#2406 = VERTEX_POINT ( 'NONE', #272 ) ;
#2407 = VERTEX_POINT ( 'NONE', #268 ) ;
#2408 = VERTEX_POINT ( 'NONE', #273 ) ;
#2409 = VERTEX_POINT ( 'NONE', #274 ) ;
#2410 = VERTEX_POINT ( 'NONE', #269 ) ;
#2411 = VERTEX_POINT ( 'NONE', #275 ) ;
#2412 = VERTEX_POINT ( 'NONE', #276 ) ;
#2413 = VERTEX_POINT ( 'NONE', #277 ) ;
#2414 = VERTEX_POINT ( 'NONE', #278 ) ;
#2415 = ORIENTED_EDGE ( 'NONE', *, *, #3627, .T. ) ;
#2416 = VERTEX_POINT ( 'NONE', #280 ) ;
#2417 = VERTEX_POINT ( 'NONE', #281 ) ;
#2418 = VERTEX_POINT ( 'NONE', #282 ) ;
#2419 = VERTEX_POINT ( 'NONE', #283 ) ;
#2420 = VERTEX_POINT ( 'NONE', #284 ) ;
#2421 = ORIENTED_EDGE ( 'NONE', *, *, #3635, .F. ) ;
#2422 = ORIENTED_EDGE ( 'NONE', *, *, #3633, .T. ) ;
#2423 = VERTEX_POINT ( 'NONE', #279 ) ;
#2424 = VERTEX_POINT ( 'NONE', #445 ) ;
#2425 = VERTEX_POINT ( 'NONE', #446 ) ;
#2426 = VERTEX_POINT ( 'NONE', #447 ) ;
#2427 = VERTEX_POINT ( 'NONE', #448 ) ;
#2428 = VERTEX_POINT ( 'NONE', #443 ) ;
#2429 = VERTEX_POINT ( 'NONE', #449 ) ;
#2430 = VERTEX_POINT ( 'NONE', #444 ) ;
#2431 = VERTEX_POINT ( 'NONE', #450 ) ;
#2432 = VERTEX_POINT ( 'NONE', #451 ) ;
#2433 = VERTEX_POINT ( 'NONE', #452 ) ;
#2434 = VERTEX_POINT ( 'NONE', #453 ) ;
#2435 = VERTEX_POINT ( 'NONE', #454 ) ;
#2436 = VERTEX_POINT ( 'NONE', #455 ) ;
#2437 = VERTEX_POINT ( 'NONE', #456 ) ;
#2438 = VERTEX_POINT ( 'NONE', #457 ) ;
#2439 = VERTEX_POINT ( 'NONE', #458 ) ;
#2440 = VERTEX_POINT ( 'NONE', #459 ) ;
#2441 = VERTEX_POINT ( 'NONE', #460 ) ;
#2442 = VERTEX_POINT ( 'NONE', #461 ) ;
#2443 = VERTEX_POINT ( 'NONE', #462 ) ;
#2444 = VERTEX_POINT ( 'NONE', #463 ) ;
#2445 = VERTEX_POINT ( 'NONE', #464 ) ;
#2446 = VERTEX_POINT ( 'NONE', #465 ) ;
#2447 = VERTEX_POINT ( 'NONE', #466 ) ;
#2448 = VERTEX_POINT ( 'NONE', #467 ) ;
#2449 = ORIENTED_EDGE ( 'NONE', *, *, #4030, .F. ) ;
#2450 = ORIENTED_EDGE ( 'NONE', *, *, #3674, .T. ) ;
#2451 = ORIENTED_EDGE ( 'NONE', *, *, #4008, .F. ) ;
#2452 = ORIENTED_EDGE ( 'NONE', *, *, #3677, .T. ) ;
#2453 = ORIENTED_EDGE ( 'NONE', *, *, #4017, .F. ) ;
#2454 = ORIENTED_EDGE ( 'NONE', *, *, #4038, .T. ) ;
#2455 = ORIENTED_EDGE ( 'NONE', *, *, #4036, .T. ) ;
#2456 = ORIENTED_EDGE ( 'NONE', *, *, #3665, .F. ) ;
#2457 = ORIENTED_EDGE ( 'NONE', *, *, #4038, .F. ) ;
#2458 = ORIENTED_EDGE ( 'NONE', *, *, #3649, .F. ) ;
#2459 = ORIENTED_EDGE ( 'NONE', *, *, #3655, .T. ) ;
#2460 = ORIENTED_EDGE ( 'NONE', *, *, #4036, .F. ) ;
#2461 = ORIENTED_EDGE ( 'NONE', *, *, #4019, .F. ) ;
#2462 = ORIENTED_EDGE ( 'NONE', *, *, #3678, .F. ) ;
#2463 = ORIENTED_EDGE ( 'NONE', *, *, #4027, .T. ) ;
#2464 = ORIENTED_EDGE ( 'NONE', *, *, #3670, .F. ) ;
#2465 = ORIENTED_EDGE ( 'NONE', *, *, #4010, .F. ) ;
#2466 = ORIENTED_EDGE ( 'NONE', *, *, #4042, .T. ) ;
#2467 = ORIENTED_EDGE ( 'NONE', *, *, #3651, .F. ) ;
#2468 = ORIENTED_EDGE ( 'NONE', *, *, #4040, .F. ) ;
#2469 = ORIENTED_EDGE ( 'NONE', *, *, #3669, .F. ) ;
#2470 = ORIENTED_EDGE ( 'NONE', *, *, #3642, .T. ) ;
#2471 = ORIENTED_EDGE ( 'NONE', *, *, #3623, .F. ) ;
#2472 = ORIENTED_EDGE ( 'NONE', *, *, #4035, .T. ) ;
#2473 = ORIENTED_EDGE ( 'NONE', *, *, #4009, .F. ) ;
#2474 = ORIENTED_EDGE ( 'NONE', *, *, #3664, .F. ) ;
#2475 = ORIENTED_EDGE ( 'NONE', *, *, #4035, .F. ) ;
#2476 = ORIENTED_EDGE ( 'NONE', *, *, #4013, .F. ) ;
#2477 = ORIENTED_EDGE ( 'NONE', *, *, #4042, .F. ) ;
#2478 = ORIENTED_EDGE ( 'NONE', *, *, #4026, .F. ) ;
#2479 = ORIENTED_EDGE ( 'NONE', *, *, #3668, .F. ) ;
#2480 = ORIENTED_EDGE ( 'NONE', *, *, #3622, .F. ) ;
#2481 = ORIENTED_EDGE ( 'NONE', *, *, #3680, .F. ) ;
#2482 = ORIENTED_EDGE ( 'NONE', *, *, #3673, .F. ) ;
#2483 = ORIENTED_EDGE ( 'NONE', *, *, #4043, .F. ) ;
#2484 = ORIENTED_EDGE ( 'NONE', *, *, #4029, .F. ) ;
#2485 = ORIENTED_EDGE ( 'NONE', *, *, #3646, .T. ) ;
#2486 = ORIENTED_EDGE ( 'NONE', *, *, #3674, .F. ) ;
#2487 = ORIENTED_EDGE ( 'NONE', *, *, #4007, .T. ) ;
#2488 = ORIENTED_EDGE ( 'NONE', *, *, #4009, .T. ) ;
#2489 = ORIENTED_EDGE ( 'NONE', *, *, #4010, .T. ) ;
#2490 = ORIENTED_EDGE ( 'NONE', *, *, #4005, .F. ) ;
#2491 = ORIENTED_EDGE ( 'NONE', *, *, #4011, .T. ) ;
#2492 = ORIENTED_EDGE ( 'NONE', *, *, #4013, .T. ) ;
#2493 = ORIENTED_EDGE ( 'NONE', *, *, #4014, .T. ) ;
#2494 = ORIENTED_EDGE ( 'NONE', *, *, #4018, .F. ) ;
#2495 = ORIENTED_EDGE ( 'NONE', *, *, #3648, .T. ) ;
#2496 = ORIENTED_EDGE ( 'NONE', *, *, #4039, .F. ) ;
#2497 = ORIENTED_EDGE ( 'NONE', *, *, #4022, .F. ) ;
#2498 = ORIENTED_EDGE ( 'NONE', *, *, #4015, .F. ) ;
#2499 = ORIENTED_EDGE ( 'NONE', *, *, #4043, .T. ) ;
#2500 = ORIENTED_EDGE ( 'NONE', *, *, #4037, .T. ) ;
#2501 = ORIENTED_EDGE ( 'NONE', *, *, #4028, .T. ) ;
#2502 = ORIENTED_EDGE ( 'NONE', *, *, #4021, .F. ) ;
#2503 = ORIENTED_EDGE ( 'NONE', *, *, #4041, .F. ) ;
#2504 = ORIENTED_EDGE ( 'NONE', *, *, #4034, .F. ) ;
#2505 = ORIENTED_EDGE ( 'NONE', *, *, #4012, .F. ) ;
#2506 = ORIENTED_EDGE ( 'NONE', *, *, #3653, .F. ) ;
#2507 = ORIENTED_EDGE ( 'NONE', *, *, #4040, .T. ) ;
#2508 = ORIENTED_EDGE ( 'NONE', *, *, #3639, .F. ) ;
#2509 = ORIENTED_EDGE ( 'NONE', *, *, #3683, .F. ) ;
#2510 = ORIENTED_EDGE ( 'NONE', *, *, #4015, .T. ) ;
#2511 = ORIENTED_EDGE ( 'NONE', *, *, #3647, .T. ) ;
#2512 = ORIENTED_EDGE ( 'NONE', *, *, #4033, .T. ) ;
#2513 = ORIENTED_EDGE ( 'NONE', *, *, #4031, .T. ) ;
#2514 = ORIENTED_EDGE ( 'NONE', *, *, #3656, .F. ) ;
#2515 = ORIENTED_EDGE ( 'NONE', *, *, #4041, .T. ) ;
#2516 = ORIENTED_EDGE ( 'NONE', *, *, #4021, .T. ) ;
#2517 = ORIENTED_EDGE ( 'NONE', *, *, #4018, .T. ) ;
#2518 = ORIENTED_EDGE ( 'NONE', *, *, #3672, .T. ) ;
#2519 = ORIENTED_EDGE ( 'NONE', *, *, #3679, .F. ) ;
#2520 = ORIENTED_EDGE ( 'NONE', *, *, #3666, .F. ) ;
#2521 = ORIENTED_EDGE ( 'NONE', *, *, #4025, .T. ) ;
#2522 = ORIENTED_EDGE ( 'NONE', *, *, #4020, .T. ) ;
#2523 = ORIENTED_EDGE ( 'NONE', *, *, #3651, .T. ) ;
#2524 = ORIENTED_EDGE ( 'NONE', *, *, #3650, .T. ) ;
#2525 = ORIENTED_EDGE ( 'NONE', *, *, #4030, .T. ) ;
#2526 = ORIENTED_EDGE ( 'NONE', *, *, #4022, .T. ) ;
#2527 = ORIENTED_EDGE ( 'NONE', *, *, #3652, .F. ) ;
#2528 = ORIENTED_EDGE ( 'NONE', *, *, #4012, .T. ) ;
#2529 = ORIENTED_EDGE ( 'NONE', *, *, #4002, .T. ) ;
#2530 = ORIENTED_EDGE ( 'NONE', *, *, #3673, .T. ) ;
#2531 = ORIENTED_EDGE ( 'NONE', *, *, #3654, .T. ) ;
#2532 = ORIENTED_EDGE ( 'NONE', *, *, #4028, .F. ) ;
#2533 = ORIENTED_EDGE ( 'NONE', *, *, #4003, .T. ) ;
#2534 = ORIENTED_EDGE ( 'NONE', *, *, #3682, .T. ) ;
#2535 = ORIENTED_EDGE ( 'NONE', *, *, #3670, .T. ) ;
#2536 = ORIENTED_EDGE ( 'NONE', *, *, #3666, .T. ) ;
#2537 = ORIENTED_EDGE ( 'NONE', *, *, #3669, .T. ) ;
#2538 = ORIENTED_EDGE ( 'NONE', *, *, #3662, .T. ) ;
#2539 = ORIENTED_EDGE ( 'NONE', *, *, #4037, .F. ) ;
#2540 = ORIENTED_EDGE ( 'NONE', *, *, #3667, .T. ) ;
#2541 = ORIENTED_EDGE ( 'NONE', *, *, #3668, .T. ) ;
#2542 = ORIENTED_EDGE ( 'NONE', *, *, #3620, .F. ) ;
#2543 = ORIENTED_EDGE ( 'NONE', *, *, #3660, .T. ) ;
#2544 = ORIENTED_EDGE ( 'NONE', *, *, #3659, .T. ) ;
#2545 = ORIENTED_EDGE ( 'NONE', *, *, #3658, .T. ) ;
#2546 = ORIENTED_EDGE ( 'NONE', *, *, #3663, .T. ) ;
#2547 = ORIENTED_EDGE ( 'NONE', *, *, #3638, .T. ) ;
#2548 = ORIENTED_EDGE ( 'NONE', *, *, #4146, .T. ) ;
#2549 = ORIENTED_EDGE ( 'NONE', *, *, #3661, .T. ) ;
#2550 = ORIENTED_EDGE ( 'NONE', *, *, #3665, .T. ) ;
#2551 = ORIENTED_EDGE ( 'NONE', *, *, #3664, .T. ) ;
#2552 = ORIENTED_EDGE ( 'NONE', *, *, #3645, .F. ) ;
#2553 = ORIENTED_EDGE ( 'NONE', *, *, #3676, .T. ) ;
#2554 = ORIENTED_EDGE ( 'NONE', *, *, #3641, .T. ) ;
#2555 = ORIENTED_EDGE ( 'NONE', *, *, #3675, .F. ) ;
#2556 = ORIENTED_EDGE ( 'NONE', *, *, #3672, .F. ) ;
#2557 = ORIENTED_EDGE ( 'NONE', *, *, #3680, .T. ) ;
#2558 = VERTEX_POINT ( 'NONE', #472 ) ;
#2559 = VERTEX_POINT ( 'NONE', #468 ) ;
#2560 = VERTEX_POINT ( 'NONE', #473 ) ;
#2561 = VERTEX_POINT ( 'NONE', #469 ) ;
#2562 = VERTEX_POINT ( 'NONE', #474 ) ;
#2563 = VERTEX_POINT ( 'NONE', #470 ) ;
#2564 = VERTEX_POINT ( 'NONE', #475 ) ;
#2565 = VERTEX_POINT ( 'NONE', #471 ) ;
#2566 = VERTEX_POINT ( 'NONE', #476 ) ;
#2567 = VERTEX_POINT ( 'NONE', #477 ) ;
#2568 = VERTEX_POINT ( 'NONE', #478 ) ;
#2569 = VERTEX_POINT ( 'NONE', #479 ) ;
#2570 = VERTEX_POINT ( 'NONE', #480 ) ;
#2571 = VERTEX_POINT ( 'NONE', #481 ) ;
#2572 = VERTEX_POINT ( 'NONE', #482 ) ;
#2573 = VERTEX_POINT ( 'NONE', #483 ) ;
#2574 = VERTEX_POINT ( 'NONE', #484 ) ;
#2575 = VERTEX_POINT ( 'NONE', #485 ) ;
#2576 = VERTEX_POINT ( 'NONE', #486 ) ;
#2577 = VERTEX_POINT ( 'NONE', #487 ) ;
#2578 = VERTEX_POINT ( 'NONE', #488 ) ;
#2579 = VERTEX_POINT ( 'NONE', #489 ) ;
#2580 = VERTEX_POINT ( 'NONE', #490 ) ;
#2581 = VERTEX_POINT ( 'NONE', #491 ) ;
#2582 = VERTEX_POINT ( 'NONE', #492 ) ;
#2583 = VERTEX_POINT ( 'NONE', #493 ) ;
#2584 = VERTEX_POINT ( 'NONE', #494 ) ;
#2585 = VERTEX_POINT ( 'NONE', #495 ) ;
#2586 = VERTEX_POINT ( 'NONE', #496 ) ;
#2587 = VERTEX_POINT ( 'NONE', #497 ) ;
#2588 = VERTEX_POINT ( 'NONE', #498 ) ;
#2589 = VERTEX_POINT ( 'NONE', #499 ) ;
#2590 = VERTEX_POINT ( 'NONE', #500 ) ;
#2591 = EDGE_LOOP ( 'NONE', ( #3143, #3167, #3141, #3148, #3142, #2402 ) ) ;
#2592 = EDGE_LOOP ( 'NONE', ( #3179, #3152, #3190, #3189 ) ) ;
#2593 = EDGE_LOOP ( 'NONE', ( #3191, #3164, #3193, #3155 ) ) ;
#2594 = EDGE_LOOP ( 'NONE', ( #2524, #2523, #4001, #3976, #2531, #2459 ) ) ;
#2595 = EDGE_LOOP ( 'NONE', ( #2535, #2530, #2450, #2556, #2553, #2557, #2555, #2554 ) ) ;
#2596 = EDGE_LOOP ( 'NONE', ( #3172, #3156, #3140, #3186 ) ) ;
#2597 = EDGE_LOOP ( 'NONE', ( #2398, #2422, #3139, #3163 ) ) ;
#2598 = EDGE_LOOP ( 'NONE', ( #3151, #3144, #3165, #3162 ) ) ;
#2599 = EDGE_LOOP ( 'NONE', ( #3158, #3157, #3168, #3183 ) ) ;
#2600 = EDGE_LOOP ( 'NONE', ( #3177, #3145, #3184, #3192, #3188, #3195, #3173, #3146, #2400, #3197 ) ) ;
#2601 = EDGE_LOOP ( 'NONE', ( #2415, #2392, #3161, #2421 ) ) ;
#2602 = EDGE_LOOP ( 'NONE', ( #3194, #3154, #3138, #3181 ) ) ;
#2603 = EDGE_LOOP ( 'NONE', ( #3160, #3196, #3149, #3171 ) ) ;
#2604 = EDGE_LOOP ( 'NONE', ( #3169, #3150, #3147, #3174 ) ) ;
#2605 = EDGE_LOOP ( 'NONE', ( #2546, #2545, #2544, #2543 ) ) ;
#2606 = EDGE_LOOP ( 'NONE', ( #3185, #3175, #2394, #3170 ) ) ;
#2607 = EDGE_LOOP ( 'NONE', ( #4000, #2452, #2506, #3994, #3989, #3982, #2533, #3983 ) ) ;
#2608 = EDGE_LOOP ( 'NONE', ( #3153, #3166, #3180, #3182 ) ) ;
#2609 = EDGE_LOOP ( 'NONE', ( #2542, #2551, #2550, #2547, #2536, #2537 ) ) ;
#2610 = EDGE_LOOP ( 'NONE', ( #3187, #3198, #3159, #3178 ) ) ;
#2611 = EDGE_LOOP ( 'NONE', ( #2552, #2540, #2538, #2541 ) ) ;
#2612 = EDGE_LOOP ( 'NONE', ( #2548, #2549 ) ) ;
#2613 = VERTEX_POINT ( 'NONE', #501 ) ;
#2614 = VERTEX_POINT ( 'NONE', #502 ) ;
#2615 = VERTEX_POINT ( 'NONE', #503 ) ;
#2616 = VERTEX_POINT ( 'NONE', #504 ) ;
#2617 = VERTEX_POINT ( 'NONE', #505 ) ;
#2618 = VERTEX_POINT ( 'NONE', #506 ) ;
#2619 = VERTEX_POINT ( 'NONE', #507 ) ;
#2620 = VERTEX_POINT ( 'NONE', #508 ) ;
#2621 = VERTEX_POINT ( 'NONE', #509 ) ;
#2622 = VERTEX_POINT ( 'NONE', #510 ) ;
#2623 = VERTEX_POINT ( 'NONE', #511 ) ;
#2624 = VERTEX_POINT ( 'NONE', #512 ) ;
#2625 = VERTEX_POINT ( 'NONE', #513 ) ;
#2626 = VERTEX_POINT ( 'NONE', #514 ) ;
#2627 = VERTEX_POINT ( 'NONE', #515 ) ;
#2628 = VERTEX_POINT ( 'NONE', #516 ) ;
#2629 = VERTEX_POINT ( 'NONE', #517 ) ;
#2630 = VERTEX_POINT ( 'NONE', #518 ) ;
#2631 = VERTEX_POINT ( 'NONE', #519 ) ;
#2632 = VERTEX_POINT ( 'NONE', #520 ) ;
#2633 = VERTEX_POINT ( 'NONE', #521 ) ;
#2634 = VERTEX_POINT ( 'NONE', #522 ) ;
#2635 = VERTEX_POINT ( 'NONE', #523 ) ;
#2636 = VERTEX_POINT ( 'NONE', #524 ) ;
#2637 = VERTEX_POINT ( 'NONE', #525 ) ;
#2638 = VERTEX_POINT ( 'NONE', #526 ) ;
#2639 = VERTEX_POINT ( 'NONE', #527 ) ;
#2640 = VERTEX_POINT ( 'NONE', #528 ) ;
#2641 = VERTEX_POINT ( 'NONE', #529 ) ;
#2642 = VERTEX_POINT ( 'NONE', #530 ) ;
#2643 = VERTEX_POINT ( 'NONE', #531 ) ;
#2644 = VERTEX_POINT ( 'NONE', #532 ) ;
#2645 = VERTEX_POINT ( 'NONE', #533 ) ;
#2646 = VERTEX_POINT ( 'NONE', #534 ) ;
#2647 = VERTEX_POINT ( 'NONE', #535 ) ;
#2648 = VERTEX_POINT ( 'NONE', #536 ) ;
#2649 = VERTEX_POINT ( 'NONE', #537 ) ;
#2650 = VERTEX_POINT ( 'NONE', #538 ) ;
#2651 = VERTEX_POINT ( 'NONE', #539 ) ;
#2652 = VERTEX_POINT ( 'NONE', #540 ) ;
#2653 = VERTEX_POINT ( 'NONE', #541 ) ;
#2654 = VERTEX_POINT ( 'NONE', #542 ) ;
#2655 = VERTEX_POINT ( 'NONE', #543 ) ;
#2656 = VERTEX_POINT ( 'NONE', #544 ) ;
#2657 = VERTEX_POINT ( 'NONE', #545 ) ;
#2658 = VERTEX_POINT ( 'NONE', #546 ) ;
#2659 = VERTEX_POINT ( 'NONE', #547 ) ;
#2660 = VERTEX_POINT ( 'NONE', #548 ) ;
#2661 = VERTEX_POINT ( 'NONE', #549 ) ;
#2662 = VERTEX_POINT ( 'NONE', #550 ) ;
#2663 = VERTEX_POINT ( 'NONE', #551 ) ;
#2664 = VERTEX_POINT ( 'NONE', #552 ) ;
#2665 = VERTEX_POINT ( 'NONE', #553 ) ;
#2666 = VERTEX_POINT ( 'NONE', #554 ) ;
#2667 = ORIENTED_EDGE ( 'NONE', *, *, #3657, .F. ) ;
#2668 = ORIENTED_EDGE ( 'NONE', *, *, #4007, .F. ) ;
#2669 = ORIENTED_EDGE ( 'NONE', *, *, #4026, .T. ) ;
#2670 = ORIENTED_EDGE ( 'NONE', *, *, #3655, .F. ) ;
#2671 = ORIENTED_EDGE ( 'NONE', *, *, #3671, .T. ) ;
#2672 = ORIENTED_EDGE ( 'NONE', *, *, #3671, .F. ) ;
#2673 = ORIENTED_EDGE ( 'NONE', *, *, #4039, .T. ) ;
#2674 = ORIENTED_EDGE ( 'NONE', *, *, #3683, .T. ) ;
#2675 = ORIENTED_EDGE ( 'NONE', *, *, #3650, .F. ) ;
#2676 = ORIENTED_EDGE ( 'NONE', *, *, #4008, .T. ) ;
#2677 = ORIENTED_EDGE ( 'NONE', *, *, #3517, .F. ) ;
#2678 = ORIENTED_EDGE ( 'NONE', *, *, #3657, .T. ) ;
#2679 = ORIENTED_EDGE ( 'NONE', *, *, #3667, .F. ) ;
#2680 = ORIENTED_EDGE ( 'NONE', *, *, #3546, .T. ) ;
#2681 = ORIENTED_EDGE ( 'NONE', *, *, #3535, .F. ) ;
#2682 = ORIENTED_EDGE ( 'NONE', *, *, #3613, .F. ) ;
#2683 = ORIENTED_EDGE ( 'NONE', *, *, #3537, .T. ) ;
#2684 = ORIENTED_EDGE ( 'NONE', *, *, #3519, .T. ) ;
#2685 = ORIENTED_EDGE ( 'NONE', *, *, #3531, .F. ) ;
#2686 = ORIENTED_EDGE ( 'NONE', *, *, #3532, .T. ) ;
#2687 = ORIENTED_EDGE ( 'NONE', *, *, #3663, .F. ) ;
#2688 = ORIENTED_EDGE ( 'NONE', *, *, #3662, .F. ) ;
#2689 = ORIENTED_EDGE ( 'NONE', *, *, #4004, .F. ) ;
#2690 = ORIENTED_EDGE ( 'NONE', *, *, #3536, .T. ) ;
#2691 = ORIENTED_EDGE ( 'NONE', *, *, #3610, .T. ) ;
#2692 = ORIENTED_EDGE ( 'NONE', *, *, #3543, .F. ) ;
#2693 = ORIENTED_EDGE ( 'NONE', *, *, #3535, .T. ) ;
#2694 = ORIENTED_EDGE ( 'NONE', *, *, #3528, .F. ) ;
#2695 = ORIENTED_EDGE ( 'NONE', *, *, #3640, .F. ) ;
#2696 = ORIENTED_EDGE ( 'NONE', *, *, #3528, .T. ) ;
#2697 = ORIENTED_EDGE ( 'NONE', *, *, #4145, .F. ) ;
#2698 = ORIENTED_EDGE ( 'NONE', *, *, #4147, .T. ) ;
#2699 = ORIENTED_EDGE ( 'NONE', *, *, #4143, .F. ) ;
#2700 = ORIENTED_EDGE ( 'NONE', *, *, #4141, .F. ) ;
#2701 = ORIENTED_EDGE ( 'NONE', *, *, #3517, .T. ) ;
#2702 = ORIENTED_EDGE ( 'NONE', *, *, #4142, .T. ) ;
#2703 = ORIENTED_EDGE ( 'NONE', *, *, #4140, .T. ) ;
#2704 = ORIENTED_EDGE ( 'NONE', *, *, #4033, .F. ) ;
#2705 = ORIENTED_EDGE ( 'NONE', *, *, #3630, .F. ) ;
#2706 = ORIENTED_EDGE ( 'NONE', *, *, #3534, .F. ) ;
#2707 = ORIENTED_EDGE ( 'NONE', *, *, #3537, .F. ) ;
#2708 = ORIENTED_EDGE ( 'NONE', *, *, #3658, .F. ) ;
#2709 = ORIENTED_EDGE ( 'NONE', *, *, #3529, .F. ) ;
#2710 = ORIENTED_EDGE ( 'NONE', *, *, #4002, .F. ) ;
#2711 = ORIENTED_EDGE ( 'NONE', *, *, #3529, .T. ) ;
#2712 = ORIENTED_EDGE ( 'NONE', *, *, #3534, .T. ) ;
#2713 = ORIENTED_EDGE ( 'NONE', *, *, #4149, .T. ) ;
#2714 = ORIENTED_EDGE ( 'NONE', *, *, #3546, .F. ) ;
#2715 = ORIENTED_EDGE ( 'NONE', *, *, #3661, .F. ) ;
#2716 = ORIENTED_EDGE ( 'NONE', *, *, #3549, .T. ) ;
#2717 = ORIENTED_EDGE ( 'NONE', *, *, #3542, .F. ) ;
#2718 = ORIENTED_EDGE ( 'NONE', *, *, #3626, .T. ) ;
#2719 = ORIENTED_EDGE ( 'NONE', *, *, #3606, .F. ) ;
#2720 = ORIENTED_EDGE ( 'NONE', *, *, #3523, .F. ) ;
#2721 = ORIENTED_EDGE ( 'NONE', *, *, #3521, .T. ) ;
#2722 = ORIENTED_EDGE ( 'NONE', *, *, #3541, .F. ) ;
#2723 = ORIENTED_EDGE ( 'NONE', *, *, #3545, .F. ) ;
#2724 = ORIENTED_EDGE ( 'NONE', *, *, #3543, .T. ) ;
#2725 = ORIENTED_EDGE ( 'NONE', *, *, #3519, .F. ) ;
#2726 = ORIENTED_EDGE ( 'NONE', *, *, #3520, .F. ) ;
#2727 = VERTEX_POINT ( 'NONE', #555 ) ;
#2728 = VERTEX_POINT ( 'NONE', #556 ) ;
#2729 = VERTEX_POINT ( 'NONE', #560 ) ;
#2730 = VERTEX_POINT ( 'NONE', #557 ) ;
#2731 = VERTEX_POINT ( 'NONE', #561 ) ;
#2732 = VERTEX_POINT ( 'NONE', #558 ) ;
#2733 = VERTEX_POINT ( 'NONE', #562 ) ;
#2734 = VERTEX_POINT ( 'NONE', #559 ) ;
#2735 = VERTEX_POINT ( 'NONE', #563 ) ;
#2736 = VERTEX_POINT ( 'NONE', #564 ) ;
#2737 = VERTEX_POINT ( 'NONE', #565 ) ;
#2738 = VERTEX_POINT ( 'NONE', #566 ) ;
#2739 = VERTEX_POINT ( 'NONE', #567 ) ;
#2740 = VERTEX_POINT ( 'NONE', #568 ) ;
#2741 = UNCERTAINTY_MEASURE_WITH_UNIT (LENGTH_MEASURE( 1.000000000000000100E-005 ), #54, 'distance_accuracy_value', 'NONE');
#2742 = UNCERTAINTY_MEASURE_WITH_UNIT (LENGTH_MEASURE( 1.000000000000000100E-005 ), #65, 'distance_accuracy_value', 'NONE');
#2743 = UNCERTAINTY_MEASURE_WITH_UNIT (LENGTH_MEASURE( 1.000000000000000100E-005 ), #75, 'distance_accuracy_value', 'NONE');
#2744 = UNCERTAINTY_MEASURE_WITH_UNIT (LENGTH_MEASURE( 1.000000000000000100E-005 ), #85, 'distance_accuracy_value', 'NONE');
#2745 = UNCERTAINTY_MEASURE_WITH_UNIT (LENGTH_MEASURE( 1.000000000000000100E-005 ), #96, 'distance_accuracy_value', 'NONE');
#2746 = UNCERTAINTY_MEASURE_WITH_UNIT (LENGTH_MEASURE( 1.000000000000000100E-005 ), #105, 'distance_accuracy_value', 'NONE');
#2747 = UNCERTAINTY_MEASURE_WITH_UNIT (LENGTH_MEASURE( 1.000000000000000100E-005 ), #115, 'distance_accuracy_value', 'NONE');
#2748 = UNCERTAINTY_MEASURE_WITH_UNIT (LENGTH_MEASURE( 1.000000000000000100E-005 ), #130, 'distance_accuracy_value', 'NONE');
#2749 = UNCERTAINTY_MEASURE_WITH_UNIT (LENGTH_MEASURE( 1.000000000000000100E-005 ), #580, 'distance_accuracy_value', 'NONE');
#2750 =( BOUNDED_CURVE ( )  B_SPLINE_CURVE ( 3, ( #1129, #1121, #1133, #1134 ),
 .UNSPECIFIED., .F., .F. ) 
 B_SPLINE_CURVE_WITH_KNOTS ( ( 4, 4 ),
 ( 6.274074925300243200, 6.283185307179603100 ),
 .UNSPECIFIED. ) 
 CURVE ( )  GEOMETRIC_REPRESENTATION_ITEM ( )  RATIONAL_B_SPLINE_CURVE ( ( 1.000000000000000000, 0.9999930834237941200, 0.9999930834237941200, 1.000000000000000000 ) ) 
 REPRESENTATION_ITEM ( '' )  );
#2751 =( BOUNDED_CURVE ( )  B_SPLINE_CURVE ( 3, ( #1131, #1132, #1139, #1140 ),
 .UNSPECIFIED., .F., .F. ) 
 B_SPLINE_CURVE_WITH_KNOTS ( ( 4, 4 ),
 ( -2.664535259100375700E-015, 0.009110381879363237500 ),
 .UNSPECIFIED. ) 
 CURVE ( )  GEOMETRIC_REPRESENTATION_ITEM ( )  RATIONAL_B_SPLINE_CURVE ( ( 1.000000000000000000, 0.9999930834237941200, 0.9999930834237941200, 1.000000000000000000 ) ) 
 REPRESENTATION_ITEM ( '' )  );
#2752 =( BOUNDED_CURVE ( )  B_SPLINE_CURVE ( 3, ( #1170, #1158, #1173, #1174 ),
 .UNSPECIFIED., .F., .F. ) 
 B_SPLINE_CURVE_WITH_KNOTS ( ( 4, 4 ),
 ( 0.009110381879358685600, 0.1374996566182265500 ),
 .UNSPECIFIED. ) 
 CURVE ( )  GEOMETRIC_REPRESENTATION_ITEM ( )  RATIONAL_B_SPLINE_CURVE ( ( 1.000000000000000000, 0.9986268211751243600, 0.9986268211751243600, 1.000000000000000000 ) ) 
 REPRESENTATION_ITEM ( '' )  );
#2753 =( BOUNDED_CURVE ( )  B_SPLINE_CURVE ( 3, ( #1151, #1172, #1177, #1178 ),
 .UNSPECIFIED., .F., .F. ) 
 B_SPLINE_CURVE_WITH_KNOTS ( ( 4, 4 ),
 ( 6.145685650561322400, 6.274074925300227300 ),
 .UNSPECIFIED. ) 
 CURVE ( )  GEOMETRIC_REPRESENTATION_ITEM ( )  RATIONAL_B_SPLINE_CURVE ( ( 1.000000000000000000, 0.9986268211751236900, 0.9986268211751236900, 1.000000000000000000 ) ) 
 REPRESENTATION_ITEM ( '' )  );
#2754 =( BOUNDED_CURVE ( )  B_SPLINE_CURVE ( 3, ( #1184, #1182, #1187, #1188 ),
 .UNSPECIFIED., .F., .F. ) 
 B_SPLINE_CURVE_WITH_KNOTS ( ( 4, 4 ),
 ( 0.0000000000000000000, 1.570796326794896600 ),
 .UNSPECIFIED. ) 
 CURVE ( )  GEOMETRIC_REPRESENTATION_ITEM ( )  RATIONAL_B_SPLINE_CURVE ( ( 1.000000000000000000, 0.8047378541243649400, 0.8047378541243649400, 1.000000000000000000 ) ) 
 REPRESENTATION_ITEM ( '' )  );
#2755 =( BOUNDED_CURVE ( )  B_SPLINE_CURVE ( 3, ( #1196, #1194, #1199, #1200 ),
 .UNSPECIFIED., .F., .F. ) 
 B_SPLINE_CURVE_WITH_KNOTS ( ( 4, 4 ),
 ( 1.570796326794896600, 3.141592653589793100 ),
 .UNSPECIFIED. ) 
 CURVE ( )  GEOMETRIC_REPRESENTATION_ITEM ( )  RATIONAL_B_SPLINE_CURVE ( ( 1.000000000000000000, 0.8047378541243649400, 0.8047378541243649400, 1.000000000000000000 ) ) 
 REPRESENTATION_ITEM ( '' )  );
#2756 =( BOUNDED_CURVE ( )  B_SPLINE_CURVE ( 3, ( #1197, #1198, #1205, #1206 ),
 .UNSPECIFIED., .F., .F. ) 
 B_SPLINE_CURVE_WITH_KNOTS ( ( 4, 4 ),
 ( 4.979959555679253700E-005, 0.009160181474917428200 ),
 .UNSPECIFIED. ) 
 CURVE ( )  GEOMETRIC_REPRESENTATION_ITEM ( )  RATIONAL_B_SPLINE_CURVE ( ( 1.000000000000000000, 0.9999930834237941200, 0.9999930834237941200, 1.000000000000000000 ) ) 
 REPRESENTATION_ITEM ( '' )  );
#2757 =( BOUNDED_CURVE ( )  B_SPLINE_CURVE ( 3, ( #1204, #1203, #1216, #1217 ),
 .UNSPECIFIED., .F., .F. ) 
 B_SPLINE_CURVE_WITH_KNOTS ( ( 4, 4 ),
 ( 6.274025125704668900, 6.283135507584015400 ),
 .UNSPECIFIED. ) 
 CURVE ( )  GEOMETRIC_REPRESENTATION_ITEM ( )  RATIONAL_B_SPLINE_CURVE ( ( 1.000000000000000000, 0.9999930834237941200, 0.9999930834237941200, 1.000000000000000000 ) ) 
 REPRESENTATION_ITEM ( '' )  );
#2758 =( BOUNDED_CURVE ( )  B_SPLINE_CURVE ( 3, ( #1249, #1248, #1256, #1257 ),
 .UNSPECIFIED., .F., .F. ) 
 B_SPLINE_CURVE_WITH_KNOTS ( ( 4, 4 ),
 ( 3.141592653589793600, 3.150703035469151600 ),
 .UNSPECIFIED. ) 
 CURVE ( )  GEOMETRIC_REPRESENTATION_ITEM ( )  RATIONAL_B_SPLINE_CURVE ( ( 1.000000000000000000, 0.9999930834237941200, 0.9999930834237941200, 1.000000000000000000 ) ) 
 REPRESENTATION_ITEM ( '' )  );
#2759 =( BOUNDED_CURVE ( )  B_SPLINE_CURVE ( 3, ( #1265, #1261, #1272, #1273 ),
 .UNSPECIFIED., .F., .F. ) 
 B_SPLINE_CURVE_WITH_KNOTS ( ( 4, 4 ),
 ( 3.132482271710428800, 3.141592653589792700 ),
 .UNSPECIFIED. ) 
 CURVE ( )  GEOMETRIC_REPRESENTATION_ITEM ( )  RATIONAL_B_SPLINE_CURVE ( ( 1.000000000000000000, 0.9999930834237941200, 0.9999930834237941200, 1.000000000000000000 ) ) 
 REPRESENTATION_ITEM ( '' )  );
#2760 =( BOUNDED_CURVE ( )  B_SPLINE_CURVE ( 3, ( #1338, #1330, #1347, #1348 ),
 .UNSPECIFIED., .F., .F. ) 
 B_SPLINE_CURVE_WITH_KNOTS ( ( 4, 4 ),
 ( 2.269541976375641000, 3.702838646552158300 ),
 .UNSPECIFIED. ) 
 CURVE ( )  GEOMETRIC_REPRESENTATION_ITEM ( )  RATIONAL_B_SPLINE_CURVE ( ( 1.000000000000000000, 0.8360076924742243500, 0.8360076924742243500, 1.000000000000000000 ) ) 
 REPRESENTATION_ITEM ( '' )  );
#2761 =( BOUNDED_CURVE ( )  B_SPLINE_CURVE ( 3, ( #1346, #1345, #1351, #1352 ),
 .UNSPECIFIED., .F., .F. ) 
 B_SPLINE_CURVE_WITH_KNOTS ( ( 4, 4 ),
 ( 2.580346660627392800, 4.013643330803951400 ),
 .UNSPECIFIED. ) 
 CURVE ( )  GEOMETRIC_REPRESENTATION_ITEM ( )  RATIONAL_B_SPLINE_CURVE ( ( 1.000000000000000000, 0.8360076924742153600, 0.8360076924742153600, 1.000000000000000000 ) ) 
 REPRESENTATION_ITEM ( '' )  );
#2762 =( BOUNDED_CURVE ( )  B_SPLINE_CURVE ( 3, ( #1350, #1349, #1356, #1357 ),
 .UNSPECIFIED., .F., .F. ) 
 B_SPLINE_CURVE_WITH_KNOTS ( ( 4, 4 ),
 ( 9.142286712195498800E-015, 1.570796326794903200 ),
 .UNSPECIFIED. ) 
 CURVE ( )  GEOMETRIC_REPRESENTATION_ITEM ( )  RATIONAL_B_SPLINE_CURVE ( ( 1.000000000000000000, 0.8047378541243654900, 0.8047378541243654900, 1.000000000000000000 ) ) 
 REPRESENTATION_ITEM ( '' )  );
#2763 =( BOUNDED_CURVE ( )  B_SPLINE_CURVE ( 3, ( #1353, #1355, #1360, #1361 ),
 .UNSPECIFIED., .F., .F. ) 
 B_SPLINE_CURVE_WITH_KNOTS ( ( 4, 4 ),
 ( 0.009110381879345012500, 1.570796326794896800 ),
 .UNSPECIFIED. ) 
 CURVE ( )  GEOMETRIC_REPRESENTATION_ITEM ( )  RATIONAL_B_SPLINE_CURVE ( ( 1.000000000000000000, 0.8068802935423378100, 0.8068802935423378100, 1.000000000000000000 ) ) 
 REPRESENTATION_ITEM ( '' )  );
#2764 =( BOUNDED_CURVE ( )  B_SPLINE_CURVE ( 3, ( #1354, #1358, #1364, #1365 ),
 .UNSPECIFIED., .F., .F. ) 
 B_SPLINE_CURVE_WITH_KNOTS ( ( 4, 4 ),
 ( 4.712388980384682600, 6.283185307179588000 ),
 .UNSPECIFIED. ) 
 CURVE ( )  GEOMETRIC_REPRESENTATION_ITEM ( )  RATIONAL_B_SPLINE_CURVE ( ( 1.000000000000000000, 0.8047378541243628300, 0.8047378541243628300, 1.000000000000000000 ) ) 
 REPRESENTATION_ITEM ( '' )  );
#2765 =( BOUNDED_CURVE ( )  B_SPLINE_CURVE ( 3, ( #1359, #1362, #1368, #1369 ),
 .UNSPECIFIED., .F., .F. ) 
 B_SPLINE_CURVE_WITH_KNOTS ( ( 4, 4 ),
 ( 5.744150597029665300E-016, 1.570796326794899900 ),
 .UNSPECIFIED. ) 
 CURVE ( )  GEOMETRIC_REPRESENTATION_ITEM ( )  RATIONAL_B_SPLINE_CURVE ( ( 1.000000000000000000, 0.8047378541243643800, 0.8047378541243643800, 1.000000000000000000 ) ) 
 REPRESENTATION_ITEM ( '' )  );
#2766 =( BOUNDED_CURVE ( )  B_SPLINE_CURVE ( 3, ( #1363, #1366, #1372, #1373 ),
 .UNSPECIFIED., .F., .F. ) 
 B_SPLINE_CURVE_WITH_KNOTS ( ( 4, 4 ),
 ( 4.712388980384689700, 6.274074925300227300 ),
 .UNSPECIFIED. ) 
 CURVE ( )  GEOMETRIC_REPRESENTATION_ITEM ( )  RATIONAL_B_SPLINE_CURVE ( ( 1.000000000000000000, 0.8068802935423412500, 0.8068802935423412500, 1.000000000000000000 ) ) 
 REPRESENTATION_ITEM ( '' )  );
#2767 =( BOUNDED_CURVE ( )  B_SPLINE_CURVE ( 3, ( #1367, #1370, #1374, #1375 ),
 .UNSPECIFIED., .F., .F. ) 
 B_SPLINE_CURVE_WITH_KNOTS ( ( 4, 4 ),
 ( 4.712388980384689700, 6.283185307179583600 ),
 .UNSPECIFIED. ) 
 CURVE ( )  GEOMETRIC_REPRESENTATION_ITEM ( )  RATIONAL_B_SPLINE_CURVE ( ( 1.000000000000000000, 0.8047378541243654900, 0.8047378541243654900, 1.000000000000000000 ) ) 
 REPRESENTATION_ITEM ( '' )  );
#2768 = UNCERTAINTY_MEASURE_WITH_UNIT (LENGTH_MEASURE( 1.000000000000000100E-005 ), #2987, 'distance_accuracy_value', 'NONE');
#2769 = ADVANCED_BREP_SHAPE_REPRESENTATION ( 'JEDEC_TO-262_5_Leads_I2PAK_Horizontal1', ( #3256, #1475 ), #1470 ) ;
#2770 = UNCERTAINTY_MEASURE_WITH_UNIT (LENGTH_MEASURE( 1.000000000000000100E-005 ), #2996, 'distance_accuracy_value', 'NONE');
#2771 = ORIENTED_EDGE ( 'NONE', *, *, #4099, .F. ) ;
#2772 = ORIENTED_EDGE ( 'NONE', *, *, #4103, .T. ) ;
#2773 = ORIENTED_EDGE ( 'NONE', *, *, #4105, .T. ) ;
#2774 = ORIENTED_EDGE ( 'NONE', *, *, #4111, .F. ) ;
#2775 = ORIENTED_EDGE ( 'NONE', *, *, #4102, .F. ) ;
#2776 = ORIENTED_EDGE ( 'NONE', *, *, #4095, .F. ) ;
#2777 = ORIENTED_EDGE ( 'NONE', *, *, #4098, .F. ) ;
#2778 = ORIENTED_EDGE ( 'NONE', *, *, #4110, .F. ) ;
#2779 = ORIENTED_EDGE ( 'NONE', *, *, #3539, .T. ) ;
#2780 = ORIENTED_EDGE ( 'NONE', *, *, #4108, .T. ) ;
#2781 = ORIENTED_EDGE ( 'NONE', *, *, #3548, .F. ) ;
#2782 = ORIENTED_EDGE ( 'NONE', *, *, #4107, .F. ) ;
#2783 = ORIENTED_EDGE ( 'NONE', *, *, #3550, .T. ) ;
#2784 = ORIENTED_EDGE ( 'NONE', *, *, #4109, .F. ) ;
#2785 = ORIENTED_EDGE ( 'NONE', *, *, #4101, .F. ) ;
#2786 = ORIENTED_EDGE ( 'NONE', *, *, #4092, .F. ) ;
#2787 = ORIENTED_EDGE ( 'NONE', *, *, #4096, .F. ) ;
#2788 = ORIENTED_EDGE ( 'NONE', *, *, #4110, .T. ) ;
#2789 = DIRECTION ( 'NONE',  ( 0.0000000000000000000, 0.0000000000000000000, -1.000000000000000000 ) ) ;
#2790 = DIRECTION ( 'NONE',  ( 1.000000000000000000, 0.0000000000000000000, 0.0000000000000000000 ) ) ;
#2791 = ORIENTED_EDGE ( 'NONE', *, *, #4128, .F. ) ;
#2792 = FILL_AREA_STYLE_COLOUR ( '', #3498 ) ;
#2793 = PLANE ( 'NONE',  #4191 ) ;
#2794 = PRODUCT ( 'JEDEC_TO-262_5_Leads_I2PAK_Horizontal1', 'JEDEC_TO-262_5_Leads_I2PAK_Horizontal1', '', ( #3002 ) ) ;
#2795 = DIRECTION ( 'NONE',  ( 0.0000000000000000000, 1.000000000000000000, 0.0000000000000000000 ) ) ;
#2796 = DIRECTION ( 'NONE',  ( -1.000000000000000000, 0.0000000000000000000, 0.0000000000000000000 ) ) ;
#2797 = CARTESIAN_POINT ( 'NONE',  ( -10.52000000000000000, 0.4000000000000000200, 8.140529726485098600 ) ) ;
#2798 = DIRECTION ( 'NONE',  ( 1.000000000000000000, 0.0000000000000000000, 0.0000000000000000000 ) ) ;
#2799 = CARTESIAN_POINT ( 'NONE',  ( -10.52000000000000000, -0.4000000000000000200, 3.740025210376027000 ) ) ;
#2800 = DIRECTION ( 'NONE',  ( 0.0000000000000000000, 1.000000000000000000, 0.0000000000000000000 ) ) ;
#2801 = DIRECTION ( 'NONE',  ( -1.000000000000000000, 0.0000000000000000000, 0.0000000000000000000 ) ) ;
#2802 = CARTESIAN_POINT ( 'NONE',  ( -11.82000000000000000, -3.000000000000000000, 3.740025210376027000 ) ) ;
#2803 = CARTESIAN_POINT ( 'NONE',  ( -11.82000000000000000, -3.199999999999998800, 8.690025210376026300 ) ) ;
#2804 = CARTESIAN_POINT ( 'NONE',  ( -10.52000000000000000, 0.4000000000000000200, 3.740025210376027000 ) ) ;
#2805 = DIRECTION ( 'NONE',  ( 0.0000000000000000000, 1.000000000000000000, 0.0000000000000000000 ) ) ;
#2806 = DIRECTION ( 'NONE',  ( -1.000000000000000000, 0.0000000000000000000, 0.0000000000000000000 ) ) ;
#2807 = CARTESIAN_POINT ( 'NONE',  ( -11.82000000000000000, -0.4000000000000000200, 8.140529726485098600 ) ) ;
#2808 = DIRECTION ( 'NONE',  ( -1.000000000000000000, 0.0000000000000000000, 0.0000000000000000000 ) ) ;
#2809 = CARTESIAN_POINT ( 'NONE',  ( -11.82000000000000000, -3.000000000000000000, 8.690025210376026300 ) ) ;
#2810 = CARTESIAN_POINT ( 'NONE',  ( -11.32000000000000000, -3.199999999999998800, 8.690025210376026300 ) ) ;
#2811 = DIRECTION ( 'NONE',  ( -0.0000000000000000000, -1.000000000000000000, -0.0000000000000000000 ) ) ;
#2812 = DIRECTION ( 'NONE',  ( -0.0000000000000000000, 0.3420201433256650500, -0.9396926207859097600 ) ) ;
#2813 = DIRECTION ( 'NONE',  ( 0.0000000000000000000, 0.0000000000000000000, 1.000000000000000000 ) ) ;
#2814 = CARTESIAN_POINT ( 'NONE',  ( -11.82000000000000000, -3.000000000000000000, 3.740025210376027000 ) ) ;
#2815 = DIRECTION ( 'NONE',  ( -0.0000000000000000000, -1.000000000000000000, -0.0000000000000000000 ) ) ;
#2816 = CARTESIAN_POINT ( 'NONE',  ( -11.82000000000000000, -3.799999999999999800, 3.740025210376027000 ) ) ;
#2817 = DIRECTION ( 'NONE',  ( 0.0000000000000000000, 0.0000000000000000000, 1.000000000000000000 ) ) ;
#2818 = CARTESIAN_POINT ( 'NONE',  ( -11.82000000000000000, -3.799999999999999800, 8.140529726485102200 ) ) ;
#2819 = DIRECTION ( 'NONE',  ( 0.0000000000000000000, 0.3420201433256656600, 0.9396926207859095400 ) ) ;
#2820 = CARTESIAN_POINT ( 'NONE',  ( -11.32000000000000000, -3.000000000000000000, 8.690025210376026300 ) ) ;
#2821 = DIRECTION ( 'NONE',  ( -0.0000000000000000000, -1.000000000000000000, -0.0000000000000000000 ) ) ;
#2822 = DIRECTION ( 'NONE',  ( -1.000000000000000000, 0.0000000000000000000, 0.0000000000000000000 ) ) ;
#2823 = CARTESIAN_POINT ( 'NONE',  ( -11.32000000000000000, -3.600000000000001900, 8.690025210376026300 ) ) ;
#2824 = DIRECTION ( 'NONE',  ( 1.000000000000000000, 0.0000000000000000000, 0.0000000000000000000 ) ) ;
#2825 = CARTESIAN_POINT ( 'NONE',  ( -11.32000000000000000, -3.000000000000000000, 3.740025210376027000 ) ) ;
#2826 = DIRECTION ( 'NONE',  ( 0.0000000000000000000, 0.0000000000000000000, 1.000000000000000000 ) ) ;
#2827 = CARTESIAN_POINT ( 'NONE',  ( -11.32000000000000000, -1.585705110337727500, 4.254786452687890900 ) ) ;
#2828 = DIRECTION ( 'NONE',  ( -0.0000000000000000000, -0.3420201433256650500, 0.9396926207859097600 ) ) ;
#2829 = CARTESIAN_POINT ( 'NONE',  ( -11.32000000000000000, -5.120712666909868800, 4.511901496562506600 ) ) ;
#2830 = DIRECTION ( 'NONE',  ( 0.0000000000000000000, -0.3420201433256656600, -0.9396926207859095400 ) ) ;
#2831 = CARTESIAN_POINT ( 'NONE',  ( -11.32000000000000000, -3.799999999999999800, 3.740025210376027000 ) ) ;
#2832 = DIRECTION ( 'NONE',  ( 0.0000000000000000000, 0.0000000000000000000, 1.000000000000000000 ) ) ;
#2833 = CARTESIAN_POINT ( 'NONE',  ( -11.32000000000000000, -3.000000000000000000, 3.740025210376027000 ) ) ;
#2834 = DIRECTION ( 'NONE',  ( -0.0000000000000000000, -1.000000000000000000, -0.0000000000000000000 ) ) ;
#2835 = CARTESIAN_POINT ( 'NONE',  ( -10.52000000000000000, -3.799999999999999800, 3.740025210376027000 ) ) ;
#2836 = DIRECTION ( 'NONE',  ( 0.0000000000000000000, 1.000000000000000000, 0.0000000000000000000 ) ) ;
#2837 = DIRECTION ( 'NONE',  ( -1.000000000000000000, 0.0000000000000000000, 0.0000000000000000000 ) ) ;
#2838 = CARTESIAN_POINT ( 'NONE',  ( -10.52000000000000000, -3.000000000000000000, 3.740025210376027000 ) ) ;
#2839 = DIRECTION ( 'NONE',  ( 0.0000000000000000000, 1.000000000000000000, 0.0000000000000000000 ) ) ;
#2840 = DIRECTION ( 'NONE',  ( -1.000000000000000000, 0.0000000000000000000, 0.0000000000000000000 ) ) ;
#2841 = CARTESIAN_POINT ( 'NONE',  ( -10.52000000000000000, -3.000000000000000000, 8.140529726485098600 ) ) ;
#2842 = DIRECTION ( 'NONE',  ( 1.000000000000000000, 0.0000000000000000000, 0.0000000000000000000 ) ) ;
#2843 = CARTESIAN_POINT ( 'NONE',  ( -10.52000000000000000, -3.799999999999999800, 3.740025210376027000 ) ) ;
#2844 = DIRECTION ( 'NONE',  ( 0.0000000000000000000, 1.000000000000000000, 0.0000000000000000000 ) ) ;
#2845 = DIRECTION ( 'NONE',  ( -1.000000000000000000, 0.0000000000000000000, 0.0000000000000000000 ) ) ;
#2846 = CARTESIAN_POINT ( 'NONE',  ( -9.820000000000002100, 2.100000000000000100, 3.740025210376027000 ) ) ;
#2847 = CARTESIAN_POINT ( 'NONE',  ( -9.820000000000002100, 1.900000000000000100, 8.690025210376028000 ) ) ;
#2848 = CARTESIAN_POINT ( 'NONE',  ( -10.52000000000000000, -3.000000000000000000, 3.740025210376027000 ) ) ;
#2849 = DIRECTION ( 'NONE',  ( 0.0000000000000000000, 1.000000000000000000, 0.0000000000000000000 ) ) ;
#2850 = DIRECTION ( 'NONE',  ( -1.000000000000000000, 0.0000000000000000000, 0.0000000000000000000 ) ) ;
#2851 = CARTESIAN_POINT ( 'NONE',  ( -11.82000000000000000, -3.799999999999999800, 8.140529726485102200 ) ) ;
#2852 = DIRECTION ( 'NONE',  ( -1.000000000000000000, 0.0000000000000000000, 0.0000000000000000000 ) ) ;
#2853 = CARTESIAN_POINT ( 'NONE',  ( -9.820000000000002100, 2.100000000000000100, 8.690025210376028000 ) ) ;
#2854 = CARTESIAN_POINT ( 'NONE',  ( -9.320000000000002100, 1.900000000000000100, 8.690025210376028000 ) ) ;
#2855 = DIRECTION ( 'NONE',  ( -0.0000000000000000000, -1.000000000000000000, -0.0000000000000000000 ) ) ;
#2856 = DIRECTION ( 'NONE',  ( -0.0000000000000000000, 0.3420201433256663300, -0.9396926207859093200 ) ) ;
#2857 = DIRECTION ( 'NONE',  ( -0.0000000000000000000, -0.0000000000000000000, 1.000000000000000000 ) ) ;
#2858 = CARTESIAN_POINT ( 'NONE',  ( -9.820000000000002100, 2.100000000000000100, 3.740025210376027400 ) ) ;
#2859 = DIRECTION ( 'NONE',  ( -0.0000000000000000000, -1.000000000000000000, -0.0000000000000000000 ) ) ;
#2860 = CARTESIAN_POINT ( 'NONE',  ( -9.820000000000002100, 1.300000000000000000, 3.740025210376027000 ) ) ;
#2861 = DIRECTION ( 'NONE',  ( -0.0000000000000000000, -0.0000000000000000000, 1.000000000000000000 ) ) ;
#2862 = CARTESIAN_POINT ( 'NONE',  ( -9.820000000000002100, 1.300000000000000000, 8.140529726485100400 ) ) ;
#2863 = DIRECTION ( 'NONE',  ( 0.0000000000000000000, 0.3420201433256663300, 0.9396926207859093200 ) ) ;
#2864 = CARTESIAN_POINT ( 'NONE',  ( -9.320000000000002100, 2.100000000000000100, 8.690025210376028000 ) ) ;
#2865 = DIRECTION ( 'NONE',  ( -0.0000000000000000000, -1.000000000000000000, -0.0000000000000000000 ) ) ;
#2866 = DIRECTION ( 'NONE',  ( -1.000000000000000000, 0.0000000000000000000, 0.0000000000000000000 ) ) ;
#2867 = CARTESIAN_POINT ( 'NONE',  ( -9.320000000000002100, 1.499999999999999600, 8.690025210376028000 ) ) ;
#2868 = DIRECTION ( 'NONE',  ( 1.000000000000000000, 0.0000000000000000000, 0.0000000000000000000 ) ) ;
#2869 = CARTESIAN_POINT ( 'NONE',  ( -9.320000000000002100, 2.100000000000000100, 3.740025210376027000 ) ) ;
#2870 = DIRECTION ( 'NONE',  ( -0.0000000000000000000, -0.0000000000000000000, 1.000000000000000000 ) ) ;
#2871 = CARTESIAN_POINT ( 'NONE',  ( -9.320000000000002100, 3.514294889662277700, 4.254786452687895300 ) ) ;
#2872 = DIRECTION ( 'NONE',  ( -0.0000000000000000000, -0.3420201433256663300, 0.9396926207859093200 ) ) ;
#2873 = CARTESIAN_POINT ( 'NONE',  ( -9.320000000000002100, -0.02071266690987019800, 4.511901496562509300 ) ) ;
#2874 = DIRECTION ( 'NONE',  ( 0.0000000000000000000, -0.3420201433256663300, -0.9396926207859093200 ) ) ;
#2875 = CARTESIAN_POINT ( 'NONE',  ( -9.320000000000002100, 1.300000000000000000, 3.740025210376027000 ) ) ;
#2876 = DIRECTION ( 'NONE',  ( -0.0000000000000000000, -0.0000000000000000000, 1.000000000000000000 ) ) ;
#2877 = CARTESIAN_POINT ( 'NONE',  ( -9.320000000000002100, 2.100000000000000100, 3.740025210376027400 ) ) ;
#2878 = DIRECTION ( 'NONE',  ( -0.0000000000000000000, -1.000000000000000000, -0.0000000000000000000 ) ) ;
#2879 = CARTESIAN_POINT ( 'NONE',  ( -8.520000000000001400, 1.300000000000000000, 3.740025210376027400 ) ) ;
#2880 = DIRECTION ( 'NONE',  ( 0.0000000000000000000, 1.000000000000000000, 0.0000000000000000000 ) ) ;
#2881 = DIRECTION ( 'NONE',  ( 1.000000000000000000, 0.0000000000000000000, 0.0000000000000000000 ) ) ;
#2882 = CARTESIAN_POINT ( 'NONE',  ( -8.520000000000001400, 2.100000000000000100, 3.740025210376027400 ) ) ;
#2883 = DIRECTION ( 'NONE',  ( 0.0000000000000000000, 1.000000000000000000, 0.0000000000000000000 ) ) ;
#2884 = DIRECTION ( 'NONE',  ( 1.000000000000000000, 0.0000000000000000000, 0.0000000000000000000 ) ) ;
#2885 = CARTESIAN_POINT ( 'NONE',  ( -8.520000000000001400, 2.100000000000000100, 8.140529726485100400 ) ) ;
#2886 = DIRECTION ( 'NONE',  ( 1.000000000000000000, 0.0000000000000000000, 0.0000000000000000000 ) ) ;
#2887 = CARTESIAN_POINT ( 'NONE',  ( -8.520000000000001400, 1.300000000000000000, 3.740025210376027400 ) ) ;
#2888 = DIRECTION ( 'NONE',  ( 0.0000000000000000000, 1.000000000000000000, 0.0000000000000000000 ) ) ;
#2889 = DIRECTION ( 'NONE',  ( 1.000000000000000000, 0.0000000000000000000, 0.0000000000000000000 ) ) ;
#2890 = CARTESIAN_POINT ( 'NONE',  ( -9.820000000000002100, -1.300000000000000000, 3.740025210376027000 ) ) ;
#2891 = CARTESIAN_POINT ( 'NONE',  ( -9.820000000000002100, -1.499999999999999600, 8.690025210376028000 ) ) ;
#2892 = CARTESIAN_POINT ( 'NONE',  ( -8.520000000000001400, 2.100000000000000100, 3.740025210376027400 ) ) ;
#2893 = DIRECTION ( 'NONE',  ( 0.0000000000000000000, 1.000000000000000000, 0.0000000000000000000 ) ) ;
#2894 = DIRECTION ( 'NONE',  ( 1.000000000000000000, 0.0000000000000000000, 0.0000000000000000000 ) ) ;
#2895 = CARTESIAN_POINT ( 'NONE',  ( -9.820000000000002100, 1.300000000000000000, 8.140529726485100400 ) ) ;
#2896 = DIRECTION ( 'NONE',  ( -1.000000000000000000, 0.0000000000000000000, 0.0000000000000000000 ) ) ;
#2897 = CARTESIAN_POINT ( 'NONE',  ( -9.820000000000002100, -1.300000000000000000, 8.690025210376028000 ) ) ;
#2898 = CARTESIAN_POINT ( 'NONE',  ( -9.320000000000002100, -1.499999999999999600, 8.690025210376028000 ) ) ;
#2899 = DIRECTION ( 'NONE',  ( -0.0000000000000000000, -1.000000000000000000, -0.0000000000000000000 ) ) ;
#2900 = DIRECTION ( 'NONE',  ( -0.0000000000000000000, 0.3420201433256663300, -0.9396926207859093200 ) ) ;
#2901 = DIRECTION ( 'NONE',  ( -0.0000000000000000000, -0.0000000000000000000, 1.000000000000000000 ) ) ;
#2902 = CARTESIAN_POINT ( 'NONE',  ( -9.820000000000002100, -1.300000000000000000, 3.740025210376027400 ) ) ;
#2903 = DIRECTION ( 'NONE',  ( -0.0000000000000000000, -1.000000000000000000, -0.0000000000000000000 ) ) ;
#2904 = CARTESIAN_POINT ( 'NONE',  ( -9.820000000000002100, -2.100000000000000100, 3.740025210376027000 ) ) ;
#2905 = DIRECTION ( 'NONE',  ( -0.0000000000000000000, -0.0000000000000000000, 1.000000000000000000 ) ) ;
#2906 = CARTESIAN_POINT ( 'NONE',  ( -9.820000000000002100, -2.100000000000000100, 8.140529726485100400 ) ) ;
#2907 = DIRECTION ( 'NONE',  ( 0.0000000000000000000, 0.3420201433256663300, 0.9396926207859093200 ) ) ;
#2908 = CARTESIAN_POINT ( 'NONE',  ( -9.320000000000002100, -1.300000000000000000, 8.690025210376028000 ) ) ;
#2909 = DIRECTION ( 'NONE',  ( -0.0000000000000000000, -1.000000000000000000, -0.0000000000000000000 ) ) ;
#2910 = DIRECTION ( 'NONE',  ( -1.000000000000000000, 0.0000000000000000000, 0.0000000000000000000 ) ) ;
#2911 = CARTESIAN_POINT ( 'NONE',  ( -9.320000000000002100, -1.900000000000000100, 8.690025210376028000 ) ) ;
#2912 = DIRECTION ( 'NONE',  ( 1.000000000000000000, 0.0000000000000000000, 0.0000000000000000000 ) ) ;
#2913 = CARTESIAN_POINT ( 'NONE',  ( -9.320000000000002100, -1.300000000000000000, 3.740025210376027000 ) ) ;
#2914 = DIRECTION ( 'NONE',  ( -0.0000000000000000000, -0.0000000000000000000, 1.000000000000000000 ) ) ;
#2915 = CARTESIAN_POINT ( 'NONE',  ( -9.320000000000002100, 0.1142948896622779100, 4.254786452687895300 ) ) ;
#2916 = DIRECTION ( 'NONE',  ( -0.0000000000000000000, -0.3420201433256663300, 0.9396926207859093200 ) ) ;
#2917 = CARTESIAN_POINT ( 'NONE',  ( -9.320000000000002100, -3.420712666909870000, 4.511901496562509300 ) ) ;
#2918 = DIRECTION ( 'NONE',  ( 0.0000000000000000000, -0.3420201433256663300, -0.9396926207859093200 ) ) ;
#2919 = CARTESIAN_POINT ( 'NONE',  ( -9.320000000000002100, -2.100000000000000100, 3.740025210376027000 ) ) ;
#2920 = DIRECTION ( 'NONE',  ( -0.0000000000000000000, -0.0000000000000000000, 1.000000000000000000 ) ) ;
#2921 = CARTESIAN_POINT ( 'NONE',  ( -9.320000000000002100, -1.300000000000000000, 3.740025210376027400 ) ) ;
#2922 = DIRECTION ( 'NONE',  ( -0.0000000000000000000, -1.000000000000000000, -0.0000000000000000000 ) ) ;
#2923 = CARTESIAN_POINT ( 'NONE',  ( -8.520000000000001400, -2.100000000000000100, 3.740025210376027400 ) ) ;
#2924 = DIRECTION ( 'NONE',  ( 0.0000000000000000000, 1.000000000000000000, 0.0000000000000000000 ) ) ;
#2925 = DIRECTION ( 'NONE',  ( 1.000000000000000000, 0.0000000000000000000, 0.0000000000000000000 ) ) ;
#2926 = CARTESIAN_POINT ( 'NONE',  ( -8.520000000000001400, -1.300000000000000000, 3.740025210376027400 ) ) ;
#2927 = DIRECTION ( 'NONE',  ( 0.0000000000000000000, 1.000000000000000000, 0.0000000000000000000 ) ) ;
#2928 = DIRECTION ( 'NONE',  ( 1.000000000000000000, 0.0000000000000000000, 0.0000000000000000000 ) ) ;
#2929 = CARTESIAN_POINT ( 'NONE',  ( -8.520000000000001400, -1.300000000000000000, 8.140529726485100400 ) ) ;
#2930 = DIRECTION ( 'NONE',  ( 1.000000000000000000, 0.0000000000000000000, 0.0000000000000000000 ) ) ;
#2931 = CARTESIAN_POINT ( 'NONE',  ( -8.520000000000001400, -2.100000000000000100, 3.740025210376027400 ) ) ;
#2932 = DIRECTION ( 'NONE',  ( 0.0000000000000000000, 1.000000000000000000, 0.0000000000000000000 ) ) ;
#2933 = DIRECTION ( 'NONE',  ( 1.000000000000000000, 0.0000000000000000000, 0.0000000000000000000 ) ) ;
#2934 = CARTESIAN_POINT ( 'NONE',  ( -5.870000000000001000, 2.250000000000000400, 2.940025210376027200 ) ) ;
#2935 = CARTESIAN_POINT ( 'NONE',  ( -5.870000000000001000, -2.849999999999999200, 2.940025210376027200 ) ) ;
#2936 = CARTESIAN_POINT ( 'NONE',  ( -8.520000000000001400, -1.300000000000000000, 3.740025210376027400 ) ) ;
#2937 = DIRECTION ( 'NONE',  ( 0.0000000000000000000, 1.000000000000000000, 0.0000000000000000000 ) ) ;
#2938 = DIRECTION ( 'NONE',  ( 1.000000000000000000, 0.0000000000000000000, 0.0000000000000000000 ) ) ;
#2939 = CARTESIAN_POINT ( 'NONE',  ( -9.820000000000002100, -2.100000000000000100, 8.140529726485100400 ) ) ;
#2940 = DIRECTION ( 'NONE',  ( -1.000000000000000000, 0.0000000000000000000, 0.0000000000000000000 ) ) ;
#2941 = CARTESIAN_POINT ( 'NONE',  ( -5.870000000000001000, -2.849999999999999200, 2.940025210376027200 ) ) ;
#2942 = DIRECTION ( 'NONE',  ( 0.0000000000000000000, 0.0000000000000000000, -1.000000000000000000 ) ) ;
#2943 = DIRECTION ( 'NONE',  ( -0.0000000000000000000, -1.000000000000000000, -0.0000000000000000000 ) ) ;
#2944 = CARTESIAN_POINT ( 'NONE',  ( -5.870000000000001000, -3.000000000000000000, 2.440025210376026700 ) ) ;
#2945 = DIRECTION ( 'NONE',  ( 0.0000000000000000000, 0.0000000000000000000, 1.000000000000000000 ) ) ;
#2946 = CARTESIAN_POINT ( 'NONE',  ( -5.870000000000001000, -2.849999999999999200, 2.440025210376026700 ) ) ;
#2947 = DIRECTION ( 'NONE',  ( -0.0000000000000000000, -1.000000000000000000, -0.0000000000000000000 ) ) ;
#2948 = CARTESIAN_POINT ( 'NONE',  ( -5.870000000000001000, 2.250000000000000400, 2.940025210376027200 ) ) ;
#2949 = DIRECTION ( 'NONE',  ( 0.0000000000000000000, 0.0000000000000000000, -1.000000000000000000 ) ) ;
#2950 = DIRECTION ( 'NONE',  ( -0.0000000000000000000, -1.000000000000000000, -0.0000000000000000000 ) ) ;
#2951 = CARTESIAN_POINT ( 'NONE',  ( -5.870000000000001000, 2.100000000000000100, 2.440025210376026700 ) ) ;
#2952 = DIRECTION ( 'NONE',  ( 0.0000000000000000000, 0.0000000000000000000, 1.000000000000000000 ) ) ;
#2953 = CARTESIAN_POINT ( 'NONE',  ( -5.870000000000001000, 2.250000000000000400, 2.440025210376026700 ) ) ;
#2954 = DIRECTION ( 'NONE',  ( -0.0000000000000000000, -1.000000000000000000, -0.0000000000000000000 ) ) ;
#2955 = CARTESIAN_POINT ( 'NONE',  ( -5.870000000000001000, -1.149999999999999700, 2.940025210376027200 ) ) ;
#2956 = DIRECTION ( 'NONE',  ( 0.0000000000000000000, 0.0000000000000000000, -1.000000000000000000 ) ) ;
#2957 = CARTESIAN_POINT ( 'NONE',  ( -3.500000000000000000, -4.286263797015737100E-016, 4.390000000000000600 ) ) ;
#2958 = DIRECTION ( 'NONE',  ( 1.002340128212495400E-016, -0.0000000000000000000, 1.000000000000000000 ) ) ;
#2959 = DIRECTION ( 'NONE',  ( -1.000000000000000000, 0.0000000000000000000, 0.0000000000000000000 ) ) ;
#2960 = CARTESIAN_POINT ( 'NONE',  ( -3.950000000000000200, -3.735172737399428100E-016, 4.389999999999998800 ) ) ;
#2961 = DIRECTION ( 'NONE',  ( 1.224646799147353200E-016, 1.000000000000000000, -0.0000000000000000000 ) ) ;
#2962 = DIRECTION ( 'NONE',  ( -1.000000000000000000, 1.224646799147363800E-016, 0.0000000000000000000 ) ) ;
#2963 = CARTESIAN_POINT ( 'NONE',  ( -5.870000000000001000, -1.149999999999999700, 2.940025210376027200 ) ) ;
#2964 = DIRECTION ( 'NONE',  ( -0.0000000000000000000, -1.000000000000000000, -0.0000000000000000000 ) ) ;
#2965 = CARTESIAN_POINT ( 'NONE',  ( -3.050000000000000300, -4.286263797015737100E-016, 4.389999999999998800 ) ) ;
#2966 = DIRECTION ( 'NONE',  ( 0.0000000000000000000, -1.000000000000000000, 0.0000000000000000000 ) ) ;
#2967 = DIRECTION ( 'NONE',  ( 0.0000000000000000000, 0.0000000000000000000, -1.000000000000000000 ) ) ;
#2968 = CARTESIAN_POINT ( 'NONE',  ( -3.500000000000000000, -4.286263797015737100E-016, 4.390000000000000600 ) ) ;
#2969 = DIRECTION ( 'NONE',  ( 1.002340128212495400E-016, -0.0000000000000000000, 1.000000000000000000 ) ) ;
#2970 = DIRECTION ( 'NONE',  ( -1.000000000000000000, 0.0000000000000000000, 0.0000000000000000000 ) ) ;
#2971 = CARTESIAN_POINT ( 'NONE',  ( -2.950000000000000200, -3.612708057484692600E-016, 4.390000000000000600 ) ) ;
#2972 = DIRECTION ( 'NONE',  ( -1.224646799147353200E-016, 1.000000000000000000, 1.227512629672380100E-032 ) ) ;
#2973 = DIRECTION ( 'NONE',  ( -1.000000000000000000, -1.224646799147353200E-016, 0.0000000000000000000 ) ) ;
#2974 = CARTESIAN_POINT ( 'NONE',  ( -5.870000000000001000, -1.300000000000000000, 2.440025210376026700 ) ) ;
#2975 = DIRECTION ( 'NONE',  ( 0.0000000000000000000, 0.0000000000000000000, 1.000000000000000000 ) ) ;
#2976 = CARTESIAN_POINT ( 'NONE',  ( -3.500000000000000000, -4.286263797015737100E-016, 4.440000000000000400 ) ) ;
#2977 = DIRECTION ( 'NONE',  ( -1.002340128212495400E-016, 0.0000000000000000000, -1.000000000000000000 ) ) ;
#2978 = DIRECTION ( 'NONE',  ( -1.000000000000000000, 0.0000000000000000000, 0.0000000000000000000 ) ) ;
#2979 = DIRECTION ( 'NONE',  ( -0.0000000000000000000, -1.000000000000000000, -0.0000000000000000000 ) ) ;
#2980 = CARTESIAN_POINT ( 'NONE',  ( -3.500000000000000000, -4.286263797015737100E-016, 4.339999999999999000 ) ) ;
#2981 = DIRECTION ( 'NONE',  ( 0.0000000000000000000, 0.0000000000000000000, 1.000000000000000000 ) ) ;
#2982 = DIRECTION ( 'NONE',  ( 1.000000000000000000, 0.0000000000000000000, 0.0000000000000000000 ) ) ;
#2983 = CARTESIAN_POINT ( 'NONE',  ( -5.870000000000001000, -1.149999999999999700, 2.440025210376026700 ) ) ;
#2984 = CARTESIAN_POINT ( 'NONE',  ( -4.049999999999999800, -4.286263797015737100E-016, 4.390000000000000600 ) ) ;
#2985 = DIRECTION ( 'NONE',  ( -0.0000000000000000000, -1.000000000000000000, 0.0000000000000000000 ) ) ;
#2986 = DIRECTION ( 'NONE',  ( 0.0000000000000000000, 0.0000000000000000000, -1.000000000000000000 ) ) ;
#2987 =( LENGTH_UNIT ( ) NAMED_UNIT ( * ) SI_UNIT ( .MILLI., .METRE. ) );
#2988 =( NAMED_UNIT ( * ) PLANE_ANGLE_UNIT ( ) SI_UNIT ( $, .RADIAN. ) );
#2989 =( NAMED_UNIT ( * ) SI_UNIT ( $, .STERADIAN. ) SOLID_ANGLE_UNIT ( ) );
#2990 = APPLICATION_PROTOCOL_DEFINITION ( 'draft international standard', 'automotive_design', 1998, #2991 ) ;
#2991 = APPLICATION_CONTEXT ( 'automotive_design' ) ;
#2992 = FILL_AREA_STYLE_COLOUR ( '', #1693 ) ;
#2993 = FILL_AREA_STYLE ('',( #2992 ) ) ;
#2994 = SURFACE_SIDE_STYLE ('',( #1695 ) ) ;
#2995 = SURFACE_STYLE_USAGE ( .BOTH. , #2994 ) ;
#2996 =( LENGTH_UNIT ( ) NAMED_UNIT ( * ) SI_UNIT ( .MILLI., .METRE. ) );
#2997 =( NAMED_UNIT ( * ) PLANE_ANGLE_UNIT ( ) SI_UNIT ( $, .RADIAN. ) );
#2998 =( NAMED_UNIT ( * ) SI_UNIT ( $, .STERADIAN. ) SOLID_ANGLE_UNIT ( ) );
#2999 = CARTESIAN_POINT ( 'NONE',  ( 0.0000000000000000000, 0.0000000000000000000, 0.0000000000000000000 ) ) ;
#3000 = DIRECTION ( 'NONE',  ( 0.0000000000000000000, 0.0000000000000000000, 1.000000000000000000 ) ) ;
#3001 = DIRECTION ( 'NONE',  ( 1.000000000000000000, 0.0000000000000000000, 0.0000000000000000000 ) ) ;
#3002 = PRODUCT_CONTEXT ( 'NONE', #2991, 'mechanical' ) ;
#3003 = APPLICATION_CONTEXT ( 'automotive_design' ) ;
#3004 = APPLICATION_PROTOCOL_DEFINITION ( 'draft international standard', 'automotive_design', 1998, #3003 ) ;
#3005 = ORIENTED_EDGE ( 'NONE', *, *, #4126, .T. ) ;
#3006 = ORIENTED_EDGE ( 'NONE', *, *, #3580, .F. ) ;
#3007 = ORIENTED_EDGE ( 'NONE', *, *, #4125, .F. ) ;
#3008 = ORIENTED_EDGE ( 'NONE', *, *, #3540, .T. ) ;
#3009 = ORIENTED_EDGE ( 'NONE', *, *, #4137, .F. ) ;
#3010 = ORIENTED_EDGE ( 'NONE', *, *, #3551, .F. ) ;
#3011 = ORIENTED_EDGE ( 'NONE', *, *, #4106, .F. ) ;
#3012 = ORIENTED_EDGE ( 'NONE', *, *, #4100, .F. ) ;
#3013 = ORIENTED_EDGE ( 'NONE', *, *, #4109, .T. ) ;
#3014 = ORIENTED_EDGE ( 'NONE', *, *, #4093, .T. ) ;
#3015 = ORIENTED_EDGE ( 'NONE', *, *, #3518, .T. ) ;
#3016 = ORIENTED_EDGE ( 'NONE', *, *, #4108, .F. ) ;
#3017 = ORIENTED_EDGE ( 'NONE', *, *, #4094, .F. ) ;
#3018 = ORIENTED_EDGE ( 'NONE', *, *, #4107, .T. ) ;
#3019 = ORIENTED_EDGE ( 'NONE', *, *, #4104, .T. ) ;
#3020 = ORIENTED_EDGE ( 'NONE', *, *, #4106, .T. ) ;
#3021 = ORIENTED_EDGE ( 'NONE', *, *, #3553, .F. ) ;
#3022 = ORIENTED_EDGE ( 'NONE', *, *, #4105, .F. ) ;
#3023 = ORIENTED_EDGE ( 'NONE', *, *, #4104, .F. ) ;
#3024 = ORIENTED_EDGE ( 'NONE', *, *, #4103, .F. ) ;
#3025 = ORIENTED_EDGE ( 'NONE', *, *, #4102, .T. ) ;
#3026 = ORIENTED_EDGE ( 'NONE', *, *, #4097, .T. ) ;
#3027 = ORIENTED_EDGE ( 'NONE', *, *, #4101, .T. ) ;
#3028 = ORIENTED_EDGE ( 'NONE', *, *, #4100, .T. ) ;
#3029 = ORIENTED_EDGE ( 'NONE', *, *, #4099, .T. ) ;
#3030 = ORIENTED_EDGE ( 'NONE', *, *, #4124, .F. ) ;
#3031 = ORIENTED_EDGE ( 'NONE', *, *, #4123, .F. ) ;
#3032 = ORIENTED_EDGE ( 'NONE', *, *, #4122, .T. ) ;
#3033 = ORIENTED_EDGE ( 'NONE', *, *, #4117, .T. ) ;
#3034 = ORIENTED_EDGE ( 'NONE', *, *, #4121, .T. ) ;
#3035 = CARTESIAN_POINT ( 'NONE',  ( -11.82000000000000000, 0.4000000000000000200, 3.740025210376027000 ) ) ;
#3036 = PLANE ( 'NONE',  #4184 ) ;
#3037 =( NAMED_UNIT ( * ) PLANE_ANGLE_UNIT ( ) SI_UNIT ( $, .RADIAN. ) );
#3038 = ORIENTED_EDGE ( 'NONE', *, *, #4091, .T. ) ;
#3039 = ORIENTED_EDGE ( 'NONE', *, *, #4098, .T. ) ;
#3040 = ORIENTED_EDGE ( 'NONE', *, *, #4097, .F. ) ;
#3041 = ORIENTED_EDGE ( 'NONE', *, *, #4096, .T. ) ;
#3042 = ORIENTED_EDGE ( 'NONE', *, *, #4095, .T. ) ;
#3043 = ORIENTED_EDGE ( 'NONE', *, *, #4094, .T. ) ;
#3044 = ORIENTED_EDGE ( 'NONE', *, *, #4093, .F. ) ;
#3045 = ORIENTED_EDGE ( 'NONE', *, *, #4092, .T. ) ;
#3046 = ORIENTED_EDGE ( 'NONE', *, *, #4091, .F. ) ;
#3047 = ORIENTED_EDGE ( 'NONE', *, *, #4090, .F. ) ;
#3048 = ORIENTED_EDGE ( 'NONE', *, *, #4076, .F. ) ;
#3049 = ORIENTED_EDGE ( 'NONE', *, *, #4079, .F. ) ;
#3050 = ORIENTED_EDGE ( 'NONE', *, *, #4082, .F. ) ;
#3051 = ORIENTED_EDGE ( 'NONE', *, *, #4078, .F. ) ;
#3052 = ORIENTED_EDGE ( 'NONE', *, *, #4072, .F. ) ;
#3053 = ORIENTED_EDGE ( 'NONE', *, *, #4089, .F. ) ;
#3054 = ORIENTED_EDGE ( 'NONE', *, *, #4081, .F. ) ;
#3055 = ORIENTED_EDGE ( 'NONE', *, *, #4070, .F. ) ;
#3056 = ORIENTED_EDGE ( 'NONE', *, *, #4056, .F. ) ;
#3057 = ORIENTED_EDGE ( 'NONE', *, *, #4059, .F. ) ;
#3058 = ORIENTED_EDGE ( 'NONE', *, *, #4062, .F. ) ;
#3059 = ORIENTED_EDGE ( 'NONE', *, *, #4058, .F. ) ;
#3060 = ORIENTED_EDGE ( 'NONE', *, *, #4052, .F. ) ;
#3061 = ORIENTED_EDGE ( 'NONE', *, *, #4069, .F. ) ;
#3062 = ORIENTED_EDGE ( 'NONE', *, *, #4061, .F. ) ;
#3063 = ORIENTED_EDGE ( 'NONE', *, *, #4085, .T. ) ;
#3064 = ORIENTED_EDGE ( 'NONE', *, *, #3602, .T. ) ;
#3065 = ORIENTED_EDGE ( 'NONE', *, *, #3559, .T. ) ;
#3066 = ORIENTED_EDGE ( 'NONE', *, *, #3574, .F. ) ;
#3067 = ORIENTED_EDGE ( 'NONE', *, *, #4087, .F. ) ;
#3068 = VERTEX_POINT ( 'NONE', #573 ) ;
#3069 = VERTEX_POINT ( 'NONE', #569 ) ;
#3070 = DIRECTION ( 'NONE',  ( 0.0000000000000000000, -0.0000000000000000000, 1.000000000000000000 ) ) ;
#3071 = PLANE ( 'NONE',  #4157 ) ;
#3072 = DIRECTION ( 'NONE',  ( 1.000000000000000000, 0.0000000000000000000, -0.0000000000000000000 ) ) ;
#3073 = DIRECTION ( 'NONE',  ( -0.0000000000000000000, -1.000000000000000000, -0.0000000000000000000 ) ) ;
#3074 = DIRECTION ( 'NONE',  ( -0.0000000000000000000, 0.0000000000000000000, -1.000000000000000000 ) ) ;
#3075 = CARTESIAN_POINT ( 'NONE',  ( -8.520000000000001400, -1.300000000000000000, 3.740025210376027400 ) ) ;
#3076 = DIRECTION ( 'NONE',  ( 0.0000000000000000000, 0.0000000000000000000, -1.000000000000000000 ) ) ;
#3077 = DIRECTION ( 'NONE',  ( 0.0000000000000000000, 0.0000000000000000000, -1.000000000000000000 ) ) ;
#3078 = CARTESIAN_POINT ( 'NONE',  ( -8.520000000000001400, -1.300000000000000000, 3.740025210376027400 ) ) ;
#3079 = DIRECTION ( 'NONE',  ( -0.0000000000000000000, -1.000000000000000000, -0.0000000000000000000 ) ) ;
#3080 = CARTESIAN_POINT ( 'NONE',  ( -8.520000000000001400, -1.300000000000000000, 3.740025210376027400 ) ) ;
#3081 = PLANE ( 'NONE',  #4162 ) ;
#3082 = PLANE ( 'NONE',  #4161 ) ;
#3083 = CARTESIAN_POINT ( 'NONE',  ( -8.520000000000001400, -2.100000000000000100, 3.740025210376027400 ) ) ;
#3084 = PLANE ( 'NONE',  #4171 ) ;
#3085 = DIRECTION ( 'NONE',  ( -0.0000000000000000000, 1.000000000000000000, 0.0000000000000000000 ) ) ;
#3086 = DIRECTION ( 'NONE',  ( 1.000000000000000000, 0.0000000000000000000, 0.0000000000000000000 ) ) ;
#3087 = PLANE ( 'NONE',  #4163 ) ;
#3088 = DIRECTION ( 'NONE',  ( 1.000000000000000000, 0.0000000000000000000, -0.0000000000000000000 ) ) ;
#3089 = CARTESIAN_POINT ( 'NONE',  ( -9.320000000000002100, -1.499999999999999600, 8.690025210376028000 ) ) ;
#3090 = DIRECTION ( 'NONE',  ( -0.0000000000000000000, 1.000000000000000000, 0.0000000000000000000 ) ) ;
#3091 = DIRECTION ( 'NONE',  ( 1.000000000000000000, 0.0000000000000000000, 0.0000000000000000000 ) ) ;
#3092 = PLANE ( 'NONE',  #4164 ) ;
#3093 = CARTESIAN_POINT ( 'NONE',  ( -8.520000000000001400, -2.100000000000000100, 8.140529726485100400 ) ) ;
#3094 = DIRECTION ( 'NONE',  ( -0.0000000000000000000, -0.9396926207859093200, -0.3420201433256663300 ) ) ;
#3095 = DIRECTION ( 'NONE',  ( -1.000000000000000000, 0.0000000000000000000, 0.0000000000000000000 ) ) ;
#3096 = PLANE ( 'NONE',  #4165 ) ;
#3097 = CARTESIAN_POINT ( 'NONE',  ( -8.520000000000001400, 2.100000000000000100, 3.740025210376027400 ) ) ;
#3098 = DIRECTION ( 'NONE',  ( 0.0000000000000000000, -0.9396926207859093200, 0.3420201433256663300 ) ) ;
#3099 = DIRECTION ( 'NONE',  ( 1.000000000000000000, 0.0000000000000000000, 0.0000000000000000000 ) ) ;
#3100 = PLANE ( 'NONE',  #4166 ) ;
#3101 = CARTESIAN_POINT ( 'NONE',  ( -8.520000000000001400, 1.300000000000000000, 3.740025210376027400 ) ) ;
#3102 = DIRECTION ( 'NONE',  ( -0.0000000000000000000, 1.000000000000000000, 0.0000000000000000000 ) ) ;
#3103 = DIRECTION ( 'NONE',  ( 1.000000000000000000, 0.0000000000000000000, 0.0000000000000000000 ) ) ;
#3104 = CARTESIAN_POINT ( 'NONE',  ( -9.320000000000002100, -1.300000000000000000, 8.690025210376028000 ) ) ;
#3105 = PLANE ( 'NONE',  #4168 ) ;
#3106 = DIRECTION ( 'NONE',  ( -0.0000000000000000000, -1.000000000000000000, -0.0000000000000000000 ) ) ;
#3107 = CARTESIAN_POINT ( 'NONE',  ( -8.520000000000001400, 2.100000000000000100, 3.740025210376027400 ) ) ;
#3108 = DIRECTION ( 'NONE',  ( -0.0000000000000000000, -0.9396926207859093200, -0.3420201433256663300 ) ) ;
#3109 = PLANE ( 'NONE',  #4169 ) ;
#3110 = CARTESIAN_POINT ( 'NONE',  ( -10.52000000000000000, 3.799999999999999400, 3.740025210376027000 ) ) ;
#3111 = DIRECTION ( 'NONE',  ( 1.000000000000000000, 0.0000000000000000000, 0.0000000000000000000 ) ) ;
#3112 = DIRECTION ( 'NONE',  ( -0.0000000000000000000, -1.000000000000000000, -0.0000000000000000000 ) ) ;
#3113 = DIRECTION ( 'NONE',  ( 0.0000000000000000000, 0.0000000000000000000, -1.000000000000000000 ) ) ;
#3114 = DIRECTION ( 'NONE',  ( 0.0000000000000000000, -1.000000000000000000, 0.0000000000000000000 ) ) ;
#3115 = DIRECTION ( 'NONE',  ( 1.000000000000000000, 0.0000000000000000000, 0.0000000000000000000 ) ) ;
#3116 = DIRECTION ( 'NONE',  ( -0.0000000000000000000, 1.000000000000000000, 0.0000000000000000000 ) ) ;
#3117 = DIRECTION ( 'NONE',  ( -1.000000000000000000, 0.0000000000000000000, 0.0000000000000000000 ) ) ;
#3118 = CARTESIAN_POINT ( 'NONE',  ( -4.570000000000001200, -2.849999999999999200, 2.440025210376026700 ) ) ;
#3119 = DIRECTION ( 'NONE',  ( 0.0000000000000000000, -0.0000000000000000000, 1.000000000000000000 ) ) ;
#3120 = DIRECTION ( 'NONE',  ( 0.0000000000000000000, -0.9396926207859093200, 0.3420201433256663300 ) ) ;
#3121 = DIRECTION ( 'NONE',  ( 1.000000000000000000, 0.0000000000000000000, -0.0000000000000000000 ) ) ;
#3122 = CARTESIAN_POINT ( 'NONE',  ( -9.320000000000002100, 1.900000000000000100, 8.690025210376028000 ) ) ;
#3123 = DIRECTION ( 'NONE',  ( 1.000000000000000000, 0.0000000000000000000, 0.0000000000000000000 ) ) ;
#3124 = CARTESIAN_POINT ( 'NONE',  ( -8.520000000000001400, 1.300000000000000000, 8.140529726485100400 ) ) ;
#3125 = DIRECTION ( 'NONE',  ( 0.0000000000000000000, 0.0000000000000000000, -1.000000000000000000 ) ) ;
#3126 = PRODUCT_DEFINITION_CONTEXT ( 'detailed design', #3003, 'design' ) ;
#3127 = PRODUCT_DEFINITION_SHAPE ( 'NONE', 'NONE',  #1476 ) ;
#3128 = ORIENTED_EDGE ( 'NONE', *, *, #4114, .T. ) ;
#3129 = ORIENTED_EDGE ( 'NONE', *, *, #4117, .F. ) ;
#3130 = ORIENTED_EDGE ( 'NONE', *, *, #4118, .T. ) ;
#3131 = ORIENTED_EDGE ( 'NONE', *, *, #4111, .T. ) ;
#3132 = ORIENTED_EDGE ( 'NONE', *, *, #4119, .T. ) ;
#3133 = ORIENTED_EDGE ( 'NONE', *, *, #4120, .T. ) ;
#3134 = ORIENTED_EDGE ( 'NONE', *, *, #4113, .F. ) ;
#3135 = ORIENTED_EDGE ( 'NONE', *, *, #4112, .T. ) ;
#3136 = ORIENTED_EDGE ( 'NONE', *, *, #4116, .T. ) ;
#3137 = ORIENTED_EDGE ( 'NONE', *, *, #4115, .T. ) ;
#3138 = ORIENTED_EDGE ( 'NONE', *, *, #4132, .F. ) ;
#3139 = ORIENTED_EDGE ( 'NONE', *, *, #3636, .F. ) ;
#3140 = ORIENTED_EDGE ( 'NONE', *, *, #4143, .T. ) ;
#3141 = ORIENTED_EDGE ( 'NONE', *, *, #3620, .T. ) ;
#3142 = ORIENTED_EDGE ( 'NONE', *, *, #3629, .T. ) ;
#3143 = ORIENTED_EDGE ( 'NONE', *, *, #3622, .T. ) ;
#3144 = ORIENTED_EDGE ( 'NONE', *, *, #3640, .T. ) ;
#3145 = ORIENTED_EDGE ( 'NONE', *, *, #3644, .T. ) ;
#3146 = ORIENTED_EDGE ( 'NONE', *, *, #3652, .T. ) ;
#3147 = ORIENTED_EDGE ( 'NONE', *, *, #4144, .F. ) ;
#3148 = ORIENTED_EDGE ( 'NONE', *, *, #3621, .T. ) ;
#3149 = ORIENTED_EDGE ( 'NONE', *, *, #3612, .F. ) ;
#3150 = ORIENTED_EDGE ( 'NONE', *, *, #4148, .T. ) ;
#3151 = ORIENTED_EDGE ( 'NONE', *, *, #3642, .F. ) ;
#3152 = ORIENTED_EDGE ( 'NONE', *, *, #3604, .T. ) ;
#3153 = ORIENTED_EDGE ( 'NONE', *, *, #3616, .T. ) ;
#3154 = ORIENTED_EDGE ( 'NONE', *, *, #4133, .T. ) ;
#3155 = ORIENTED_EDGE ( 'NONE', *, *, #4149, .F. ) ;
#3156 = ORIENTED_EDGE ( 'NONE', *, *, #4141, .T. ) ;
#3157 = ORIENTED_EDGE ( 'NONE', *, *, #4137, .T. ) ;
#3158 = ORIENTED_EDGE ( 'NONE', *, *, #4138, .T. ) ;
#3159 = ORIENTED_EDGE ( 'NONE', *, *, #3610, .F. ) ;
#3160 = ORIENTED_EDGE ( 'NONE', *, *, #3614, .T. ) ;
#3161 = ORIENTED_EDGE ( 'NONE', *, *, #3634, .F. ) ;
#3162 = ORIENTED_EDGE ( 'NONE', *, *, #3639, .T. ) ;
#3163 = ORIENTED_EDGE ( 'NONE', *, *, #3637, .F. ) ;
#3164 = ORIENTED_EDGE ( 'NONE', *, *, #4145, .T. ) ;
#3165 = ORIENTED_EDGE ( 'NONE', *, *, #3645, .T. ) ;
#3166 = ORIENTED_EDGE ( 'NONE', *, *, #3617, .T. ) ;
#3167 = ORIENTED_EDGE ( 'NONE', *, *, #3623, .T. ) ;
#3168 = ORIENTED_EDGE ( 'NONE', *, *, #4136, .F. ) ;
#3169 = ORIENTED_EDGE ( 'NONE', *, *, #4150, .T. ) ;
#3170 = ORIENTED_EDGE ( 'NONE', *, *, #3626, .F. ) ;
#3171 = ORIENTED_EDGE ( 'NONE', *, *, #3615, .F. ) ;
#3172 = ORIENTED_EDGE ( 'NONE', *, *, #4147, .F. ) ;
#3173 = ORIENTED_EDGE ( 'NONE', *, *, #3646, .F. ) ;
#3174 = ORIENTED_EDGE ( 'NONE', *, *, #4139, .T. ) ;
#3175 = ORIENTED_EDGE ( 'NONE', *, *, #3630, .T. ) ;
#3176 = VERTEX_POINT ( 'NONE', #572 ) ;
#3177 = ORIENTED_EDGE ( 'NONE', *, *, #3638, .F. ) ;
#3178 = ORIENTED_EDGE ( 'NONE', *, *, #3613, .T. ) ;
#3179 = ORIENTED_EDGE ( 'NONE', *, *, #3605, .T. ) ;
#3180 = ORIENTED_EDGE ( 'NONE', *, *, #3618, .F. ) ;
#3181 = ORIENTED_EDGE ( 'NONE', *, *, #4131, .T. ) ;
#3182 = ORIENTED_EDGE ( 'NONE', *, *, #3619, .F. ) ;
#3183 = ORIENTED_EDGE ( 'NONE', *, *, #4135, .T. ) ;
#3184 = ORIENTED_EDGE ( 'NONE', *, *, #3641, .F. ) ;
#3185 = ORIENTED_EDGE ( 'NONE', *, *, #3628, .T. ) ;
#3186 = ORIENTED_EDGE ( 'NONE', *, *, #4142, .F. ) ;
#3187 = ORIENTED_EDGE ( 'NONE', *, *, #3606, .T. ) ;
#3188 = ORIENTED_EDGE ( 'NONE', *, *, #3647, .F. ) ;
#3189 = ORIENTED_EDGE ( 'NONE', *, *, #3608, .T. ) ;
#3190 = ORIENTED_EDGE ( 'NONE', *, *, #3607, .F. ) ;
#3191 = ORIENTED_EDGE ( 'NONE', *, *, #4140, .F. ) ;
#3192 = ORIENTED_EDGE ( 'NONE', *, *, #3643, .T. ) ;
#3193 = ORIENTED_EDGE ( 'NONE', *, *, #4146, .F. ) ;
#3194 = ORIENTED_EDGE ( 'NONE', *, *, #4134, .T. ) ;
#3195 = ORIENTED_EDGE ( 'NONE', *, *, #3648, .F. ) ;
#3196 = ORIENTED_EDGE ( 'NONE', *, *, #3611, .T. ) ;
#3197 = ORIENTED_EDGE ( 'NONE', *, *, #3649, .T. ) ;
#3198 = ORIENTED_EDGE ( 'NONE', *, *, #3609, .T. ) ;
#3199 = FACE_OUTER_BOUND ( 'NONE', #3406, .T. ) ;
#3200 = UNCERTAINTY_MEASURE_WITH_UNIT (LENGTH_MEASURE( 1.000000000000000100E-005 ), #45, 'distance_accuracy_value', 'NONE');
#3201 = UNCERTAINTY_MEASURE_WITH_UNIT (LENGTH_MEASURE( 1.000000000000000100E-005 ), #31, 'distance_accuracy_value', 'NONE');
#3202 = DIRECTION ( 'NONE',  ( 0.0000000000000000000, 0.0000000000000000000, -1.000000000000000000 ) ) ;
#3203 = DIRECTION ( 'NONE',  ( 0.0000000000000000000, -0.9396926207859095400, 0.3420201433256656600 ) ) ;
#3204 = SURFACE_STYLE_USAGE ( .BOTH. , #3703 ) ;
#3205 = DIRECTION ( 'NONE',  ( 1.000000000000000000, 0.0000000000000000000, -0.0000000000000000000 ) ) ;
#3206 = CARTESIAN_POINT ( 'NONE',  ( -10.52000000000000000, 3.799999999999999400, 3.740025210376027000 ) ) ;
#3207 = CARTESIAN_POINT ( 'NONE',  ( -4.570000000000001200, -2.849999999999999200, 2.940025210376027200 ) ) ;
#3208 = DIRECTION ( 'NONE',  ( 0.0000000000000000000, -0.0000000000000000000, 1.000000000000000000 ) ) ;
#3209 = CARTESIAN_POINT ( 'NONE',  ( 0.0000000000000000000, -2.849999999999999200, 0.0000000000000000000 ) ) ;
#3210 = CARTESIAN_POINT ( 'NONE',  ( 0.0000000000000000000, -2.250000000000000000, 0.0000000000000000000 ) ) ;
#3211 = DIRECTION ( 'NONE',  ( -1.000000000000000000, 0.0000000000000000000, 0.0000000000000000000 ) ) ;
#3212 = DIRECTION ( 'NONE',  ( 0.0000000000000000000, 1.000000000000000000, 0.0000000000000000000 ) ) ;
#3213 = DIRECTION ( 'NONE',  ( 0.0000000000000000000, -1.000000000000000000, 0.0000000000000000000 ) ) ;
#3214 = PLANE ( 'NONE',  #4181 ) ;
#3215 = PLANE ( 'NONE',  #4179 ) ;
#3216 = DIRECTION ( 'NONE',  ( 1.000000000000000000, 0.0000000000000000000, 0.0000000000000000000 ) ) ;
#3217 = DIRECTION ( 'NONE',  ( 1.000000000000000000, 0.0000000000000000000, 0.0000000000000000000 ) ) ;
#3218 = PLANE ( 'NONE',  #4186 ) ;
#3219 = DIRECTION ( 'NONE',  ( 1.000000000000000000, 0.0000000000000000000, 0.0000000000000000000 ) ) ;
#3220 = PLANE ( 'NONE',  #4183 ) ;
#3221 = PLANE ( 'NONE',  #4182 ) ;
#3222 = CARTESIAN_POINT ( 'NONE',  ( -10.52000000000000000, 2.999999999999999600, 8.140529726485102200 ) ) ;
#3223 = ORIENTED_EDGE ( 'NONE', *, *, #4127, .T. ) ;
#3224 = ORIENTED_EDGE ( 'NONE', *, *, #4114, .F. ) ;
#3225 = ORIENTED_EDGE ( 'NONE', *, *, #4124, .T. ) ;
#3226 = CARTESIAN_POINT ( 'NONE',  ( -11.82000000000000000, 3.799999999999999400, 3.740025210376027000 ) ) ;
#3227 = DIRECTION ( 'NONE',  ( -0.0000000000000000000, -0.9396926207859095400, -0.3420201433256656600 ) ) ;
#3228 = DIRECTION ( 'NONE',  ( 0.0000000000000000000, -1.000000000000000000, 0.0000000000000000000 ) ) ;
#3229 = DIRECTION ( 'NONE',  ( 0.0000000000000000000, 1.000000000000000000, 0.0000000000000000000 ) ) ;
#3230 = DIRECTION ( 'NONE',  ( -1.000000000000000000, 0.0000000000000000000, 0.0000000000000000000 ) ) ;
#3231 = CARTESIAN_POINT ( 'NONE',  ( -11.32000000000000000, 3.600000000000001400, 8.690025210376026300 ) ) ;
#3232 = PLANE ( 'NONE',  #4176 ) ;
#3233 = CARTESIAN_POINT ( 'NONE',  ( -10.52000000000000000, 3.799999999999999400, 3.740025210376027000 ) ) ;
#3234 = CARTESIAN_POINT ( 'NONE',  ( -11.32000000000000000, 3.799999999999999400, 3.740025210376027000 ) ) ;
#3235 = DIRECTION ( 'NONE',  ( -1.000000000000000000, 0.0000000000000000000, 0.0000000000000000000 ) ) ;
#3236 = DIRECTION ( 'NONE',  ( 0.0000000000000000000, 0.0000000000000000000, -1.000000000000000000 ) ) ;
#3237 = PLANE ( 'NONE',  #4174 ) ;
#3238 = PLANE ( 'NONE',  #4175 ) ;
#3239 = PLANE ( 'NONE',  #4177 ) ;
#3240 = PLANE ( 'NONE',  #4178 ) ;
#3241 = DIRECTION ( 'NONE',  ( 1.000000000000000000, 0.0000000000000000000, -0.0000000000000000000 ) ) ;
#3242 = DIRECTION ( 'NONE',  ( 0.0000000000000000000, -0.0000000000000000000, 1.000000000000000000 ) ) ;
#3243 = PLANE ( 'NONE',  #4172 ) ;
#3244 = DIRECTION ( 'NONE',  ( 0.0000000000000000000, 0.0000000000000000000, 1.000000000000000000 ) ) ;
#3245 = DIRECTION ( 'NONE',  ( 1.000000000000000000, 0.0000000000000000000, 0.0000000000000000000 ) ) ;
#3246 = DIRECTION ( 'NONE',  ( -1.000000000000000000, 0.0000000000000000000, 0.0000000000000000000 ) ) ;
#3247 = CARTESIAN_POINT ( 'NONE',  ( -10.52000000000000000, 2.999999999999999600, 3.740025210376027000 ) ) ;
#3248 = DIRECTION ( 'NONE',  ( 0.0000000000000000000, 0.0000000000000000000, -1.000000000000000000 ) ) ;
#3249 = CARTESIAN_POINT ( 'NONE',  ( 0.0000000000000000000, -3.949999999999999700, 0.0000000000000000000 ) ) ;
#3250 = DIRECTION ( 'NONE',  ( -0.0000000000000000000, -1.000000000000000000, -0.0000000000000000000 ) ) ;
#3251 = CARTESIAN_POINT ( 'NONE',  ( -5.870000000000001000, -2.849999999999999200, 2.940025210376027200 ) ) ;
#3252 = PLANE ( 'NONE',  #4180 ) ;
#3253 = CARTESIAN_POINT ( 'NONE',  ( -11.32000000000000000, 3.799999999999999400, 8.690025210376026300 ) ) ;
#3254 = DIRECTION ( 'NONE',  ( 1.000000000000000000, 0.0000000000000000000, 0.0000000000000000000 ) ) ;
#3255 =( LENGTH_UNIT ( ) NAMED_UNIT ( * ) SI_UNIT ( .MILLI., .METRE. ) );
#3256 = MANIFOLD_SOLID_BREP ( 'LPattern3', #3734 ) ;
#3257 = UNCERTAINTY_MEASURE_WITH_UNIT (LENGTH_MEASURE( 1.000000000000000100E-005 ), #3255, 'distance_accuracy_value', 'NONE');
#3258 = UNCERTAINTY_MEASURE_WITH_UNIT (LENGTH_MEASURE( 1.000000000000000100E-005 ), #1826, 'distance_accuracy_value', 'NONE');
#3259 = UNCERTAINTY_MEASURE_WITH_UNIT (LENGTH_MEASURE( 1.000000000000000100E-005 ), #1838, 'distance_accuracy_value', 'NONE');
#3260 = UNCERTAINTY_MEASURE_WITH_UNIT (LENGTH_MEASURE( 1.000000000000000100E-005 ), #1849, 'distance_accuracy_value', 'NONE');
#3261 = UNCERTAINTY_MEASURE_WITH_UNIT (LENGTH_MEASURE( 1.000000000000000100E-005 ), #1860, 'distance_accuracy_value', 'NONE');
#3262 = UNCERTAINTY_MEASURE_WITH_UNIT (LENGTH_MEASURE( 1.000000000000000100E-005 ), #1875, 'distance_accuracy_value', 'NONE');
#3263 = UNCERTAINTY_MEASURE_WITH_UNIT (LENGTH_MEASURE( 1.000000000000000100E-005 ), #1890, 'distance_accuracy_value', 'NONE');
#3264 = UNCERTAINTY_MEASURE_WITH_UNIT (LENGTH_MEASURE( 1.000000000000000100E-005 ), #1900, 'distance_accuracy_value', 'NONE');
#3265 = UNCERTAINTY_MEASURE_WITH_UNIT (LENGTH_MEASURE( 1.000000000000000100E-005 ), #1919, 'distance_accuracy_value', 'NONE');
#3266 = UNCERTAINTY_MEASURE_WITH_UNIT (LENGTH_MEASURE( 1.000000000000000100E-005 ), #1930, 'distance_accuracy_value', 'NONE');
#3267 = UNCERTAINTY_MEASURE_WITH_UNIT (LENGTH_MEASURE( 1.000000000000000100E-005 ), #1945, 'distance_accuracy_value', 'NONE');
#3268 = UNCERTAINTY_MEASURE_WITH_UNIT (LENGTH_MEASURE( 1.000000000000000100E-005 ), #1971, 'distance_accuracy_value', 'NONE');
#3269 = UNCERTAINTY_MEASURE_WITH_UNIT (LENGTH_MEASURE( 1.000000000000000100E-005 ), #1982, 'distance_accuracy_value', 'NONE');
#3270 = UNCERTAINTY_MEASURE_WITH_UNIT (LENGTH_MEASURE( 1.000000000000000100E-005 ), #1993, 'distance_accuracy_value', 'NONE');
#3271 = UNCERTAINTY_MEASURE_WITH_UNIT (LENGTH_MEASURE( 1.000000000000000100E-005 ), #2002, 'distance_accuracy_value', 'NONE');
#3272 = UNCERTAINTY_MEASURE_WITH_UNIT (LENGTH_MEASURE( 1.000000000000000100E-005 ), #2013, 'distance_accuracy_value', 'NONE');
#3273 = UNCERTAINTY_MEASURE_WITH_UNIT (LENGTH_MEASURE( 1.000000000000000100E-005 ), #2031, 'distance_accuracy_value', 'NONE');
#3274 = UNCERTAINTY_MEASURE_WITH_UNIT (LENGTH_MEASURE( 1.000000000000000100E-005 ), #2041, 'distance_accuracy_value', 'NONE');
#3275 = UNCERTAINTY_MEASURE_WITH_UNIT (LENGTH_MEASURE( 1.000000000000000100E-005 ), #2051, 'distance_accuracy_value', 'NONE');
#3276 = UNCERTAINTY_MEASURE_WITH_UNIT (LENGTH_MEASURE( 1.000000000000000100E-005 ), #2065, 'distance_accuracy_value', 'NONE');
#3277 = UNCERTAINTY_MEASURE_WITH_UNIT (LENGTH_MEASURE( 1.000000000000000100E-005 ), #2074, 'distance_accuracy_value', 'NONE');
#3278 = UNCERTAINTY_MEASURE_WITH_UNIT (LENGTH_MEASURE( 1.000000000000000100E-005 ), #2089, 'distance_accuracy_value', 'NONE');
#3279 = UNCERTAINTY_MEASURE_WITH_UNIT (LENGTH_MEASURE( 1.000000000000000100E-005 ), #7, 'distance_accuracy_value', 'NONE');
#3280 = UNCERTAINTY_MEASURE_WITH_UNIT (LENGTH_MEASURE( 1.000000000000000100E-005 ), #17, 'distance_accuracy_value', 'NONE');
#3281 = VERTEX_POINT ( 'NONE', #574 ) ;
#3282 = VERTEX_POINT ( 'NONE', #575 ) ;
#3283 = VERTEX_POINT ( 'NONE', #570 ) ;
#3284 = VERTEX_POINT ( 'NONE', #584 ) ;
#3285 = VERTEX_POINT ( 'NONE', #571 ) ;
#3286 = VERTEX_POINT ( 'NONE', #585 ) ;
#3287 = VERTEX_POINT ( 'NONE', #586 ) ;
#3288 = VERTEX_POINT ( 'NONE', #583 ) ;
#3289 = VERTEX_POINT ( 'NONE', #587 ) ;
#3290 = VERTEX_POINT ( 'NONE', #588 ) ;
#3291 = VERTEX_POINT ( 'NONE', #589 ) ;
#3292 = VERTEX_POINT ( 'NONE', #590 ) ;
#3293 = VERTEX_POINT ( 'NONE', #591 ) ;
#3294 = VERTEX_POINT ( 'NONE', #592 ) ;
#3295 = VERTEX_POINT ( 'NONE', #593 ) ;
#3296 = VERTEX_POINT ( 'NONE', #594 ) ;
#3297 = VERTEX_POINT ( 'NONE', #595 ) ;
#3298 = VERTEX_POINT ( 'NONE', #596 ) ;
#3299 = VERTEX_POINT ( 'NONE', #597 ) ;
#3300 = VERTEX_POINT ( 'NONE', #598 ) ;
#3301 = VERTEX_POINT ( 'NONE', #599 ) ;
#3302 = VERTEX_POINT ( 'NONE', #600 ) ;
#3303 = VERTEX_POINT ( 'NONE', #601 ) ;
#3304 = VERTEX_POINT ( 'NONE', #602 ) ;
#3305 = VERTEX_POINT ( 'NONE', #603 ) ;
#3306 = VERTEX_POINT ( 'NONE', #604 ) ;
#3307 = VERTEX_POINT ( 'NONE', #605 ) ;
#3308 = VERTEX_POINT ( 'NONE', #606 ) ;
#3309 = VERTEX_POINT ( 'NONE', #607 ) ;
#3310 = VERTEX_POINT ( 'NONE', #608 ) ;
#3311 = VERTEX_POINT ( 'NONE', #609 ) ;
#3312 = VERTEX_POINT ( 'NONE', #610 ) ;
#3313 = VERTEX_POINT ( 'NONE', #611 ) ;
#3314 = VERTEX_POINT ( 'NONE', #612 ) ;
#3315 = VERTEX_POINT ( 'NONE', #613 ) ;
#3316 = VERTEX_POINT ( 'NONE', #614 ) ;
#3317 = VERTEX_POINT ( 'NONE', #615 ) ;
#3318 = VERTEX_POINT ( 'NONE', #616 ) ;
#3319 = VERTEX_POINT ( 'NONE', #617 ) ;
#3320 = VERTEX_POINT ( 'NONE', #618 ) ;
#3321 = VERTEX_POINT ( 'NONE', #619 ) ;
#3322 = VERTEX_POINT ( 'NONE', #620 ) ;
#3323 = VERTEX_POINT ( 'NONE', #621 ) ;
#3324 = VERTEX_POINT ( 'NONE', #622 ) ;
#3325 = VERTEX_POINT ( 'NONE', #623 ) ;
#3326 = ORIENTED_EDGE ( 'NONE', *, *, #3628, .F. ) ;
#3327 = ORIENTED_EDGE ( 'NONE', *, *, #3545, .T. ) ;
#3328 = ORIENTED_EDGE ( 'NONE', *, *, #3530, .T. ) ;
#3329 = ORIENTED_EDGE ( 'NONE', *, *, #3548, .T. ) ;
#3330 = ORIENTED_EDGE ( 'NONE', *, *, #3547, .F. ) ;
#3331 = ORIENTED_EDGE ( 'NONE', *, *, #3549, .F. ) ;
#3332 = ORIENTED_EDGE ( 'NONE', *, *, #3520, .T. ) ;
#3333 = ORIENTED_EDGE ( 'NONE', *, *, #3625, .T. ) ;
#3334 = VERTEX_POINT ( 'NONE', #627 ) ;
#3335 = VERTEX_POINT ( 'NONE', #628 ) ;
#3336 = VERTEX_POINT ( 'NONE', #629 ) ;
#3337 = VERTEX_POINT ( 'NONE', #624 ) ;
#3338 = VERTEX_POINT ( 'NONE', #630 ) ;
#3339 = VERTEX_POINT ( 'NONE', #625 ) ;
#3340 = VERTEX_POINT ( 'NONE', #631 ) ;
#3341 = VERTEX_POINT ( 'NONE', #626 ) ;
#3342 = EDGE_LOOP ( 'NONE', ( #3710, #3711, #3712, #3713, #3714, #3715, #3716, #3717 ) ) ;
#3343 = EDGE_LOOP ( 'NONE', ( #3987, #2501, #2513, #3992, #2518, #2512, #2470, #3988 ) ) ;
#3344 = EDGE_LOOP ( 'NONE', ( #2700, #2694, #2702, #2703 ) ) ;
#3345 = EDGE_LOOP ( 'NONE', ( #3863, #3864, #3865, #3866, #3867, #3868, #3869, #3870 ) ) ;
#3346 = EDGE_LOOP ( 'NONE', ( #2774, #3135, #3134, #3128, #3137, #3136 ) ) ;
#3347 = EDGE_LOOP ( 'NONE', ( #2676, #2669, #2667 ) ) ;
#3348 = EDGE_LOOP ( 'NONE', ( #3783, #3784, #3785, #3786, #3787, #3788, #3789, #3790 ) ) ;
#3349 = EDGE_LOOP ( 'NONE', ( #2711, #2712, #2714 ) ) ;
#3350 = EDGE_LOOP ( 'NONE', ( #3726, #3727, #3728, #3729 ) ) ;
#3351 = EDGE_LOOP ( 'NONE', ( #3735, #3736, #3737, #3738 ) ) ;
#3352 = EDGE_LOOP ( 'NONE', ( #2716, #2692, #2721, #2720, #2717, #2719, #2707, #2718 ) ) ;
#3353 = EDGE_LOOP ( 'NONE', ( #2772, #2788, #2776, #2782, #2781, #2783, #2779, #2773 ) ) ;
#3354 = EDGE_LOOP ( 'NONE', ( #2704, #2689, #2680, #2679, #2695 ) ) ;
#3355 = EDGE_LOOP ( 'NONE', ( #2701, #2708, #2709, #2710 ) ) ;
#3356 = EDGE_LOOP ( 'NONE', ( #3755, #3756, #3757, #3758, #3759, #3760, #3761, #3762 ) ) ;
#3357 = EDGE_LOOP ( 'NONE', ( #2503, #2466, #2483 ) ) ;
#3358 = EDGE_LOOP ( 'NONE', ( #3911, #3912, #3913, #3914, #3915, #3916, #3917, #3918 ) ) ;
#3359 = EDGE_LOOP ( 'NONE', ( #2485, #2498, #3990, #3980 ) ) ;
#3360 = EDGE_LOOP ( 'NONE', ( #3823, #3824, #3825, #3826, #3827, #3828, #3829, #3830 ) ) ;
#3361 = EDGE_LOOP ( 'NONE', ( #2722, #2724, #2726, #2725 ) ) ;
#3362 = EDGE_LOOP ( 'NONE', ( #3062, #3061, #3060, #3059 ) ) ;
#3363 = EDGE_LOOP ( 'NONE', ( #2678, #2688, #2706, #2687 ) ) ;
#3364 = EDGE_LOOP ( 'NONE', ( #2527, #2453, #3981, #2462 ) ) ;
#3365 = EDGE_LOOP ( 'NONE', ( #3223, #3224, #2791, #3 ) ) ;
#3366 = EDGE_LOOP ( 'NONE', ( #3811, #3812, #3813, #3814, #3815, #3816, #3817, #3818 ) ) ;
#3367 = EDGE_LOOP ( 'NONE', ( #2515, #3993, #2509, #2670 ) ) ;
#3368 = EDGE_LOOP ( 'NONE', ( #3040, #3039, #3038, #3029 ) ) ;
#3369 = EDGE_LOOP ( 'NONE', ( #2673, #2675, #2672, #2668 ) ) ;
#3370 = EDGE_LOOP ( 'NONE', ( #2526, #2522, #3967, #3968 ) ) ;
#3371 = EDGE_LOOP ( 'NONE', ( #2508, #2479, #2478, #2505, #2504 ) ) ;
#3372 = EDGE_LOOP ( 'NONE', ( #2723, #2705, #2693, #2691, #2690, #2686, #2685, #2684 ) ) ;
#3373 = EDGE_LOOP ( 'NONE', ( #3018, #3017, #3016, #3015 ) ) ;
#3374 = EDGE_LOOP ( 'NONE', ( #3849, #3850, #3851, #3852, #3853, #3854 ) ) ;
#3375 = EDGE_LOOP ( 'NONE', ( #3328, #3330, #3329, #3445, #3446, #3447, #3448, #3449 ) ) ;
#3376 = EDGE_LOOP ( 'NONE', ( #3747, #3748, #3749, #3750 ) ) ;
#3377 = EDGE_LOOP ( 'NONE', ( #3937, #3938, #3939, #3940, #3941, #3942 ) ) ;
#3378 = EDGE_LOOP ( 'NONE', ( #2697, #2699, #2713, #2715 ) ) ;
#3379 = EDGE_LOOP ( 'NONE', ( #2455, #3985, #2477, #3997 ) ) ;
#3380 = EDGE_LOOP ( 'NONE', ( #2458, #3966, #2539, #2520 ) ) ;
#3381 = EDGE_LOOP ( 'NONE', ( #3775, #3776, #3777, #3778 ) ) ;
#3382 = EDGE_LOOP ( 'NONE', ( #3046, #3045, #3044, #3043, #3042, #3041 ) ) ;
#3383 = EDGE_LOOP ( 'NONE', ( #2775, #2771, #2787, #2778 ) ) ;
#3384 = EDGE_LOOP ( 'NONE', ( #2474, #2471, #2468, #3991, #2482, #2454 ) ) ;
#3385 = EDGE_LOOP ( 'NONE', ( #3831, #3832, #3833, #3834 ) ) ;
#3386 = EDGE_LOOP ( 'NONE', ( #3331, #3333, #3327, #3332 ) ) ;
#3387 = EDGE_LOOP ( 'NONE', ( #2683, #2682, #2681, #3326 ) ) ;
#3388 = EDGE_LOOP ( 'NONE', ( #2490, #2528, #2489, #2491, #2492, #2493 ) ) ;
#3389 = EDGE_LOOP ( 'NONE', ( #2785, #2784, #2786, #2777 ) ) ;
#3390 = EDGE_LOOP ( 'NONE', ( #3779, #3780, #3781, #3782 ) ) ;
#3391 = EDGE_LOOP ( 'NONE', ( #3871, #3872, #3873, #3874, #3875, #3876, #3877, #3878 ) ) ;
#3392 = EDGE_LOOP ( 'NONE', ( #3897, #3898, #3899, #3900, #3901, #3902 ) ) ;
#3393 = EDGE_LOOP ( 'NONE', ( #3022, #3021, #3020, #3019 ) ) ;
#3394 = EDGE_LOOP ( 'NONE', ( #3835, #3836, #3837, #3838 ) ) ;
#3395 = EDGE_LOOP ( 'NONE', ( #2521, #3979, #3986, #2525 ) ) ;
#3396 = EDGE_LOOP ( 'NONE', ( #3974, #2449, #3973, #2463 ) ) ;
#3397 = EDGE_LOOP ( 'NONE', ( #3965, #3962, #2475, #3984, #2469, #2500 ) ) ;
#3398 = EDGE_LOOP ( 'NONE', ( #2516, #2497, #2481, #3970, #3971, #3996, #2519, #2484, #3969, #3977 ) ) ;
#3399 = EDGE_LOOP ( 'NONE', ( #3819, #3820, #3821, #3822 ) ) ;
#3400 = EDGE_LOOP ( 'NONE', ( #3803, #3804, #3805, #3806 ) ) ;
#3401 = EDGE_LOOP ( 'NONE', ( #3859, #3860, #3861, #3862 ) ) ;
#3402 = EDGE_LOOP ( 'NONE', ( #2480, #2467, #2496, #2473, #2507 ) ) ;
#3403 = EDGE_LOOP ( 'NONE', ( #3879, #3880, #3881, #3882 ) ) ;
#3404 = EDGE_LOOP ( 'NONE', ( #2511, #3972, #2502, #2517 ) ) ;
#3405 = EDGE_LOOP ( 'NONE', ( #2495, #2494, #2461, #2510 ) ) ;
#3406 = EDGE_LOOP ( 'NONE', ( #3050, #3049, #3048, #3047 ) ) ;
#3407 = EDGE_LOOP ( 'NONE', ( #3791, #3792, #3793, #3794 ) ) ;
#3408 = EDGE_LOOP ( 'NONE', ( #3807, #3808, #3809, #3810 ) ) ;
#3409 = EDGE_LOOP ( 'NONE', ( #3767, #3768, #3769, #3770, #3771, #3772, #3773, #3774 ) ) ;
#3410 = EDGE_LOOP ( 'NONE', ( #3927, #3928, #3929, #3930, #3931, #3932 ) ) ;
#3411 = EDGE_LOOP ( 'NONE', ( #3893, #3894, #3895, #3896 ) ) ;
#3412 = EDGE_LOOP ( 'NONE', ( #3054, #3053, #3052, #3051 ) ) ;
#3413 = EDGE_LOOP ( 'NONE', ( #2529, #3995, #2486, #3998, #2488, #2487 ) ) ;
#3414 = EDGE_LOOP ( 'NONE', ( #3919, #3920, #3921, #3922, #3923, #3924, #3925, #3926 ) ) ;
#3415 = EDGE_LOOP ( 'NONE', ( #3028, #3027, #3026, #3025, #3024, #3023 ) ) ;
#3416 = EDGE_LOOP ( 'NONE', ( #3907, #3908, #3909, #3910 ) ) ;
#3417 = EDGE_LOOP ( 'NONE', ( #3959, #3960, #3961, #3067, #3066, #3065, #3064, #3063 ) ) ;
#3418 = EDGE_LOOP ( 'NONE', ( #3947, #3948, #3949, #3950 ) ) ;
#3419 = EDGE_LOOP ( 'NONE', ( #3903, #3904, #3905, #3906 ) ) ;
#3420 = EDGE_LOOP ( 'NONE', ( #3730, #3731, #3732, #3733 ) ) ;
#3421 = EDGE_LOOP ( 'NONE', ( #3133, #3034, #3033, #3032, #3031, #3030 ) ) ;
#3422 = EDGE_LOOP ( 'NONE', ( #3763, #3764, #3765, #3766 ) ) ;
#3423 = EDGE_LOOP ( 'NONE', ( #3739, #3740, #3741, #3742, #3743, #3744, #3745, #3746 ) ) ;
#3424 = EDGE_LOOP ( 'NONE', ( #3839, #3840, #3841, #3842, #3843, #3844 ) ) ;
#3425 = EDGE_LOOP ( 'NONE', ( #3855, #3856, #3857, #3858 ) ) ;
#3426 = EDGE_LOOP ( 'NONE', ( #3933, #3934, #3935, #3936 ) ) ;
#3427 = EDGE_LOOP ( 'NONE', ( #3943, #3944, #3945, #3946 ) ) ;
#3428 = EDGE_LOOP ( 'NONE', ( #3014, #3013, #3012, #3011, #3010, #3009, #3008, #2780 ) ) ;
#3429 = EDGE_LOOP ( 'NONE', ( #3978, #3975, #2532, #2534 ) ) ;
#3430 = EDGE_LOOP ( 'NONE', ( #3963, #2456, #2457, #2464 ) ) ;
#3431 = EDGE_LOOP ( 'NONE', ( #2696, #2698 ) ) ;
#3432 = EDGE_LOOP ( 'NONE', ( #3795, #3796, #3797, #3798, #3799, #3800, #3801, #3802 ) ) ;
#3433 = EDGE_LOOP ( 'NONE', ( #2472, #2476, #2460, #2514, #3964 ) ) ;
#3434 = EDGE_LOOP ( 'NONE', ( #3887, #3888, #3889, #3890, #3891, #3892 ) ) ;
#3435 = EDGE_LOOP ( 'NONE', ( #3007, #3006, #3005, #3225 ) ) ;
#3436 = EDGE_LOOP ( 'NONE', ( #3883, #3884, #3885, #3886 ) ) ;
#3437 = EDGE_LOOP ( 'NONE', ( #2499, #2465, #2451, #3999 ) ) ;
#3438 = EDGE_LOOP ( 'NONE', ( #3845, #3846, #3847, #3848 ) ) ;
#3439 = EDGE_LOOP ( 'NONE', ( #3058, #3057, #3056, #3055 ) ) ;
#3440 = EDGE_LOOP ( 'NONE', ( #3951, #3952, #3953, #3954, #3955, #3956, #3957, #3958 ) ) ;
#3441 = EDGE_LOOP ( 'NONE', ( #3129, #3130, #3131, #3132 ) ) ;
#3442 = EDGE_LOOP ( 'NONE', ( #2671, #2674, #2677 ) ) ;
#3443 = EDGE_LOOP ( 'NONE', ( #3751, #3752, #3753, #3754 ) ) ;
#3444 = EDGE_LOOP ( 'NONE', ( #3718, #3719, #3720, #3721, #3722, #3723, #3724, #3725 ) ) ;
#3445 = ORIENTED_EDGE ( 'NONE', *, *, #3518, .F. ) ;
#3446 = ORIENTED_EDGE ( 'NONE', *, *, #3540, .F. ) ;
#3447 = ORIENTED_EDGE ( 'NONE', *, *, #4138, .F. ) ;
#3448 = ORIENTED_EDGE ( 'NONE', *, *, #3526, .F. ) ;
#3449 = ORIENTED_EDGE ( 'NONE', *, *, #3619, .T. ) ;
#3450 = FACE_OUTER_BOUND ( 'NONE', #3382, .T. ) ;
#3451 = PRESENTATION_STYLE_ASSIGNMENT (( #3204 ) ) ;
#3452 = FACE_OUTER_BOUND ( 'NONE', #3441, .T. ) ;
#3453 = FACE_OUTER_BOUND ( 'NONE', #3368, .T. ) ;
#3454 = FACE_OUTER_BOUND ( 'NONE', #3412, .T. ) ;
#3455 = FACE_OUTER_BOUND ( 'NONE', #3415, .T. ) ;
#3456 = FACE_OUTER_BOUND ( 'NONE', #3393, .T. ) ;
#3457 = FACE_OUTER_BOUND ( 'NONE', #3421, .T. ) ;
#3458 = FACE_OUTER_BOUND ( 'NONE', #3365, .T. ) ;
#3459 = CYLINDRICAL_SURFACE ( 'NONE', #4156, 0.8000000000000008200 ) ;
#3460 = FACE_OUTER_BOUND ( 'NONE', #3435, .T. ) ;
#3461 = FACE_OUTER_BOUND ( 'NONE', #3444, .T. ) ;
#3462 = FACE_OUTER_BOUND ( 'NONE', #3342, .T. ) ;
#3463 = CYLINDRICAL_SURFACE ( 'NONE', #4159, 0.8000000000000008200 ) ;
#3464 = FACE_OUTER_BOUND ( 'NONE', #3389, .T. ) ;
#3465 = CYLINDRICAL_SURFACE ( 'NONE', #4160, 1.300000000000000700 ) ;
#3466 = FACE_OUTER_BOUND ( 'NONE', #3350, .T. ) ;
#3467 = FACE_OUTER_BOUND ( 'NONE', #3420, .T. ) ;
#3468 = FACE_OUTER_BOUND ( 'NONE', #3428, .T. ) ;
#3469 = FACE_OUTER_BOUND ( 'NONE', #3353, .T. ) ;
#3470 = FACE_OUTER_BOUND ( 'NONE', #3373, .T. ) ;
#3471 = FACE_OUTER_BOUND ( 'NONE', #3383, .T. ) ;
#3472 = FACE_OUTER_BOUND ( 'NONE', #3366, .T. ) ;
#3473 = CYLINDRICAL_SURFACE ( 'NONE', #4167, 1.300000000000000700 ) ;
#3474 = FACE_OUTER_BOUND ( 'NONE', #3425, .T. ) ;
#3475 = FACE_OUTER_BOUND ( 'NONE', #3391, .T. ) ;
#3476 = FACE_OUTER_BOUND ( 'NONE', #3394, .T. ) ;
#3477 = CYLINDRICAL_SURFACE ( 'NONE', #4170, 0.8000000000000003800 ) ;
#3478 = FACE_OUTER_BOUND ( 'NONE', #3401, .T. ) ;
#3479 = FACE_OUTER_BOUND ( 'NONE', #3438, .T. ) ;
#3480 = SURFACE_STYLE_FILL_AREA ( #1075 ) ;
#3481 = CYLINDRICAL_SURFACE ( 'NONE', #4173, 1.300000000000000300 ) ;
#3482 = FACE_OUTER_BOUND ( 'NONE', #3374, .T. ) ;
#3483 = FACE_OUTER_BOUND ( 'NONE', #3399, .T. ) ;
#3484 = FACE_OUTER_BOUND ( 'NONE', #3403, .T. ) ;
#3485 = FACE_OUTER_BOUND ( 'NONE', #3408, .T. ) ;
#3486 = FACE_OUTER_BOUND ( 'NONE', #3424, .T. ) ;
#3487 = FACE_OUTER_BOUND ( 'NONE', #3345, .T. ) ;
#3488 = FACE_OUTER_BOUND ( 'NONE', #3360, .T. ) ;
#3489 = FACE_OUTER_BOUND ( 'NONE', #3436, .T. ) ;
#3490 = FACE_OUTER_BOUND ( 'NONE', #3434, .T. ) ;
#3491 = FACE_OUTER_BOUND ( 'NONE', #3385, .T. ) ;
#3492 = FACE_BOUND ( 'NONE', #2612, .T. ) ;
#3493 = COLOUR_RGB ( '',0.06274509803921568500, 0.06274509803921568500, 0.06274509803921568500 ) ;
#3494 = FACE_OUTER_BOUND ( 'NONE', #2605, .T. ) ;
#3495 = FACE_OUTER_BOUND ( 'NONE', #3413, .T. ) ;
#3496 = PRESENTATION_STYLE_ASSIGNMENT (( #1825 ) ) ;
#3497 = SURFACE_STYLE_FILL_AREA ( #1823 ) ;
#3498 = COLOUR_RGB ( '',0.06274509803921568500, 0.06274509803921568500, 0.06274509803921568500 ) ;
#3499 = FACE_OUTER_BOUND ( 'NONE', #2600, .T. ) ;
#3500 = PRESENTATION_STYLE_ASSIGNMENT (( #1837 ) ) ;
#3501 = SURFACE_STYLE_FILL_AREA ( #1835 ) ;
#3502 = COLOUR_RGB ( '',0.06274509803921568500, 0.06274509803921568500, 0.06274509803921568500 ) ;
#3503 = FACE_OUTER_BOUND ( 'NONE', #3388, .T. ) ;
#3504 = PRESENTATION_STYLE_ASSIGNMENT (( #1848 ) ) ;
#3505 = SURFACE_STYLE_FILL_AREA ( #1846 ) ;
#3506 = COLOUR_RGB ( '',0.06274509803921568500, 0.06274509803921568500, 0.06274509803921568500 ) ;
#3507 = FACE_OUTER_BOUND ( 'NONE', #2594, .T. ) ;
#3508 = PRESENTATION_STYLE_ASSIGNMENT (( #1859 ) ) ;
#3509 = SURFACE_STYLE_FILL_AREA ( #1857 ) ;
#3510 = COLOUR_RGB ( '',0.06274509803921568500, 0.06274509803921568500, 0.06274509803921568500 ) ;
#3511 = FACE_OUTER_BOUND ( 'NONE', #2602, .T. ) ;
#3512 = SURFACE_STYLE_FILL_AREA ( #1872 ) ;
#3513 = PRESENTATION_STYLE_ASSIGNMENT (( #1874 ) ) ;
#3514 = FACE_OUTER_BOUND ( 'NONE', #2598, .T. ) ;
#3515 = COLOUR_RGB ( '',0.06274509803921568500, 0.06274509803921568500, 0.06274509803921568500 ) ;
#3516 = EDGE_CURVE ( 'NONE', #2563, #2565, #392, .T. ) ;
#3517 = EDGE_CURVE ( 'NONE', #3302, #3290, #390, .T. ) ;
#3518 = EDGE_CURVE ( 'NONE', #2567, #2568, #391, .T. ) ;
#3519 = EDGE_CURVE ( 'NONE', #3316, #3305, #384, .T. ) ;
#3520 = EDGE_CURVE ( 'NONE', #3305, #3303, #385, .T. ) ;
#3521 = EDGE_CURVE ( 'NONE', #3321, #3314, #387, .T. ) ;
#3522 = EDGE_CURVE ( 'NONE', #2577, #2589, #388, .T. ) ;
#3523 = EDGE_CURVE ( 'NONE', #3323, #3314, #394, .T. ) ;
#3524 = EDGE_CURVE ( 'NONE', #2587, #2589, #396, .T. ) ;
#3525 = EDGE_CURVE ( 'NONE', #2622, #2648, #398, .T. ) ;
#3526 = EDGE_CURVE ( 'NONE', #2624, #2642, #400, .T. ) ;
#3527 = EDGE_CURVE ( 'NONE', #2620, #2586, #402, .T. ) ;
#3528 = EDGE_CURVE ( 'NONE', #2640, #2647, #406, .T. ) ;
#3529 = EDGE_CURVE ( 'NONE', #2733, #3285, #404, .T. ) ;
#3530 = EDGE_CURVE ( 'NONE', #2614, #2565, #408, .T. ) ;
#3531 = EDGE_CURVE ( 'NONE', #3316, #2564, #409, .T. ) ;
#3532 = EDGE_CURVE ( 'NONE', #2566, #2564, #410, .T. ) ;
#3533 = EDGE_CURVE ( 'NONE', #2587, #2586, #414, .T. ) ;
#3534 = EDGE_CURVE ( 'NONE', #3285, #3286, #412, .T. ) ;
#3535 = EDGE_CURVE ( 'NONE', #2627, #2663, #418, .T. ) ;
#3536 = EDGE_CURVE ( 'NONE', #2660, #2566, #419, .T. ) ;
#3537 = EDGE_CURVE ( 'NONE', #2613, #2658, #421, .T. ) ;
#3538 = EDGE_CURVE ( 'NONE', #2623, #2563, #416, .T. ) ;
#3539 = EDGE_CURVE ( 'NONE', #2569, #2588, #425, .T. ) ;
#3540 = EDGE_CURVE ( 'NONE', #2645, #2567, #423, .T. ) ;
#3541 = EDGE_CURVE ( 'NONE', #3321, #3316, #427, .T. ) ;
#3542 = EDGE_CURVE ( 'NONE', #2657, #3323, #431, .T. ) ;
#3543 = EDGE_CURVE ( 'NONE', #3321, #3303, #429, .T. ) ;
#3544 = EDGE_CURVE ( 'NONE', #2653, #2577, #433, .T. ) ;
#3545 = EDGE_CURVE ( 'NONE', #2617, #3305, #435, .T. ) ;
#3546 = EDGE_CURVE ( 'NONE', #2733, #3286, #439, .T. ) ;
#3547 = EDGE_CURVE ( 'NONE', #3322, #2565, #437, .T. ) ;
#3548 = EDGE_CURVE ( 'NONE', #3322, #2568, #731, .T. ) ;
#3549 = EDGE_CURVE ( 'NONE', #2618, #3303, #734, .T. ) ;
#3550 = EDGE_CURVE ( 'NONE', #3322, #2569, #733, .T. ) ;
#3551 = EDGE_CURVE ( 'NONE', #2666, #2561, #736, .T. ) ;
#3552 = EDGE_CURVE ( 'NONE', #2569, #2563, #738, .T. ) ;
#3553 = EDGE_CURVE ( 'NONE', #2561, #2588, #740, .T. ) ;
#3554 = EDGE_CURVE ( 'NONE', #2590, #2586, #742, .T. ) ;
#3555 = EDGE_CURVE ( 'NONE', #2587, #2580, #747, .T. ) ;
#3556 = EDGE_CURVE ( 'NONE', #2562, #2560, #744, .T. ) ;
#3557 = EDGE_CURVE ( 'NONE', #2635, #2590, #746, .T. ) ;
#3558 = EDGE_CURVE ( 'NONE', #2583, #2585, #751, .T. ) ;
#3559 = EDGE_CURVE ( 'NONE', #2574, #2558, #749, .T. ) ;
#3560 = EDGE_CURVE ( 'NONE', #2560, #2581, #753, .T. ) ;
#3561 = EDGE_CURVE ( 'NONE', #2662, #2644, #755, .T. ) ;
#3562 = EDGE_CURVE ( 'NONE', #2665, #2584, #757, .T. ) ;
#3563 = EDGE_CURVE ( 'NONE', #2633, #2582, #759, .T. ) ;
#3564 = EDGE_CURVE ( 'NONE', #2616, #2659, #761, .T. ) ;
#3565 = EDGE_CURVE ( 'NONE', #2582, #2572, #765, .T. ) ;
#3566 = EDGE_CURVE ( 'NONE', #2576, #2571, #763, .T. ) ;
#3567 = EDGE_CURVE ( 'NONE', #2562, #2584, #767, .T. ) ;
#3568 = EDGE_CURVE ( 'NONE', #2656, #2583, #769, .T. ) ;
#3569 = EDGE_CURVE ( 'NONE', #2651, #2576, #773, .T. ) ;
#3570 = EDGE_CURVE ( 'NONE', #2580, #2585, #771, .T. ) ;
#3571 = EDGE_CURVE ( 'NONE', #2580, #2590, #777, .T. ) ;
#3572 = EDGE_CURVE ( 'NONE', #2562, #2572, #779, .T. ) ;
#3573 = EDGE_CURVE ( 'NONE', #2574, #2578, #781, .T. ) ;
#3574 = EDGE_CURVE ( 'NONE', #2574, #2571, #775, .T. ) ;
#3575 = EDGE_CURVE ( 'NONE', #2615, #2581, #783, .T. ) ;
#3576 = EDGE_CURVE ( 'NONE', #2560, #2579, #785, .T. ) ;
#3577 = EDGE_CURVE ( 'NONE', #2629, #2578, #789, .T. ) ;
#3578 = EDGE_CURVE ( 'NONE', #2581, #2584, #791, .T. ) ;
#3579 = EDGE_CURVE ( 'NONE', #2664, #2654, #793, .T. ) ;
#3580 = EDGE_CURVE ( 'NONE', #2559, #2579, #787, .T. ) ;
#3581 = EDGE_CURVE ( 'NONE', #2661, #2650, #797, .T. ) ;
#3582 = EDGE_CURVE ( 'NONE', #2638, #2559, #799, .T. ) ;
#3583 = EDGE_CURVE ( 'NONE', #2631, #2649, #801, .T. ) ;
#3584 = EDGE_CURVE ( 'NONE', #2408, #2448, #795, .T. ) ;
#3585 = EDGE_CURVE ( 'NONE', #2575, #2578, #805, .T. ) ;
#3586 = EDGE_CURVE ( 'NONE', #2436, #2448, #803, .T. ) ;
#3587 = EDGE_CURVE ( 'NONE', #2443, #2411, #807, .T. ) ;
#3588 = EDGE_CURVE ( 'NONE', #2439, #2443, #811, .T. ) ;
#3589 = EDGE_CURVE ( 'NONE', #2432, #2436, #813, .T. ) ;
#3590 = EDGE_CURVE ( 'NONE', #2411, #2573, #809, .T. ) ;
#3591 = EDGE_CURVE ( 'NONE', #2411, #2436, #817, .T. ) ;
#3592 = EDGE_CURVE ( 'NONE', #2632, #2575, #819, .T. ) ;
#3593 = EDGE_CURVE ( 'NONE', #2652, #2435, #821, .T. ) ;
#3594 = EDGE_CURVE ( 'NONE', #2446, #2432, #815, .T. ) ;
#3595 = EDGE_CURVE ( 'NONE', #2628, #2655, #823, .T. ) ;
#3596 = EDGE_CURVE ( 'NONE', #2558, #2575, #827, .T. ) ;
#3597 = EDGE_CURVE ( 'NONE', #2413, #2446, #829, .T. ) ;
#3598 = EDGE_CURVE ( 'NONE', #2431, #2413, #831, .T. ) ;
#3599 = EDGE_CURVE ( 'NONE', #2431, #2570, #833, .T. ) ;
#3600 = EDGE_CURVE ( 'NONE', #2573, #2570, #835, .T. ) ;
#3601 = EDGE_CURVE ( 'NONE', #2573, #2432, #837, .T. ) ;
#3602 = EDGE_CURVE ( 'NONE', #2558, #2423, #839, .T. ) ;
#3603 = EDGE_CURVE ( 'NONE', #2435, #2423, #841, .T. ) ;
#3604 = EDGE_CURVE ( 'NONE', #2653, #2656, #843, .T. ) ;
#3605 = EDGE_CURVE ( 'NONE', #2654, #2653, #825, .T. ) ;
#3606 = EDGE_CURVE ( 'NONE', #2658, #2657, #847, .T. ) ;
#3607 = EDGE_CURVE ( 'NONE', #2659, #2656, #845, .T. ) ;
#3608 = EDGE_CURVE ( 'NONE', #2659, #2654, #851, .T. ) ;
#3609 = EDGE_CURVE ( 'NONE', #2657, #2660, #853, .T. ) ;
#3610 = EDGE_CURVE ( 'NONE', #2663, #2660, #855, .T. ) ;
#3611 = EDGE_CURVE ( 'NONE', #2661, #2615, #857, .T. ) ;
#3612 = EDGE_CURVE ( 'NONE', #2665, #2615, #849, .T. ) ;
#3613 = EDGE_CURVE ( 'NONE', #2663, #2658, #861, .T. ) ;
#3614 = EDGE_CURVE ( 'NONE', #2662, #2661, #863, .T. ) ;
#3615 = EDGE_CURVE ( 'NONE', #2662, #2665, #865, .T. ) ;
#3616 = EDGE_CURVE ( 'NONE', #2624, #2622, #867, .T. ) ;
#3617 = EDGE_CURVE ( 'NONE', #2622, #2623, #859, .T. ) ;
#3618 = EDGE_CURVE ( 'NONE', #2614, #2623, #870, .T. ) ;
#3619 = EDGE_CURVE ( 'NONE', #2624, #2614, #872, .T. ) ;
#3620 = EDGE_CURVE ( 'NONE', #2621, #2634, #874, .T. ) ;
#3621 = EDGE_CURVE ( 'NONE', #2634, #2636, #2750, .T. ) ;
#3622 = EDGE_CURVE ( 'NONE', #2637, #2626, #878, .T. ) ;
#3623 = EDGE_CURVE ( 'NONE', #2626, #2621, #2751, .T. ) ;
#3624 = EDGE_CURVE ( 'NONE', #2637, #2630, #880, .T. ) ;
#3625 = EDGE_CURVE ( 'NONE', #2618, #2617, #876, .T. ) ;
#3626 = EDGE_CURVE ( 'NONE', #2613, #2618, #883, .T. ) ;
#3627 = EDGE_CURVE ( 'NONE', #2664, #2616, #885, .T. ) ;
#3628 = EDGE_CURVE ( 'NONE', #2613, #2627, #881, .T. ) ;
#3629 = EDGE_CURVE ( 'NONE', #2636, #2630, #887, .T. ) ;
#3630 = EDGE_CURVE ( 'NONE', #2627, #2617, #891, .T. ) ;
#3631 = EDGE_CURVE ( 'NONE', #2616, #2635, #893, .T. ) ;
#3632 = EDGE_CURVE ( 'NONE', #2631, #2628, #895, .T. ) ;
#3633 = EDGE_CURVE ( 'NONE', #2628, #2632, #889, .T. ) ;
#3634 = EDGE_CURVE ( 'NONE', #2620, #2635, #898, .T. ) ;
#3635 = EDGE_CURVE ( 'NONE', #2664, #2620, #900, .T. ) ;
#3636 = EDGE_CURVE ( 'NONE', #2629, #2632, #902, .T. ) ;
#3637 = EDGE_CURVE ( 'NONE', #2631, #2629, #904, .T. ) ;
#3638 = EDGE_CURVE ( 'NONE', #3296, #3318, #906, .T. ) ;
#3639 = EDGE_CURVE ( 'NONE', #2727, #3295, #2752, .T. ) ;
#3640 = EDGE_CURVE ( 'NONE', #2625, #2732, #2753, .T. ) ;
#3641 = EDGE_CURVE ( 'NONE', #3306, #3307, #910, .T. ) ;
#3642 = EDGE_CURVE ( 'NONE', #2625, #3295, #909, .T. ) ;
#3643 = EDGE_CURVE ( 'NONE', #3306, #3320, #911, .T. ) ;
#3644 = EDGE_CURVE ( 'NONE', #3296, #3307, #2754, .T. ) ;
#3645 = EDGE_CURVE ( 'NONE', #2732, #2727, #916, .T. ) ;
#3646 = EDGE_CURVE ( 'NONE', #3315, #2619, #917, .T. ) ;
#3647 = EDGE_CURVE ( 'NONE', #3298, #3320, #914, .T. ) ;
#3648 = EDGE_CURVE ( 'NONE', #2619, #3298, #919, .T. ) ;
#3649 = EDGE_CURVE ( 'NONE', #3292, #3318, #2755, .T. ) ;
#3650 = EDGE_CURVE ( 'NONE', #3309, #2728, #924, .T. ) ;
#3651 = EDGE_CURVE ( 'NONE', #2728, #2637, #2756, .T. ) ;
#3652 = EDGE_CURVE ( 'NONE', #3315, #3293, #926, .T. ) ;
#3653 = EDGE_CURVE ( 'NONE', #3293, #3292, #927, .T. ) ;
#3654 = EDGE_CURVE ( 'NONE', #3281, #2734, #929, .T. ) ;
#3655 = EDGE_CURVE ( 'NONE', #2734, #3309, #931, .T. ) ;
#3656 = EDGE_CURVE ( 'NONE', #2630, #3281, #2757, .T. ) ;
#3657 = EDGE_CURVE ( 'NONE', #3289, #3299, #934, .T. ) ;
#3658 = EDGE_CURVE ( 'NONE', #3285, #3290, #922, .T. ) ;
#3659 = EDGE_CURVE ( 'NONE', #3290, #2731, #935, .T. ) ;
#3660 = EDGE_CURVE ( 'NONE', #2731, #3289, #938, .T. ) ;
#3661 = EDGE_CURVE ( 'NONE', #2646, #2643, #940, .T. ) ;
#3662 = EDGE_CURVE ( 'NONE', #3286, #3299, #936, .T. ) ;
#3663 = EDGE_CURVE ( 'NONE', #3289, #3285, #942, .T. ) ;
#3664 = EDGE_CURVE ( 'NONE', #2621, #3300, #945, .T. ) ;
#3665 = EDGE_CURVE ( 'NONE', #3300, #3296, #947, .T. ) ;
#3666 = EDGE_CURVE ( 'NONE', #3318, #3325, #949, .T. ) ;
#3667 = EDGE_CURVE ( 'NONE', #2732, #3286, #951, .T. ) ;
#3668 = EDGE_CURVE ( 'NONE', #3299, #2727, #953, .T. ) ;
#3669 = EDGE_CURVE ( 'NONE', #3325, #2634, #955, .T. ) ;
#3670 = EDGE_CURVE ( 'NONE', #3307, #3284, #957, .T. ) ;
#3671 = EDGE_CURVE ( 'NONE', #3302, #3309, #959, .T. ) ;
#3672 = EDGE_CURVE ( 'NONE', #3317, #3301, #943, .T. ) ;
#3673 = EDGE_CURVE ( 'NONE', #3284, #3313, #2758, .T. ) ;
#3674 = EDGE_CURVE ( 'NONE', #3313, #3301, #963, .T. ) ;
#3675 = EDGE_CURVE ( 'NONE', #3306, #3319, #964, .T. ) ;
#3676 = EDGE_CURVE ( 'NONE', #3317, #3312, #961, .T. ) ;
#3677 = EDGE_CURVE ( 'NONE', #2735, #3292, #968, .T. ) ;
#3678 = EDGE_CURVE ( 'NONE', #3293, #3310, #966, .T. ) ;
#3679 = EDGE_CURVE ( 'NONE', #3310, #3324, #972, .T. ) ;
#3680 = EDGE_CURVE ( 'NONE', #3312, #3319, #974, .T. ) ;
#3681 = EDGE_CURVE ( 'NONE', #3291, #2735, #2759, .T. ) ;
#3682 = EDGE_CURVE ( 'NONE', #3311, #3324, #977, .T. ) ;
#3683 = EDGE_CURVE ( 'NONE', #3309, #3290, #970, .T. ) ;
#3684 = DIRECTION ( 'NONE',  ( 0.0000000000000000000, -0.0000000000000000000, 1.000000000000000000 ) ) ;
#3685 = DIRECTION ( 'NONE',  ( -0.0000000000000000000, -0.9396926207859097600, -0.3420201433256650500 ) ) ;
#3686 = DIRECTION ( 'NONE',  ( 0.0000000000000000000, -0.9396926207859095400, 0.3420201433256656600 ) ) ;
#3687 = PLANE ( 'NONE',  #4152 ) ;
#3688 = PLANE ( 'NONE',  #4153 ) ;
#3689 = PLANE ( 'NONE',  #4154 ) ;
#3690 = CARTESIAN_POINT ( 'NONE',  ( -8.520000000000001400, 2.100000000000000100, 3.740025210376027400 ) ) ;
#3691 = DIRECTION ( 'NONE',  ( 1.000000000000000000, 0.0000000000000000000, -0.0000000000000000000 ) ) ;
#3692 = PLANE ( 'NONE',  #4151 ) ;
#3693 = CARTESIAN_POINT ( 'NONE',  ( -10.52000000000000000, -3.799999999999999800, 8.140529726485102200 ) ) ;
#3694 = DIRECTION ( 'NONE',  ( -1.000000000000000000, 0.0000000000000000000, 0.0000000000000000000 ) ) ;
#3695 = CARTESIAN_POINT ( 'NONE',  ( -9.320000000000002100, -1.300000000000000000, 3.740025210376027000 ) ) ;
#3696 = DIRECTION ( 'NONE',  ( -0.0000000000000000000, -1.000000000000000000, -0.0000000000000000000 ) ) ;
#3697 = DIRECTION ( 'NONE',  ( 1.000000000000000000, 0.0000000000000000000, -0.0000000000000000000 ) ) ;
#3698 = CARTESIAN_POINT ( 'NONE',  ( -9.320000000000002100, 2.100000000000000100, 3.740025210376027000 ) ) ;
#3699 = DIRECTION ( 'NONE',  ( 0.0000000000000000000, 0.0000000000000000000, -1.000000000000000000 ) ) ;
#3700 = PLANE ( 'NONE',  #4158 ) ;
#3701 = DIRECTION ( 'NONE',  ( -0.0000000000000000000, 0.0000000000000000000, -1.000000000000000000 ) ) ;
#3702 = CARTESIAN_POINT ( 'NONE',  ( -11.32000000000000000, -3.199999999999998800, 8.690025210376026300 ) ) ;
#3703 = SURFACE_SIDE_STYLE ('',( #3480 ) ) ;
#3704 = DIRECTION ( 'NONE',  ( 1.000000000000000000, 0.0000000000000000000, -0.0000000000000000000 ) ) ;
#3705 = PLANE ( 'NONE',  #4155 ) ;
#3706 = DIRECTION ( 'NONE',  ( -0.0000000000000000000, 0.0000000000000000000, -1.000000000000000000 ) ) ;
#3707 = DIRECTION ( 'NONE',  ( 1.000000000000000000, 0.0000000000000000000, 0.0000000000000000000 ) ) ;
#3708 = CARTESIAN_POINT ( 'NONE',  ( -9.820000000000002100, 2.100000000000000100, 3.740025210376027000 ) ) ;
#3709 = CARTESIAN_POINT ( 'NONE',  ( -9.320000000000002100, 2.100000000000000100, 8.690025210376028000 ) ) ;
#3710 = ORIENTED_EDGE ( 'NONE', *, *, #4113, .T. ) ;
#3711 = ORIENTED_EDGE ( 'NONE', *, *, #4129, .T. ) ;
#3712 = ORIENTED_EDGE ( 'NONE', *, *, #4120, .F. ) ;
#3713 = ORIENTED_EDGE ( 'NONE', *, *, #4126, .F. ) ;
#3714 = ORIENTED_EDGE ( 'NONE', *, *, #3582, .F. ) ;
#3715 = ORIENTED_EDGE ( 'NONE', *, *, #4148, .F. ) ;
#3716 = ORIENTED_EDGE ( 'NONE', *, *, #3563, .T. ) ;
#3717 = ORIENTED_EDGE ( 'NONE', *, *, #4128, .T. ) ;
#3718 = ORIENTED_EDGE ( 'NONE', *, *, #4123, .T. ) ;
#3719 = ORIENTED_EDGE ( 'NONE', *, *, #4130, .T. ) ;
#3720 = ORIENTED_EDGE ( 'NONE', *, *, #4115, .F. ) ;
#3721 = ORIENTED_EDGE ( 'NONE', *, *, #4127, .F. ) ;
#3722 = ORIENTED_EDGE ( 'NONE', *, *, #3572, .F. ) ;
#3723 = ORIENTED_EDGE ( 'NONE', *, *, #3556, .T. ) ;
#3724 = ORIENTED_EDGE ( 'NONE', *, *, #3576, .T. ) ;
#3725 = ORIENTED_EDGE ( 'NONE', *, *, #4125, .T. ) ;
#3726 = ORIENTED_EDGE ( 'NONE', *, *, #4121, .F. ) ;
#3727 = ORIENTED_EDGE ( 'NONE', *, *, #4129, .F. ) ;
#3728 = ORIENTED_EDGE ( 'NONE', *, *, #4112, .F. ) ;
#3729 = ORIENTED_EDGE ( 'NONE', *, *, #4118, .F. ) ;
#3730 = ORIENTED_EDGE ( 'NONE', *, *, #4122, .F. ) ;
#3731 = ORIENTED_EDGE ( 'NONE', *, *, #4119, .F. ) ;
#3732 = ORIENTED_EDGE ( 'NONE', *, *, #4116, .F. ) ;
#3733 = ORIENTED_EDGE ( 'NONE', *, *, #4130, .F. ) ;
#3734 = CLOSED_SHELL ( 'NONE', ( #1753, #1742, #1747, #1740, #1738, #1750, #1752, #1741, #1739, #1735, #1737, #1733, #1745, #1748, #1754, #1746, #1734, #1736, #1751, #1743, #1744, #1749, #1782, #1768, #1763, #1758, #1773, #1771, #1774, #1779, #1776, #1761, #1769, #1760, #1775, #1755, #1767, #1772, #1770, #1764, #1781, #1780, #1762, #1783, #1756, #1757, #1777, #1778, #1765, #1759, #1766, #1810, #1815, #1806, #1807, #1814, #1811, #1803, #1813, #1801, #1812, #1808, #1804, #1802, #1800, #1809, #1805, #1816, #1726, #1718, #1724, #1729, #1732, #1721, #1727, #1722, #1723, #1717, #1720, #1728, #1719, #1725, #1730, #1731, #1786, #1790, #1785, #1791, #1789, #1787, #1788, #1792, #1793, #1798, #1799, #1794, #1797, #1795, #1796, #1701, #1698, #1699, #1700, #1702, #1703, #1714, #1712, #1713, #1715, #1716, #1784, #1704, #1705, #1706, #1707, #1708, #1709, #1710, #1711 ) ) ;
#3735 = ORIENTED_EDGE ( 'NONE', *, *, #3550, .F. ) ;
#3736 = ORIENTED_EDGE ( 'NONE', *, *, #3547, .T. ) ;
#3737 = ORIENTED_EDGE ( 'NONE', *, *, #3516, .F. ) ;
#3738 = ORIENTED_EDGE ( 'NONE', *, *, #3552, .F. ) ;
#3739 = ORIENTED_EDGE ( 'NONE', *, *, #3538, .F. ) ;
#3740 = ORIENTED_EDGE ( 'NONE', *, *, #3617, .F. ) ;
#3741 = ORIENTED_EDGE ( 'NONE', *, *, #3525, .T. ) ;
#3742 = ORIENTED_EDGE ( 'NONE', *, *, #4136, .T. ) ;
#3743 = ORIENTED_EDGE ( 'NONE', *, *, #3551, .T. ) ;
#3744 = ORIENTED_EDGE ( 'NONE', *, *, #3553, .T. ) ;
#3745 = ORIENTED_EDGE ( 'NONE', *, *, #3539, .F. ) ;
#3746 = ORIENTED_EDGE ( 'NONE', *, *, #3552, .T. ) ;
#3747 = ORIENTED_EDGE ( 'NONE', *, *, #3526, .T. ) ;
#3748 = ORIENTED_EDGE ( 'NONE', *, *, #4135, .F. ) ;
#3749 = ORIENTED_EDGE ( 'NONE', *, *, #3525, .F. ) ;
#3750 = ORIENTED_EDGE ( 'NONE', *, *, #3616, .F. ) ;
#3751 = ORIENTED_EDGE ( 'NONE', *, *, #3530, .F. ) ;
#3752 = ORIENTED_EDGE ( 'NONE', *, *, #3618, .T. ) ;
#3753 = ORIENTED_EDGE ( 'NONE', *, *, #3538, .T. ) ;
#3754 = ORIENTED_EDGE ( 'NONE', *, *, #3516, .T. ) ;
#3755 = ORIENTED_EDGE ( 'NONE', *, *, #3527, .T. ) ;
#3756 = ORIENTED_EDGE ( 'NONE', *, *, #3533, .F. ) ;
#3757 = ORIENTED_EDGE ( 'NONE', *, *, #3524, .T. ) ;
#3758 = ORIENTED_EDGE ( 'NONE', *, *, #3522, .F. ) ;
#3759 = ORIENTED_EDGE ( 'NONE', *, *, #3544, .F. ) ;
#3760 = ORIENTED_EDGE ( 'NONE', *, *, #3605, .F. ) ;
#3761 = ORIENTED_EDGE ( 'NONE', *, *, #3579, .F. ) ;
#3762 = ORIENTED_EDGE ( 'NONE', *, *, #3635, .T. ) ;
#3763 = ORIENTED_EDGE ( 'NONE', *, *, #3555, .F. ) ;
#3764 = ORIENTED_EDGE ( 'NONE', *, *, #3533, .T. ) ;
#3765 = ORIENTED_EDGE ( 'NONE', *, *, #3554, .F. ) ;
#3766 = ORIENTED_EDGE ( 'NONE', *, *, #3571, .F. ) ;
#3767 = ORIENTED_EDGE ( 'NONE', *, *, #3557, .F. ) ;
#3768 = ORIENTED_EDGE ( 'NONE', *, *, #3631, .F. ) ;
#3769 = ORIENTED_EDGE ( 'NONE', *, *, #3564, .T. ) ;
#3770 = ORIENTED_EDGE ( 'NONE', *, *, #3607, .T. ) ;
#3771 = ORIENTED_EDGE ( 'NONE', *, *, #3568, .T. ) ;
#3772 = ORIENTED_EDGE ( 'NONE', *, *, #3558, .T. ) ;
#3773 = ORIENTED_EDGE ( 'NONE', *, *, #3570, .F. ) ;
#3774 = ORIENTED_EDGE ( 'NONE', *, *, #3571, .T. ) ;
#3775 = ORIENTED_EDGE ( 'NONE', *, *, #3579, .T. ) ;
#3776 = ORIENTED_EDGE ( 'NONE', *, *, #3608, .F. ) ;
#3777 = ORIENTED_EDGE ( 'NONE', *, *, #3564, .F. ) ;
#3778 = ORIENTED_EDGE ( 'NONE', *, *, #3627, .F. ) ;
#3779 = ORIENTED_EDGE ( 'NONE', *, *, #3527, .F. ) ;
#3780 = ORIENTED_EDGE ( 'NONE', *, *, #3634, .T. ) ;
#3781 = ORIENTED_EDGE ( 'NONE', *, *, #3557, .T. ) ;
#3782 = ORIENTED_EDGE ( 'NONE', *, *, #3554, .T. ) ;
#3783 = ORIENTED_EDGE ( 'NONE', *, *, #3562, .T. ) ;
#3784 = ORIENTED_EDGE ( 'NONE', *, *, #3567, .F. ) ;
#3785 = ORIENTED_EDGE ( 'NONE', *, *, #3572, .T. ) ;
#3786 = ORIENTED_EDGE ( 'NONE', *, *, #3565, .F. ) ;
#3787 = ORIENTED_EDGE ( 'NONE', *, *, #3563, .F. ) ;
#3788 = ORIENTED_EDGE ( 'NONE', *, *, #4150, .F. ) ;
#3789 = ORIENTED_EDGE ( 'NONE', *, *, #3561, .F. ) ;
#3790 = ORIENTED_EDGE ( 'NONE', *, *, #3615, .T. ) ;
#3791 = ORIENTED_EDGE ( 'NONE', *, *, #3556, .F. ) ;
#3792 = ORIENTED_EDGE ( 'NONE', *, *, #3567, .T. ) ;
#3793 = ORIENTED_EDGE ( 'NONE', *, *, #3578, .F. ) ;
#3794 = ORIENTED_EDGE ( 'NONE', *, *, #3560, .F. ) ;
#3795 = ORIENTED_EDGE ( 'NONE', *, *, #3575, .F. ) ;
#3796 = ORIENTED_EDGE ( 'NONE', *, *, #3611, .F. ) ;
#3797 = ORIENTED_EDGE ( 'NONE', *, *, #3581, .T. ) ;
#3798 = ORIENTED_EDGE ( 'NONE', *, *, #4144, .T. ) ;
#3799 = ORIENTED_EDGE ( 'NONE', *, *, #3582, .T. ) ;
#3800 = ORIENTED_EDGE ( 'NONE', *, *, #3580, .T. ) ;
#3801 = ORIENTED_EDGE ( 'NONE', *, *, #3576, .F. ) ;
#3802 = ORIENTED_EDGE ( 'NONE', *, *, #3560, .T. ) ;
#3803 = ORIENTED_EDGE ( 'NONE', *, *, #3561, .T. ) ;
#3804 = ORIENTED_EDGE ( 'NONE', *, *, #4139, .F. ) ;
#3805 = ORIENTED_EDGE ( 'NONE', *, *, #3581, .F. ) ;
#3806 = ORIENTED_EDGE ( 'NONE', *, *, #3614, .F. ) ;
#3807 = ORIENTED_EDGE ( 'NONE', *, *, #3562, .F. ) ;
#3808 = ORIENTED_EDGE ( 'NONE', *, *, #3612, .T. ) ;
#3809 = ORIENTED_EDGE ( 'NONE', *, *, #3575, .T. ) ;
#3810 = ORIENTED_EDGE ( 'NONE', *, *, #3578, .T. ) ;
#3811 = ORIENTED_EDGE ( 'NONE', *, *, #3577, .T. ) ;
#3812 = ORIENTED_EDGE ( 'NONE', *, *, #3573, .F. ) ;
#3813 = ORIENTED_EDGE ( 'NONE', *, *, #3574, .T. ) ;
#3814 = ORIENTED_EDGE ( 'NONE', *, *, #3566, .F. ) ;
#3815 = ORIENTED_EDGE ( 'NONE', *, *, #3569, .F. ) ;
#3816 = ORIENTED_EDGE ( 'NONE', *, *, #4134, .F. ) ;
#3817 = ORIENTED_EDGE ( 'NONE', *, *, #3583, .F. ) ;
#3818 = ORIENTED_EDGE ( 'NONE', *, *, #3637, .T. ) ;
#3819 = ORIENTED_EDGE ( 'NONE', *, *, #3559, .F. ) ;
#3820 = ORIENTED_EDGE ( 'NONE', *, *, #3573, .T. ) ;
#3821 = ORIENTED_EDGE ( 'NONE', *, *, #3585, .F. ) ;
#3822 = ORIENTED_EDGE ( 'NONE', *, *, #3596, .F. ) ;
#3823 = ORIENTED_EDGE ( 'NONE', *, *, #3592, .F. ) ;
#3824 = ORIENTED_EDGE ( 'NONE', *, *, #3633, .F. ) ;
#3825 = ORIENTED_EDGE ( 'NONE', *, *, #3595, .T. ) ;
#3826 = ORIENTED_EDGE ( 'NONE', *, *, #4132, .T. ) ;
#3827 = ORIENTED_EDGE ( 'NONE', *, *, #3593, .T. ) ;
#3828 = ORIENTED_EDGE ( 'NONE', *, *, #3603, .T. ) ;
#3829 = ORIENTED_EDGE ( 'NONE', *, *, #3602, .F. ) ;
#3830 = ORIENTED_EDGE ( 'NONE', *, *, #3596, .T. ) ;
#3831 = ORIENTED_EDGE ( 'NONE', *, *, #3583, .T. ) ;
#3832 = ORIENTED_EDGE ( 'NONE', *, *, #4131, .F. ) ;
#3833 = ORIENTED_EDGE ( 'NONE', *, *, #3595, .F. ) ;
#3834 = ORIENTED_EDGE ( 'NONE', *, *, #3632, .F. ) ;
#3835 = ORIENTED_EDGE ( 'NONE', *, *, #3577, .F. ) ;
#3836 = ORIENTED_EDGE ( 'NONE', *, *, #3636, .T. ) ;
#3837 = ORIENTED_EDGE ( 'NONE', *, *, #3592, .T. ) ;
#3838 = ORIENTED_EDGE ( 'NONE', *, *, #3585, .T. ) ;
#3839 = ORIENTED_EDGE ( 'NONE', *, *, #3601, .F. ) ;
#3840 = ORIENTED_EDGE ( 'NONE', *, *, #3600, .T. ) ;
#3841 = ORIENTED_EDGE ( 'NONE', *, *, #3599, .F. ) ;
#3842 = ORIENTED_EDGE ( 'NONE', *, *, #3598, .T. ) ;
#3843 = ORIENTED_EDGE ( 'NONE', *, *, #3597, .T. ) ;
#3844 = ORIENTED_EDGE ( 'NONE', *, *, #3594, .T. ) ;
#3845 = ORIENTED_EDGE ( 'NONE', *, *, #3591, .F. ) ;
#3846 = ORIENTED_EDGE ( 'NONE', *, *, #3590, .T. ) ;
#3847 = ORIENTED_EDGE ( 'NONE', *, *, #3601, .T. ) ;
#3848 = ORIENTED_EDGE ( 'NONE', *, *, #3589, .T. ) ;
#3849 = ORIENTED_EDGE ( 'NONE', *, *, #3588, .T. ) ;
#3850 = ORIENTED_EDGE ( 'NONE', *, *, #3587, .T. ) ;
#3851 = ORIENTED_EDGE ( 'NONE', *, *, #3591, .T. ) ;
#3852 = ORIENTED_EDGE ( 'NONE', *, *, #3586, .T. ) ;
#3853 = ORIENTED_EDGE ( 'NONE', *, *, #3584, .F. ) ;
#3854 = ORIENTED_EDGE ( 'NONE', *, *, #4044, .F. ) ;
#3855 = ORIENTED_EDGE ( 'NONE', *, *, #4045, .F. ) ;
#3856 = ORIENTED_EDGE ( 'NONE', *, *, #3532, .F. ) ;
#3857 = ORIENTED_EDGE ( 'NONE', *, *, #4046, .T. ) ;
#3858 = ORIENTED_EDGE ( 'NONE', *, *, #4044, .T. ) ;
#3859 = ORIENTED_EDGE ( 'NONE', *, *, #4047, .T. ) ;
#3860 = ORIENTED_EDGE ( 'NONE', *, *, #3598, .F. ) ;
#3861 = ORIENTED_EDGE ( 'NONE', *, *, #4048, .F. ) ;
#3862 = ORIENTED_EDGE ( 'NONE', *, *, #3523, .T. ) ;
#3863 = ORIENTED_EDGE ( 'NONE', *, *, #3599, .T. ) ;
#3864 = ORIENTED_EDGE ( 'NONE', *, *, #4049, .T. ) ;
#3865 = ORIENTED_EDGE ( 'NONE', *, *, #3588, .F. ) ;
#3866 = ORIENTED_EDGE ( 'NONE', *, *, #4046, .F. ) ;
#3867 = ORIENTED_EDGE ( 'NONE', *, *, #3536, .F. ) ;
#3868 = ORIENTED_EDGE ( 'NONE', *, *, #3609, .F. ) ;
#3869 = ORIENTED_EDGE ( 'NONE', *, *, #3542, .T. ) ;
#3870 = ORIENTED_EDGE ( 'NONE', *, *, #4048, .T. ) ;
#3871 = ORIENTED_EDGE ( 'NONE', *, *, #3584, .T. ) ;
#3872 = ORIENTED_EDGE ( 'NONE', *, *, #4050, .T. ) ;
#3873 = ORIENTED_EDGE ( 'NONE', *, *, #3597, .F. ) ;
#3874 = ORIENTED_EDGE ( 'NONE', *, *, #4047, .F. ) ;
#3875 = ORIENTED_EDGE ( 'NONE', *, *, #3521, .F. ) ;
#3876 = ORIENTED_EDGE ( 'NONE', *, *, #3541, .T. ) ;
#3877 = ORIENTED_EDGE ( 'NONE', *, *, #3531, .T. ) ;
#3878 = ORIENTED_EDGE ( 'NONE', *, *, #4045, .T. ) ;
#3879 = ORIENTED_EDGE ( 'NONE', *, *, #3587, .F. ) ;
#3880 = ORIENTED_EDGE ( 'NONE', *, *, #4049, .F. ) ;
#3881 = ORIENTED_EDGE ( 'NONE', *, *, #3600, .F. ) ;
#3882 = ORIENTED_EDGE ( 'NONE', *, *, #3590, .F. ) ;
#3883 = ORIENTED_EDGE ( 'NONE', *, *, #3586, .F. ) ;
#3884 = ORIENTED_EDGE ( 'NONE', *, *, #3589, .F. ) ;
#3885 = ORIENTED_EDGE ( 'NONE', *, *, #3594, .F. ) ;
#3886 = ORIENTED_EDGE ( 'NONE', *, *, #4050, .F. ) ;
#3887 = ORIENTED_EDGE ( 'NONE', *, *, #4051, .F. ) ;
#3888 = ORIENTED_EDGE ( 'NONE', *, *, #4052, .T. ) ;
#3889 = ORIENTED_EDGE ( 'NONE', *, *, #4053, .F. ) ;
#3890 = ORIENTED_EDGE ( 'NONE', *, *, #4054, .T. ) ;
#3891 = ORIENTED_EDGE ( 'NONE', *, *, #4055, .T. ) ;
#3892 = ORIENTED_EDGE ( 'NONE', *, *, #4056, .T. ) ;
#3893 = ORIENTED_EDGE ( 'NONE', *, *, #4057, .F. ) ;
#3894 = ORIENTED_EDGE ( 'NONE', *, *, #4058, .T. ) ;
#3895 = ORIENTED_EDGE ( 'NONE', *, *, #4051, .T. ) ;
#3896 = ORIENTED_EDGE ( 'NONE', *, *, #4059, .T. ) ;
#3897 = ORIENTED_EDGE ( 'NONE', *, *, #4060, .T. ) ;
#3898 = ORIENTED_EDGE ( 'NONE', *, *, #4061, .T. ) ;
#3899 = ORIENTED_EDGE ( 'NONE', *, *, #4057, .T. ) ;
#3900 = ORIENTED_EDGE ( 'NONE', *, *, #4062, .T. ) ;
#3901 = ORIENTED_EDGE ( 'NONE', *, *, #4063, .F. ) ;
#3902 = ORIENTED_EDGE ( 'NONE', *, *, #4064, .F. ) ;
#3903 = ORIENTED_EDGE ( 'NONE', *, *, #4065, .F. ) ;
#3904 = ORIENTED_EDGE ( 'NONE', *, *, #3558, .F. ) ;
#3905 = ORIENTED_EDGE ( 'NONE', *, *, #4066, .T. ) ;
#3906 = ORIENTED_EDGE ( 'NONE', *, *, #4064, .T. ) ;
#3907 = ORIENTED_EDGE ( 'NONE', *, *, #4067, .T. ) ;
#3908 = ORIENTED_EDGE ( 'NONE', *, *, #4054, .F. ) ;
#3909 = ORIENTED_EDGE ( 'NONE', *, *, #4068, .F. ) ;
#3910 = ORIENTED_EDGE ( 'NONE', *, *, #3522, .T. ) ;
#3911 = ORIENTED_EDGE ( 'NONE', *, *, #4053, .T. ) ;
#3912 = ORIENTED_EDGE ( 'NONE', *, *, #4069, .T. ) ;
#3913 = ORIENTED_EDGE ( 'NONE', *, *, #4060, .F. ) ;
#3914 = ORIENTED_EDGE ( 'NONE', *, *, #4066, .F. ) ;
#3915 = ORIENTED_EDGE ( 'NONE', *, *, #3568, .F. ) ;
#3916 = ORIENTED_EDGE ( 'NONE', *, *, #3604, .F. ) ;
#3917 = ORIENTED_EDGE ( 'NONE', *, *, #3544, .T. ) ;
#3918 = ORIENTED_EDGE ( 'NONE', *, *, #4068, .T. ) ;
#3919 = ORIENTED_EDGE ( 'NONE', *, *, #4063, .T. ) ;
#3920 = ORIENTED_EDGE ( 'NONE', *, *, #4070, .T. ) ;
#3921 = ORIENTED_EDGE ( 'NONE', *, *, #4055, .F. ) ;
#3922 = ORIENTED_EDGE ( 'NONE', *, *, #4067, .F. ) ;
#3923 = ORIENTED_EDGE ( 'NONE', *, *, #3524, .F. ) ;
#3924 = ORIENTED_EDGE ( 'NONE', *, *, #3555, .T. ) ;
#3925 = ORIENTED_EDGE ( 'NONE', *, *, #3570, .T. ) ;
#3926 = ORIENTED_EDGE ( 'NONE', *, *, #4065, .T. ) ;
#3927 = ORIENTED_EDGE ( 'NONE', *, *, #4071, .F. ) ;
#3928 = ORIENTED_EDGE ( 'NONE', *, *, #4072, .T. ) ;
#3929 = ORIENTED_EDGE ( 'NONE', *, *, #4073, .F. ) ;
#3930 = ORIENTED_EDGE ( 'NONE', *, *, #4074, .T. ) ;
#3931 = ORIENTED_EDGE ( 'NONE', *, *, #4075, .T. ) ;
#3932 = ORIENTED_EDGE ( 'NONE', *, *, #4076, .T. ) ;
#3933 = ORIENTED_EDGE ( 'NONE', *, *, #4077, .F. ) ;
#3934 = ORIENTED_EDGE ( 'NONE', *, *, #4078, .T. ) ;
#3935 = ORIENTED_EDGE ( 'NONE', *, *, #4071, .T. ) ;
#3936 = ORIENTED_EDGE ( 'NONE', *, *, #4079, .T. ) ;
#3937 = ORIENTED_EDGE ( 'NONE', *, *, #4080, .T. ) ;
#3938 = ORIENTED_EDGE ( 'NONE', *, *, #4081, .T. ) ;
#3939 = ORIENTED_EDGE ( 'NONE', *, *, #4077, .T. ) ;
#3940 = ORIENTED_EDGE ( 'NONE', *, *, #4082, .T. ) ;
#3941 = ORIENTED_EDGE ( 'NONE', *, *, #4083, .F. ) ;
#3942 = ORIENTED_EDGE ( 'NONE', *, *, #4084, .F. ) ;
#3943 = ORIENTED_EDGE ( 'NONE', *, *, #4085, .F. ) ;
#3944 = ORIENTED_EDGE ( 'NONE', *, *, #3603, .F. ) ;
#3945 = ORIENTED_EDGE ( 'NONE', *, *, #4086, .T. ) ;
#3946 = ORIENTED_EDGE ( 'NONE', *, *, #4084, .T. ) ;
#3947 = ORIENTED_EDGE ( 'NONE', *, *, #4087, .T. ) ;
#3948 = ORIENTED_EDGE ( 'NONE', *, *, #4074, .F. ) ;
#3949 = ORIENTED_EDGE ( 'NONE', *, *, #4088, .F. ) ;
#3950 = ORIENTED_EDGE ( 'NONE', *, *, #3566, .T. ) ;
#3951 = ORIENTED_EDGE ( 'NONE', *, *, #4073, .T. ) ;
#3952 = ORIENTED_EDGE ( 'NONE', *, *, #4089, .T. ) ;
#3953 = ORIENTED_EDGE ( 'NONE', *, *, #4080, .F. ) ;
#3954 = ORIENTED_EDGE ( 'NONE', *, *, #4086, .F. ) ;
#3955 = ORIENTED_EDGE ( 'NONE', *, *, #3593, .F. ) ;
#3956 = ORIENTED_EDGE ( 'NONE', *, *, #4133, .F. ) ;
#3957 = ORIENTED_EDGE ( 'NONE', *, *, #3569, .T. ) ;
#3958 = ORIENTED_EDGE ( 'NONE', *, *, #4088, .T. ) ;
#3959 = ORIENTED_EDGE ( 'NONE', *, *, #4083, .T. ) ;
#3960 = ORIENTED_EDGE ( 'NONE', *, *, #4090, .T. ) ;
#3961 = ORIENTED_EDGE ( 'NONE', *, *, #4075, .F. ) ;
#3962 = ORIENTED_EDGE ( 'NONE', *, *, #4014, .F. ) ;
#3963 = ORIENTED_EDGE ( 'NONE', *, *, #3644, .F. ) ;
#3964 = ORIENTED_EDGE ( 'NONE', *, *, #3629, .F. ) ;
#3965 = ORIENTED_EDGE ( 'NONE', *, *, #3681, .F. ) ;
#3966 = ORIENTED_EDGE ( 'NONE', *, *, #3677, .F. ) ;
#3967 = ORIENTED_EDGE ( 'NONE', *, *, #3643, .F. ) ;
#3968 = ORIENTED_EDGE ( 'NONE', *, *, #3675, .T. ) ;
#3969 = ORIENTED_EDGE ( 'NONE', *, *, #4016, .T. ) ;
#3970 = ORIENTED_EDGE ( 'NONE', *, *, #4025, .F. ) ;
#3971 = ORIENTED_EDGE ( 'NONE', *, *, #4023, .F. ) ;
#3972 = ORIENTED_EDGE ( 'NONE', *, *, #4020, .F. ) ;
#3973 = ORIENTED_EDGE ( 'NONE', *, *, #4031, .F. ) ;
#3974 = ORIENTED_EDGE ( 'NONE', *, *, #4023, .T. ) ;
#3975 = ORIENTED_EDGE ( 'NONE', *, *, #4027, .F. ) ;
#3976 = ORIENTED_EDGE ( 'NONE', *, *, #3656, .T. ) ;
#3977 = ORIENTED_EDGE ( 'NONE', *, *, #4019, .T. ) ;
#3978 = ORIENTED_EDGE ( 'NONE', *, *, #4024, .T. ) ;
#3979 = ORIENTED_EDGE ( 'NONE', *, *, #3676, .F. ) ;
#3980 = ORIENTED_EDGE ( 'NONE', *, *, #4017, .T. ) ;
#3981 = ORIENTED_EDGE ( 'NONE', *, *, #4029, .T. ) ;
#3982 = ORIENTED_EDGE ( 'NONE', *, *, #3682, .F. ) ;
#3983 = ORIENTED_EDGE ( 'NONE', *, *, #4005, .T. ) ;
#3984 = ORIENTED_EDGE ( 'NONE', *, *, #3621, .F. ) ;
#3985 = ORIENTED_EDGE ( 'NONE', *, *, #4011, .F. ) ;
#3986 = ORIENTED_EDGE ( 'NONE', *, *, #4032, .F. ) ;
#3987 = ORIENTED_EDGE ( 'NONE', *, *, #4003, .F. ) ;
#3988 = ORIENTED_EDGE ( 'NONE', *, *, #4034, .T. ) ;
#3989 = ORIENTED_EDGE ( 'NONE', *, *, #3679, .T. ) ;
#3990 = ORIENTED_EDGE ( 'NONE', *, *, #4016, .F. ) ;
#3991 = ORIENTED_EDGE ( 'NONE', *, *, #4006, .F. ) ;
#3992 = ORIENTED_EDGE ( 'NONE', *, *, #4032, .T. ) ;
#3993 = ORIENTED_EDGE ( 'NONE', *, *, #3659, .F. ) ;
#3994 = ORIENTED_EDGE ( 'NONE', *, *, #3678, .T. ) ;
#3995 = ORIENTED_EDGE ( 'NONE', *, *, #4004, .T. ) ;
#3996 = ORIENTED_EDGE ( 'NONE', *, *, #4024, .F. ) ;
#3997 = ORIENTED_EDGE ( 'NONE', *, *, #3654, .F. ) ;
#3998 = ORIENTED_EDGE ( 'NONE', *, *, #4006, .T. ) ;
#3999 = ORIENTED_EDGE ( 'NONE', *, *, #3660, .F. ) ;
#4000 = ORIENTED_EDGE ( 'NONE', *, *, #3681, .T. ) ;
#4001 = ORIENTED_EDGE ( 'NONE', *, *, #3624, .T. ) ;
#4002 = EDGE_CURVE ( 'NONE', #3302, #2733, #978, .T. ) ;
#4003 = EDGE_CURVE ( 'NONE', #3311, #3288, #981, .T. ) ;
#4004 = EDGE_CURVE ( 'NONE', #2733, #3301, #983, .T. ) ;
#4005 = EDGE_CURVE ( 'NONE', #3288, #3291, #985, .T. ) ;
#4006 = EDGE_CURVE ( 'NONE', #3313, #3282, #987, .T. ) ;
#4007 = EDGE_CURVE ( 'NONE', #3287, #3302, #989, .T. ) ;
#4008 = EDGE_CURVE ( 'NONE', #3289, #2740, #991, .T. ) ;
#4009 = EDGE_CURVE ( 'NONE', #3282, #3287, #980, .T. ) ;
#4010 = EDGE_CURVE ( 'NONE', #2740, #3283, #994, .T. ) ;
#4011 = EDGE_CURVE ( 'NONE', #3283, #2730, #993, .T. ) ;
#4012 = EDGE_CURVE ( 'NONE', #3288, #2740, #998, .T. ) ;
#4013 = EDGE_CURVE ( 'NONE', #2730, #2729, #1000, .T. ) ;
#4014 = EDGE_CURVE ( 'NONE', #2729, #3291, #1002, .T. ) ;
#4015 = EDGE_CURVE ( 'NONE', #2737, #2619, #1004, .T. ) ;
#4016 = EDGE_CURVE ( 'NONE', #3304, #2737, #1006, .T. ) ;
#4017 = EDGE_CURVE ( 'NONE', #3304, #3315, #996, .T. ) ;
#4018 = EDGE_CURVE ( 'NONE', #2738, #3298, #1009, .T. ) ;
#4019 = EDGE_CURVE ( 'NONE', #2737, #2738, #1011, .T. ) ;
#4020 = EDGE_CURVE ( 'NONE', #2739, #3320, #1481, .T. ) ;
#4021 = EDGE_CURVE ( 'NONE', #2738, #2739, #1480, .T. ) ;
#4022 = EDGE_CURVE ( 'NONE', #3319, #2739, #1483, .T. ) ;
#4023 = EDGE_CURVE ( 'NONE', #2736, #3308, #1485, .T. ) ;
#4024 = EDGE_CURVE ( 'NONE', #3324, #2736, #1490, .T. ) ;
#4025 = EDGE_CURVE ( 'NONE', #3308, #3312, #1489, .T. ) ;
#4026 = EDGE_CURVE ( 'NONE', #2740, #3299, #1487, .T. ) ;
#4027 = EDGE_CURVE ( 'NONE', #3297, #2736, #1494, .T. ) ;
#4028 = EDGE_CURVE ( 'NONE', #3311, #3297, #1495, .T. ) ;
#4029 = EDGE_CURVE ( 'NONE', #3304, #3310, #1497, .T. ) ;
#4030 = EDGE_CURVE ( 'NONE', #3294, #3308, #1492, .T. ) ;
#4031 = EDGE_CURVE ( 'NONE', #3297, #3294, #1500, .T. ) ;
#4032 = EDGE_CURVE ( 'NONE', #3294, #3317, #1502, .T. ) ;
#4033 = EDGE_CURVE ( 'NONE', #3301, #2625, #2760, .T. ) ;
#4034 = EDGE_CURVE ( 'NONE', #3295, #3288, #2761, .T. ) ;
#4035 = EDGE_CURVE ( 'NONE', #2636, #2729, #2762, .T. ) ;
#4036 = EDGE_CURVE ( 'NONE', #3281, #2730, #2763, .T. ) ;
#4037 = EDGE_CURVE ( 'NONE', #3325, #2735, #2764, .T. ) ;
#4038 = EDGE_CURVE ( 'NONE', #3284, #3300, #2765, .T. ) ;
#4039 = EDGE_CURVE ( 'NONE', #3287, #2728, #2766, .T. ) ;
#4040 = EDGE_CURVE ( 'NONE', #3282, #2626, #2767, .T. ) ;
#4041 = EDGE_CURVE ( 'NONE', #2734, #2731, #1505, .T. ) ;
#4042 = EDGE_CURVE ( 'NONE', #2734, #3283, #1506, .T. ) ;
#4043 = EDGE_CURVE ( 'NONE', #2731, #3283, #1507, .T. ) ;
#4044 = EDGE_CURVE ( 'NONE', #2439, #2408, #1508, .T. ) ;
#4045 = EDGE_CURVE ( 'NONE', #2564, #2408, #1509, .T. ) ;
#4046 = EDGE_CURVE ( 'NONE', #2566, #2439, #1512, .T. ) ;
#4047 = EDGE_CURVE ( 'NONE', #3314, #2413, #1513, .T. ) ;
#4048 = EDGE_CURVE ( 'NONE', #3323, #2431, #1514, .T. ) ;
#4049 = EDGE_CURVE ( 'NONE', #2570, #2443, #1515, .T. ) ;
#4050 = EDGE_CURVE ( 'NONE', #2448, #2446, #1516, .T. ) ;
#4051 = EDGE_CURVE ( 'NONE', #2406, #2397, #1518, .T. ) ;
#4052 = EDGE_CURVE ( 'NONE', #2406, #2407, #1510, .T. ) ;
#4053 = EDGE_CURVE ( 'NONE', #2404, #2407, #1520, .T. ) ;
#4054 = EDGE_CURVE ( 'NONE', #2404, #2396, #1524, .T. ) ;
#4055 = EDGE_CURVE ( 'NONE', #2396, #2399, #1526, .T. ) ;
#4056 = EDGE_CURVE ( 'NONE', #2399, #2397, #1528, .T. ) ;
#4057 = EDGE_CURVE ( 'NONE', #2405, #2395, #1530, .T. ) ;
#4058 = EDGE_CURVE ( 'NONE', #2405, #2406, #1522, .T. ) ;
#4059 = EDGE_CURVE ( 'NONE', #2397, #2395, #1534, .T. ) ;
#4060 = EDGE_CURVE ( 'NONE', #2410, #2426, #1536, .T. ) ;
#4061 = EDGE_CURVE ( 'NONE', #2426, #2405, #1538, .T. ) ;
#4062 = EDGE_CURVE ( 'NONE', #2395, #2393, #1540, .T. ) ;
#4063 = EDGE_CURVE ( 'NONE', #2401, #2393, #1542, .T. ) ;
#4064 = EDGE_CURVE ( 'NONE', #2410, #2401, #1544, .T. ) ;
#4065 = EDGE_CURVE ( 'NONE', #2585, #2401, #1532, .T. ) ;
#4066 = EDGE_CURVE ( 'NONE', #2583, #2410, #1548, .T. ) ;
#4067 = EDGE_CURVE ( 'NONE', #2589, #2396, #1549, .T. ) ;
#4068 = EDGE_CURVE ( 'NONE', #2577, #2404, #1550, .T. ) ;
#4069 = EDGE_CURVE ( 'NONE', #2407, #2426, #1551, .T. ) ;
#4070 = EDGE_CURVE ( 'NONE', #2393, #2399, #1552, .T. ) ;
#4071 = EDGE_CURVE ( 'NONE', #2442, #2412, #1554, .T. ) ;
#4072 = EDGE_CURVE ( 'NONE', #2442, #2427, #1546, .T. ) ;
#4073 = EDGE_CURVE ( 'NONE', #2440, #2427, #1556, .T. ) ;
#4074 = EDGE_CURVE ( 'NONE', #2440, #2434, #1560, .T. ) ;
#4075 = EDGE_CURVE ( 'NONE', #2434, #2437, #1562, .T. ) ;
#4076 = EDGE_CURVE ( 'NONE', #2437, #2412, #1564, .T. ) ;
#4077 = EDGE_CURVE ( 'NONE', #3068, #2441, #1566, .T. ) ;
#4078 = EDGE_CURVE ( 'NONE', #3068, #2442, #1558, .T. ) ;
#4079 = EDGE_CURVE ( 'NONE', #2412, #2441, #1570, .T. ) ;
#4080 = EDGE_CURVE ( 'NONE', #2438, #2447, #1572, .T. ) ;
#4081 = EDGE_CURVE ( 'NONE', #2447, #3068, #1574, .T. ) ;
#4082 = EDGE_CURVE ( 'NONE', #2441, #2403, #1576, .T. ) ;
#4083 = EDGE_CURVE ( 'NONE', #3069, #2403, #1578, .T. ) ;
#4084 = EDGE_CURVE ( 'NONE', #2438, #3069, #1580, .T. ) ;
#4085 = EDGE_CURVE ( 'NONE', #2423, #3069, #1568, .T. ) ;
#4086 = EDGE_CURVE ( 'NONE', #2435, #2438, #1584, .T. ) ;
#4087 = EDGE_CURVE ( 'NONE', #2571, #2434, #1585, .T. ) ;
#4088 = EDGE_CURVE ( 'NONE', #2576, #2440, #1586, .T. ) ;
#4089 = EDGE_CURVE ( 'NONE', #2427, #2447, #1587, .T. ) ;
#4090 = EDGE_CURVE ( 'NONE', #2403, #2437, #1588, .T. ) ;
#4091 = EDGE_CURVE ( 'NONE', #2414, #2429, #1590, .T. ) ;
#4092 = EDGE_CURVE ( 'NONE', #2414, #2433, #1582, .T. ) ;
#4093 = EDGE_CURVE ( 'NONE', #2416, #2433, #1592, .T. ) ;
#4094 = EDGE_CURVE ( 'NONE', #2416, #2430, #1596, .T. ) ;
#4095 = EDGE_CURVE ( 'NONE', #2430, #2428, #1598, .T. ) ;
#4096 = EDGE_CURVE ( 'NONE', #2428, #2429, #1600, .T. ) ;
#4097 = EDGE_CURVE ( 'NONE', #2445, #2444, #1602, .T. ) ;
#4098 = EDGE_CURVE ( 'NONE', #2445, #2414, #1594, .T. ) ;
#4099 = EDGE_CURVE ( 'NONE', #2429, #2444, #1606, .T. ) ;
#4100 = EDGE_CURVE ( 'NONE', #2424, #2409, #1608, .T. ) ;
#4101 = EDGE_CURVE ( 'NONE', #2409, #2445, #1610, .T. ) ;
#4102 = EDGE_CURVE ( 'NONE', #2444, #2420, #1612, .T. ) ;
#4103 = EDGE_CURVE ( 'NONE', #2417, #2420, #1614, .T. ) ;
#4104 = EDGE_CURVE ( 'NONE', #2424, #2417, #1616, .T. ) ;
#4105 = EDGE_CURVE ( 'NONE', #2588, #2417, #1604, .T. ) ;
#4106 = EDGE_CURVE ( 'NONE', #2561, #2424, #1620, .T. ) ;
#4107 = EDGE_CURVE ( 'NONE', #2568, #2430, #1621, .T. ) ;
#4108 = EDGE_CURVE ( 'NONE', #2567, #2416, #1622, .T. ) ;
#4109 = EDGE_CURVE ( 'NONE', #2433, #2409, #1623, .T. ) ;
#4110 = EDGE_CURVE ( 'NONE', #2420, #2428, #1624, .T. ) ;
#4111 = EDGE_CURVE ( 'NONE', #2418, #2425, #1626, .T. ) ;
#4112 = EDGE_CURVE ( 'NONE', #2418, #3176, #1618, .T. ) ;
#4113 = EDGE_CURVE ( 'NONE', #2419, #3176, #1628, .T. ) ;
#4114 = EDGE_CURVE ( 'NONE', #2419, #3334, #1632, .T. ) ;
#4115 = EDGE_CURVE ( 'NONE', #3334, #3338, #1634, .T. ) ;
#4116 = EDGE_CURVE ( 'NONE', #3338, #2425, #1636, .T. ) ;
#4117 = EDGE_CURVE ( 'NONE', #3336, #3335, #1638, .T. ) ;
#4118 = EDGE_CURVE ( 'NONE', #3336, #2418, #1630, .T. ) ;
#4119 = EDGE_CURVE ( 'NONE', #2425, #3335, #1642, .T. ) ;
#4120 = EDGE_CURVE ( 'NONE', #3337, #3341, #1644, .T. ) ;
#4121 = EDGE_CURVE ( 'NONE', #3341, #3336, #1646, .T. ) ;
#4122 = EDGE_CURVE ( 'NONE', #3335, #3339, #1648, .T. ) ;
#4123 = EDGE_CURVE ( 'NONE', #3340, #3339, #1650, .T. ) ;
#4124 = EDGE_CURVE ( 'NONE', #3337, #3340, #1652, .T. ) ;
#4125 = EDGE_CURVE ( 'NONE', #2579, #3340, #1640, .T. ) ;
#4126 = EDGE_CURVE ( 'NONE', #2559, #3337, #1656, .T. ) ;
#4127 = EDGE_CURVE ( 'NONE', #2572, #3334, #1657, .T. ) ;
#4128 = EDGE_CURVE ( 'NONE', #2582, #2419, #1658, .T. ) ;
#4129 = EDGE_CURVE ( 'NONE', #3176, #3341, #1659, .T. ) ;
#4130 = EDGE_CURVE ( 'NONE', #3339, #3338, #1660, .T. ) ;
#4131 = EDGE_CURVE ( 'NONE', #2655, #2649, #1662, .T. ) ;
#4132 = EDGE_CURVE ( 'NONE', #2655, #2652, #1654, .T. ) ;
#4133 = EDGE_CURVE ( 'NONE', #2651, #2652, #1666, .T. ) ;
#4134 = EDGE_CURVE ( 'NONE', #2649, #2651, #1668, .T. ) ;
#4135 = EDGE_CURVE ( 'NONE', #2648, #2642, #1670, .T. ) ;
#4136 = EDGE_CURVE ( 'NONE', #2648, #2666, #1664, .T. ) ;
#4137 = EDGE_CURVE ( 'NONE', #2645, #2666, #1674, .T. ) ;
#4138 = EDGE_CURVE ( 'NONE', #2642, #2645, #1676, .T. ) ;
#4139 = EDGE_CURVE ( 'NONE', #2650, #2644, #1678, .T. ) ;
#4140 = EDGE_CURVE ( 'NONE', #2641, #2639, #1672, .T. ) ;
#4141 = EDGE_CURVE ( 'NONE', #2647, #2639, #1680, .T. ) ;
#4142 = EDGE_CURVE ( 'NONE', #2640, #2641, #1682, .T. ) ;
#4143 = EDGE_CURVE ( 'NONE', #2639, #2641, #1684, .T. ) ;
#4144 = EDGE_CURVE ( 'NONE', #2650, #2638, #1685, .T. ) ;
#4145 = EDGE_CURVE ( 'NONE', #2641, #2646, #1686, .T. ) ;
#4146 = EDGE_CURVE ( 'NONE', #2643, #2646, #1683, .T. ) ;
#4147 = EDGE_CURVE ( 'NONE', #2647, #2640, #1689, .T. ) ;
#4148 = EDGE_CURVE ( 'NONE', #2633, #2638, #1690, .T. ) ;
#4149 = EDGE_CURVE ( 'NONE', #2639, #2643, #1691, .T. ) ;
#4150 = EDGE_CURVE ( 'NONE', #2644, #2633, #1688, .T. ) ;
#4151 = AXIS2_PLACEMENT_3D ( 'NONE', #3693, #3686, #3707 ) ;
#4152 = AXIS2_PLACEMENT_3D ( 'NONE', #3708, #3704, #3701 ) ;
#4153 = AXIS2_PLACEMENT_3D ( 'NONE', #3709, #3684, #3697 ) ;
#4154 = AXIS2_PLACEMENT_3D ( 'NONE', #3702, #3685, #3694 ) ;
#4155 = AXIS2_PLACEMENT_3D ( 'NONE', #3698, #3691, #3706 ) ;
#4156 = AXIS2_PLACEMENT_3D ( 'NONE', #3690, #3696, #3699 ) ;
#4157 = AXIS2_PLACEMENT_3D ( 'NONE', #3104, #3070, #3072 ) ;
#4158 = AXIS2_PLACEMENT_3D ( 'NONE', #3695, #3088, #3074 ) ;
#4159 = AXIS2_PLACEMENT_3D ( 'NONE', #3075, #3073, #3077 ) ;
#4160 = AXIS2_PLACEMENT_3D ( 'NONE', #3078, #3079, #3076 ) ;
#4161 = AXIS2_PLACEMENT_3D ( 'NONE', #3080, #3085, #3086 ) ;
#4162 = AXIS2_PLACEMENT_3D ( 'NONE', #3083, #3090, #3091 ) ;
#4163 = AXIS2_PLACEMENT_3D ( 'NONE', #3089, #3094, #3095 ) ;
#4164 = AXIS2_PLACEMENT_3D ( 'NONE', #3093, #3098, #3099 ) ;
#4165 = AXIS2_PLACEMENT_3D ( 'NONE', #3097, #3102, #3103 ) ;
#4166 = AXIS2_PLACEMENT_3D ( 'NONE', #3101, #3116, #3123 ) ;
#4167 = AXIS2_PLACEMENT_3D ( 'NONE', #3107, #3112, #3113 ) ;
#4168 = AXIS2_PLACEMENT_3D ( 'NONE', #3122, #3108, #3117 ) ;
#4169 = AXIS2_PLACEMENT_3D ( 'NONE', #3124, #3120, #3111 ) ;
#4170 = AXIS2_PLACEMENT_3D ( 'NONE', #3110, #3106, #3125 ) ;
#4171 = AXIS2_PLACEMENT_3D ( 'NONE', #3118, #3119, #3121 ) ;
#4172 = AXIS2_PLACEMENT_3D ( 'NONE', #3247, #3229, #3246 ) ;
#4173 = AXIS2_PLACEMENT_3D ( 'NONE', #3233, #3250, #3236 ) ;
#4174 = AXIS2_PLACEMENT_3D ( 'NONE', #3249, #3228, #3254 ) ;
#4175 = AXIS2_PLACEMENT_3D ( 'NONE', #3253, #3242, #3241 ) ;
#4176 = AXIS2_PLACEMENT_3D ( 'NONE', #3234, #3245, #3248 ) ;
#4177 = AXIS2_PLACEMENT_3D ( 'NONE', #3251, #3230, #3244 ) ;
#4178 = AXIS2_PLACEMENT_3D ( 'NONE', #3231, #3227, #3235 ) ;
#4179 = AXIS2_PLACEMENT_3D ( 'NONE', #3210, #3213, #3216 ) ;
#4180 = AXIS2_PLACEMENT_3D ( 'NONE', #3226, #3217, #3202 ) ;
#4181 = AXIS2_PLACEMENT_3D ( 'NONE', #3206, #3212, #3211 ) ;
#4182 = AXIS2_PLACEMENT_3D ( 'NONE', #3207, #3208, #3205 ) ;
#4183 = AXIS2_PLACEMENT_3D ( 'NONE', #3222, #3203, #3219 ) ;
#4184 = AXIS2_PLACEMENT_3D ( 'NONE', #3035, #2790, #2789 ) ;
#4185 = STYLED_ITEM ( 'NONE', ( #3451 ), #1733 ) ;
#4186 = AXIS2_PLACEMENT_3D ( 'NONE', #3209, #3114, #3115 ) ;
#4187 = PRESENTATION_LAYER_ASSIGNMENT (  '', '', ( #4185 ) ) ;
#4188 = MECHANICAL_DESIGN_GEOMETRIC_PRESENTATION_REPRESENTATION (  '', ( #4185 ), #4189 ) ;
#4189 =( GEOMETRIC_REPRESENTATION_CONTEXT ( 3 ) GLOBAL_UNCERTAINTY_ASSIGNED_CONTEXT ( ( #3257 ) ) GLOBAL_UNIT_ASSIGNED_CONTEXT ( ( #3255, #3037, #1817 ) ) REPRESENTATION_CONTEXT ( 'NONE', 'WORKASPACE' ) );
#4190 = STYLED_ITEM ( 'NONE', ( #3496 ), #1734 ) ;
#4191 = AXIS2_PLACEMENT_3D ( 'NONE', #1818, #1819, #1820 ) ;
#4192 = PRESENTATION_LAYER_ASSIGNMENT (  '', '', ( #4190 ) ) ;
#4193 = MECHANICAL_DESIGN_GEOMETRIC_PRESENTATION_REPRESENTATION (  '', ( #4190 ), #4194 ) ;
#4194 =( GEOMETRIC_REPRESENTATION_CONTEXT ( 3 ) GLOBAL_UNCERTAINTY_ASSIGNED_CONTEXT ( ( #3258 ) ) GLOBAL_UNIT_ASSIGNED_CONTEXT ( ( #1826, #1827, #1828 ) ) REPRESENTATION_CONTEXT ( 'NONE', 'WORKASPACE' ) );
#4195 = STYLED_ITEM ( 'NONE', ( #3500 ), #1735 ) ;
#4196 = AXIS2_PLACEMENT_3D ( 'NONE', #1830, #1831, #1832 ) ;
#4197 = PRESENTATION_LAYER_ASSIGNMENT (  '', '', ( #4195 ) ) ;
#4198 = MECHANICAL_DESIGN_GEOMETRIC_PRESENTATION_REPRESENTATION (  '', ( #4195 ), #4199 ) ;
#4199 =( GEOMETRIC_REPRESENTATION_CONTEXT ( 3 ) GLOBAL_UNCERTAINTY_ASSIGNED_CONTEXT ( ( #3259 ) ) GLOBAL_UNIT_ASSIGNED_CONTEXT ( ( #1838, #1839, #1840 ) ) REPRESENTATION_CONTEXT ( 'NONE', 'WORKASPACE' ) );
#4200 = STYLED_ITEM ( 'NONE', ( #3504 ), #1736 ) ;
#4201 = AXIS2_PLACEMENT_3D ( 'NONE', #1841, #1842, #1843 ) ;
#4202 = PRESENTATION_LAYER_ASSIGNMENT (  '', '', ( #4200 ) ) ;
#4203 = MECHANICAL_DESIGN_GEOMETRIC_PRESENTATION_REPRESENTATION (  '', ( #4200 ), #4204 ) ;
#4204 =( GEOMETRIC_REPRESENTATION_CONTEXT ( 3 ) GLOBAL_UNCERTAINTY_ASSIGNED_CONTEXT ( ( #3260 ) ) GLOBAL_UNIT_ASSIGNED_CONTEXT ( ( #1849, #1850, #1851 ) ) REPRESENTATION_CONTEXT ( 'NONE', 'WORKASPACE' ) );
#4205 = STYLED_ITEM ( 'NONE', ( #3508 ), #1737 ) ;
#4206 = AXIS2_PLACEMENT_3D ( 'NONE', #1852, #1853, #1854 ) ;
#4207 = PRESENTATION_LAYER_ASSIGNMENT (  '', '', ( #4205 ) ) ;
#4208 = MECHANICAL_DESIGN_GEOMETRIC_PRESENTATION_REPRESENTATION (  '', ( #4205 ), #4209 ) ;
#4209 =( GEOMETRIC_REPRESENTATION_CONTEXT ( 3 ) GLOBAL_UNCERTAINTY_ASSIGNED_CONTEXT ( ( #3261 ) ) GLOBAL_UNIT_ASSIGNED_CONTEXT ( ( #1860, #1861, #1862 ) ) REPRESENTATION_CONTEXT ( 'NONE', 'WORKASPACE' ) );
#4210 = AXIS2_PLACEMENT_3D ( 'NONE', #1863, #1864, #1865 ) ;
#4211 = STYLED_ITEM ( 'NONE', ( #3513 ), #1739 ) ;
#4212 = AXIS2_PLACEMENT_3D ( 'NONE', #1856, #1868, #1869 ) ;
#4213 = PRESENTATION_LAYER_ASSIGNMENT (  '', '', ( #4211 ) ) ;
#4214 = MECHANICAL_DESIGN_GEOMETRIC_PRESENTATION_REPRESENTATION (  '', ( #4211 ), #4215 ) ;
#4215 =( GEOMETRIC_REPRESENTATION_CONTEXT ( 3 ) GLOBAL_UNCERTAINTY_ASSIGNED_CONTEXT ( ( #3262 ) ) GLOBAL_UNIT_ASSIGNED_CONTEXT ( ( #1875, #1876, #1877 ) ) REPRESENTATION_CONTEXT ( 'NONE', 'WORKASPACE' ) );
#4216 = AXIS2_PLACEMENT_3D ( 'NONE', #1878, #1879, #1880 ) ;
#4217 = STYLED_ITEM ( 'NONE', ( #2108 ), #1741 ) ;
#4218 = AXIS2_PLACEMENT_3D ( 'NONE', #1871, #1883, #1884 ) ;
#4219 = PRESENTATION_LAYER_ASSIGNMENT (  '', '', ( #4217 ) ) ;
ENDSEC;
END-ISO-10303-21;
