#VRML V2.0 utf8
WorldInfo {
title "enclosure12704_bottom"
info [ "[Parameters]"
"origin= file converted to X3D by DesignSoft - www.designsoftware.com"
"modelsize=1.223;0.713;0.203"
"trianglecount=1550"
"originalfile=enclosure12704_bottom.step"
] }
Background {
skyColor [
1.00 1.00 1.00
]
}
Transform {
scale 0.039370 0.039370 0.039370
children [
Shape {
appearance Appearance {
material Material {
ambientIntensity 0.300
shininess 1.000
diffuseColor 0.479 0.485 0.485
transparency 0.000
specularColor 0.320 0.324 0.324
emissiveColor 0.000 0.000 0.000
}
}
geometry IndexedFaceSet {
ccw TRUE
normalPerVertex TRUE
convex TRUE
creaseAngle 0.500
solid FALSE
coord Coordinate {
point [
-4.73189 0 11.4395 ,-5.45051 0 11.1446 ,-5.12846 0 11.3595 ,-4.87048 0 11.4301 ,5.755 0 10.4164 ,5.755 0 -10.5574 ,-5.755 0 -10.5574 ,-5.755 0 10.4164 ,-5.34532 0 -11.3762 ,-5.44656 0 -11.2895 ,-5.53609 0 -11.1899 ,4.73189 0 11.4395 ,-5.6122 0 -11.0788 ,-5.71822 0 -10.8293 ,-5.67336 0 -10.9579 ,5.12846 0 11.3595 ,4.87048 0 11.4301 ,5.00312 0 11.4029 ,5.67102 0 10.8224 ,5.745 0 10.5591 ,5.71637 0 10.6949 ,-4.99051 0 -11.5473 ,-5.23424 0 -11.4487 ,-5.11528 0 -11.506 ,-5.74571 0 -10.695 ,-4.86201 0 -11.5722 ,-4.73189 0 -11.5805 ,5.45051 0 11.1446 ,5.61065 0 10.9404 ,5.53673 0 11.0481 ,5.24544 0 11.3013 ,5.3531 0 11.2293 ,4.73189 0 -11.5805 ,5.06899 0 -11.5234 ,4.9024 0 -11.5662 ,5.22691 0 -11.4528 ,5.74879 0 -10.67 ,5.3715 0 -11.3559 ,5.49834 0 -11.2351 ,5.60335 0 -11.0934 ,5.68294 0 -10.9346 ,5.73036 0 -10.7806 ,-5.67102 0 10.8224 ,-5.745 0 10.5591 ,-5.71637 0 10.6949 ,-5.61065 0 10.9404 ,-5.53673 0 11.0481 ,-5.24544 0 11.3013 ,-5.3531 0 11.2293 ,-5.00312 0 11.4029
] }
coordIndex [
0 1 2 -1 0 2 3 -1 4 5 6 -1 4 6 7 -1 4 7 0 -1 8 9 10 -1 11 4 0 -1 12 8 10 -1 13 12 14 -1 15 16 17 -1 15 11 16 -1 18 19 4 -1 18 20 19 -1 18 4 11 -1 21 22 8 -1 21 23 22 -1 24 21 8 -1 24 12 13 -1 24 8 12 -1 25 21 24 -1 26 25 24 -1 27 28 18 -1 27 29 28 -1 27 11 15 -1 27 30 31 -1 27 15 30 -1 6 26 24 -1 27 18 11 -1 32 26 6 -1 33 34 32 -1 35 33 32 -1 36 37 35 -1 36 38 37 -1 36 39 38 -1 36 40 39 -1 36 41 40 -1 36 35 32 -1 5 32 6 -1 5 36 32 -1 42 43 44 -1 42 7 43 -1 1 45 46 -1 1 42 45 -1 47 1 48 -1 2 1 47 -1 3 2 49 -1 0 7 42 -1 0 42 1 -1
]
}
}
Shape {
appearance Appearance {
material Material {
ambientIntensity 0.300
shininess 1.000
diffuseColor 0.479 0.485 0.485
transparency 0.000
specularColor 0.320 0.324 0.324
emissiveColor 0.000 0.000 0.000
}
}
geometry IndexedFaceSet {
ccw TRUE
normalPerVertex TRUE
convex TRUE
creaseAngle 0.500
solid FALSE
coord Coordinate {
point [
2.50568 1.27889 -15.3479 ,7.41931 1.27889 -14.3631 ,4.73189 0 -11.5805 ,-2.50568 1.27889 -15.3479 ,-4.73189 0 -11.5805 ,-7.41931 1.27889 -14.3631
] }
coordIndex [
0 1 2 -1 3 0 2 -1 4 3 2 -1 5 3 4 -1
]
}
}
Shape {
appearance Appearance {
material Material {
ambientIntensity 0.300
shininess 1.000
diffuseColor 0.479 0.485 0.485
transparency 0.000
specularColor 0.320 0.324 0.324
emissiveColor 0.000 0.000 0.000
}
}
geometry IndexedFaceSet {
ccw TRUE
normalPerVertex TRUE
convex TRUE
creaseAngle 0.500
solid FALSE
coord Coordinate {
point [
8.72444 1.27889 -12.6439 ,5.755 0 -10.5574 ,5.74879 0 -10.67 ,8.68708 1.27889 -12.9707 ,5.73036 0 -10.7806 ,5.68294 0 -10.9346 ,8.59229 1.27889 -13.2857 ,5.60335 0 -11.0934 ,8.44307 1.27889 -13.5788 ,5.49834 0 -11.2351 ,8.24418 1.27889 -13.8408 ,5.3715 0 -11.3559 ,5.22691 0 -11.4528 ,8.00194 1.27889 -14.0633 ,5.06899 0 -11.5234 ,7.72404 1.27889 -14.2393 ,4.9024 0 -11.5662 ,7.41931 1.27889 -14.3631 ,4.73189 0 -11.5805
] }
coordIndex [
0 1 2 -1 3 4 5 -1 3 2 4 -1 3 0 2 -1 6 5 7 -1 6 3 5 -1 8 7 9 -1 8 6 7 -1 10 11 12 -1 10 9 11 -1 10 8 9 -1 13 12 14 -1 13 10 12 -1 15 14 16 -1 15 13 14 -1 17 16 18 -1 17 15 16 -1
]
}
}
Shape {
appearance Appearance {
material Material {
ambientIntensity 0.300
shininess 1.000
diffuseColor 0.479 0.485 0.485
transparency 0.000
specularColor 0.320 0.324 0.324
emissiveColor 0.000 0.000 0.000
}
}
geometry IndexedFaceSet {
ccw TRUE
normalPerVertex TRUE
convex TRUE
creaseAngle 0.500
solid FALSE
coord Coordinate {
point [
8.85576 1.27889 4.80915 ,8.69802 1.27889 13.5348 ,5.755 0 10.4164 ,8.86457 1.27889 -3.91795 ,5.755 0 -10.5574 ,8.72444 1.27889 -12.6439
] }
coordIndex [
0 1 2 -1 3 0 2 -1 4 3 2 -1 5 3 4 -1
]
}
}
Shape {
appearance Appearance {
material Material {
ambientIntensity 0.300
shininess 1.000
diffuseColor 0.479 0.485 0.485
transparency 0.000
specularColor 0.320 0.324 0.324
emissiveColor 0.000 0.000 0.000
}
}
geometry IndexedFaceSet {
ccw TRUE
normalPerVertex TRUE
convex TRUE
creaseAngle 0.500
solid FALSE
coord Coordinate {
point [
6.85352 1.27889 15.3309 ,4.73189 0 11.4395 ,4.87048 0 11.4301 ,7.20747 1.27889 15.2966 ,5.00312 0 11.4029 ,7.54827 1.27889 15.1951 ,5.12846 0 11.3595 ,5.24544 0 11.3013 ,7.86327 1.27889 15.0301 ,5.3531 0 11.2293 ,8.14077 1.27889 14.8077 ,5.45051 0 11.1446 ,5.53673 0 11.0481 ,8.37045 1.27889 14.5362 ,5.61065 0 10.9404 ,8.54379 1.27889 14.2257 ,5.67102 0 10.8224 ,5.71637 0 10.6949 ,8.65435 1.27889 13.8877 ,5.745 0 10.5591 ,8.69802 1.27889 13.5348 ,5.755 0 10.4164
] }
coordIndex [
0 1 2 -1 3 2 4 -1 3 0 2 -1 5 6 7 -1 5 4 6 -1 5 3 4 -1 8 7 9 -1 8 5 7 -1 10 11 12 -1 10 9 11 -1 10 8 9 -1 13 12 14 -1 13 10 12 -1 15 16 17 -1 15 14 16 -1 15 13 14 -1 18 17 19 -1 18 15 17 -1 20 19 21 -1 20 18 19 -1
]
}
}
Shape {
appearance Appearance {
material Material {
ambientIntensity 0.300
shininess 1.000
diffuseColor 0.479 0.485 0.485
transparency 0.000
specularColor 0.320 0.324 0.324
emissiveColor 0.000 0.000 0.000
}
}
geometry IndexedFaceSet {
ccw TRUE
normalPerVertex TRUE
convex TRUE
creaseAngle 0.500
solid FALSE
coord Coordinate {
point [
6.85352 1.27889 15.3309 ,-4.73189 0 11.4395 ,-6.85352 1.27889 15.3309 ,4.73189 0 11.4395
] }
coordIndex [
0 1 2 -1 3 1 0 -1
]
}
}
Shape {
appearance Appearance {
material Material {
ambientIntensity 0.300
shininess 1.000
diffuseColor 0.479 0.485 0.485
transparency 0.000
specularColor 0.320 0.324 0.324
emissiveColor 0.000 0.000 0.000
}
}
geometry IndexedFaceSet {
ccw TRUE
normalPerVertex TRUE
convex TRUE
creaseAngle 0.500
solid FALSE
coord Coordinate {
point [
-8.69802 1.27889 13.5348 ,-5.755 0 10.4164 ,-5.745 0 10.5591 ,-8.65435 1.27889 13.8877 ,-5.71637 0 10.6949 ,-8.54379 1.27889 14.2257 ,-5.67102 0 10.8224 ,-5.61065 0 10.9404 ,-8.37045 1.27889 14.5362 ,-5.53673 0 11.0481 ,-8.14077 1.27889 14.8077 ,-5.45051 0 11.1446 ,-5.3531 0 11.2293 ,-7.86327 1.27889 15.0301 ,-5.24544 0 11.3013 ,-7.54827 1.27889 15.1951 ,-5.12846 0 11.3595 ,-5.00312 0 11.4029 ,-7.20747 1.27889 15.2966 ,-4.87048 0 11.4301 ,-6.85352 1.27889 15.3309 ,-4.73189 0 11.4395
] }
coordIndex [
0 1 2 -1 3 2 4 -1 3 0 2 -1 5 6 7 -1 5 4 6 -1 5 3 4 -1 8 7 9 -1 8 5 7 -1 10 11 12 -1 10 9 11 -1 10 8 9 -1 13 12 14 -1 13 10 12 -1 15 16 17 -1 15 14 16 -1 15 13 14 -1 18 17 19 -1 18 15 17 -1 20 19 21 -1 20 18 19 -1
]
}
}
Shape {
appearance Appearance {
material Material {
ambientIntensity 0.300
shininess 1.000
diffuseColor 0.479 0.485 0.485
transparency 0.000
specularColor 0.320 0.324 0.324
emissiveColor 0.000 0.000 0.000
}
}
geometry IndexedFaceSet {
ccw TRUE
normalPerVertex TRUE
convex TRUE
creaseAngle 0.500
solid FALSE
coord Coordinate {
point [
-8.86457 1.27889 -3.91795 ,-8.72444 1.27889 -12.6439 ,-5.755 0 -10.5574 ,-5.755 0 10.4164 ,-8.85576 1.27889 4.80915 ,-8.69802 1.27889 13.5348
] }
coordIndex [
0 1 2 -1 3 4 0 -1 3 0 2 -1 5 4 3 -1
]
}
}
Shape {
appearance Appearance {
material Material {
ambientIntensity 0.300
shininess 1.000
diffuseColor 0.479 0.485 0.485
transparency 0.000
specularColor 0.320 0.324 0.324
emissiveColor 0.000 0.000 0.000
}
}
geometry IndexedFaceSet {
ccw TRUE
normalPerVertex TRUE
convex TRUE
creaseAngle 0.500
solid FALSE
coord Coordinate {
point [
-7.41931 1.27889 -14.3631 ,-4.73189 0 -11.5805 ,-4.86201 0 -11.5722 ,-7.72404 1.27889 -14.2393 ,-4.99051 0 -11.5473 ,-5.11528 0 -11.506 ,-8.00194 1.27889 -14.0633 ,-5.23424 0 -11.4487 ,-8.24418 1.27889 -13.8408 ,-5.34532 0 -11.3762 ,-5.44656 0 -11.2895 ,-8.44307 1.27889 -13.5788 ,-5.53609 0 -11.1899 ,-5.6122 0 -11.0788 ,-8.59229 1.27889 -13.2857 ,-5.67336 0 -10.9579 ,-8.68708 1.27889 -12.9707 ,-5.71822 0 -10.8293 ,-5.74571 0 -10.695 ,-8.72444 1.27889 -12.6439 ,-5.755 0 -10.5574
] }
coordIndex [
0 1 2 -1 3 4 5 -1 3 2 4 -1 3 0 2 -1 6 5 7 -1 6 3 5 -1 8 9 10 -1 8 7 9 -1 8 6 7 -1 11 12 13 -1 11 10 12 -1 11 8 10 -1 14 13 15 -1 14 11 13 -1 16 17 18 -1 16 15 17 -1 16 14 15 -1 19 18 20 -1 19 16 18 -1
]
}
}
Shape {
appearance Appearance {
material Material {
ambientIntensity 0.300
shininess 1.000
diffuseColor 0.479 0.485 0.485
transparency 0.000
specularColor 0.320 0.324 0.324
emissiveColor 0.000 0.000 0.000
}
}
geometry IndexedFaceSet {
ccw TRUE
normalPerVertex TRUE
convex TRUE
creaseAngle 0.500
solid FALSE
coord Coordinate {
point [
-7.8099 4.85978 -14.4061 ,-7.47418 4.85978 -14.5426 ,-7.41931 1.27889 -14.3631 ,-7.72404 1.27889 -14.2393 ,-8.00194 1.27889 -14.0633 ,-8.11607 4.85978 -14.2123 ,-8.24418 1.27889 -13.8408 ,-8.38295 4.85978 -13.9671 ,-8.44307 1.27889 -13.5788 ,-8.60207 4.85978 -13.6785 ,-8.59229 1.27889 -13.2857 ,-8.76645 4.85978 -13.3556 ,-8.68708 1.27889 -12.9707 ,-8.87089 4.85978 -13.0086 ,-8.72444 1.27889 -12.6439 ,-8.91205 4.85978 -12.6485
] }
coordIndex [
0 1 2 -1 0 2 3 -1 0 3 4 -1 5 4 6 -1 5 0 4 -1 7 6 8 -1 7 5 6 -1 9 8 10 -1 9 7 8 -1 11 10 12 -1 11 9 10 -1 13 12 14 -1 13 11 12 -1 15 13 14 -1
]
}
}
Shape {
appearance Appearance {
material Material {
ambientIntensity 0.300
shininess 1.000
diffuseColor 0.479 0.485 0.485
transparency 0.000
specularColor 0.320 0.324 0.324
emissiveColor 0.000 0.000 0.000
}
}
geometry IndexedFaceSet {
ccw TRUE
normalPerVertex TRUE
convex TRUE
creaseAngle 0.500
solid FALSE
coord Coordinate {
point [
8.91205 4.85978 -12.6485 ,9.0521 4.85978 -3.9374 ,8.41405 4.85978 -12.6363 ,-8.54555 4.85978 4.77895 ,-8.38873 4.85978 13.4857 ,-8.88706 4.85978 13.4857 ,-9.04377 4.85978 4.77487 ,8.87089 4.85978 -13.0086 ,8.38298 4.85978 -12.9081 ,-8.554 4.85978 -3.92923 ,-9.0521 4.85978 -3.9374 ,7.47418 4.85978 -14.5426 ,2.47502 4.85978 -15.0389 ,2.52421 4.85978 -15.5346 ,7.32854 4.85978 -14.0662 ,8.76645 4.85978 -13.3556 ,8.30413 4.85978 -13.1701 ,8.54555 4.85978 4.77895 ,8.88706 4.85978 13.4857 ,8.38873 4.85978 13.4857 ,7.8099 4.85978 -14.4061 ,7.81313 4.85978 -13.8168 ,7.58199 4.85978 -13.9632 ,-8.41405 4.85978 -12.6363 ,-8.91205 4.85978 -12.6485 ,-8.87089 4.85978 -13.0086 ,8.60207 4.85978 -13.6785 ,8.18003 4.85978 -13.4139 ,9.04377 4.85978 4.77487 ,8.11607 4.85978 -14.2123 ,8.01461 4.85978 -13.6318 ,8.38295 4.85978 -13.9671 ,-8.38298 4.85978 -12.9081 ,-8.76645 4.85978 -13.3556 ,-8.30413 4.85978 -13.1701 ,-8.60207 4.85978 -13.6785 ,-8.18003 4.85978 -13.4139 ,-8.38295 4.85978 -13.9671 ,-8.01461 4.85978 -13.6318 ,-8.11607 4.85978 -14.2123 ,-7.81313 4.85978 -13.8168 ,-7.58199 4.85978 -13.9632 ,-7.8099 4.85978 -14.4061 ,-7.32854 4.85978 -14.0662 ,-7.47418 4.85978 -14.5426 ,8.554 4.85978 -3.92923 ,-2.47502 4.85978 -15.0389 ,-2.52421 4.85978 -15.5346
] }
coordIndex [
0 1 2 -1 3 4 5 -1 3 5 6 -1 7 0 2 -1 7 2 8 -1 9 6 10 -1 9 3 6 -1 11 12 13 -1 11 14 12 -1 15 7 8 -1 15 8 16 -1 17 18 19 -1 20 21 22 -1 20 22 14 -1 20 14 11 -1 23 10 24 -1 23 24 25 -1 26 16 27 -1 23 9 10 -1 26 15 16 -1 28 18 17 -1 29 30 21 -1 29 21 20 -1 31 27 30 -1 32 23 25 -1 31 30 29 -1 31 26 27 -1 33 32 25 -1 34 32 33 -1 35 34 33 -1 36 34 35 -1 37 36 35 -1 38 36 37 -1 39 40 38 -1 39 38 37 -1 41 40 39 -1 42 41 39 -1 43 41 42 -1 44 43 42 -1 45 28 17 -1 46 43 44 -1 1 28 45 -1 47 46 44 -1 13 46 47 -1 13 12 46 -1 2 1 45 -1
]
}
}
Shape {
appearance Appearance {
material Material {
ambientIntensity 0.300
shininess 1.000
diffuseColor 0.479 0.485 0.485
transparency 0.000
specularColor 0.320 0.324 0.324
emissiveColor 0.000 0.000 0.000
}
}
geometry IndexedFaceSet {
ccw TRUE
normalPerVertex TRUE
convex TRUE
creaseAngle 0.500
solid FALSE
coord Coordinate {
point [
-8.38873 4.85978 13.4857 ,-8.29448 4.09245 13.4857 ,-7.69384 4.09245 13.4857 ,-8.90315 5.16672 13.4857 ,-8.88706 4.85978 13.4857 ,-7.75016 5.16672 13.4857
] }
coordIndex [
0 1 2 -1 0 3 4 -1 5 0 2 -1 5 3 0 -1
]
}
}
Shape {
appearance Appearance {
material Material {
ambientIntensity 0.300
shininess 1.000
diffuseColor 0.479 0.485 0.485
transparency 0.000
specularColor 0.320 0.324 0.324
emissiveColor 0.000 0.000 0.000
}
}
geometry IndexedFaceSet {
ccw TRUE
normalPerVertex TRUE
convex TRUE
creaseAngle 0.500
solid FALSE
coord Coordinate {
point [
-8.42453 4.09245 -7.20545 ,-8.41405 4.85978 -12.6363 ,-8.31987 4.09245 -12.634 ,-8.554 4.85978 -3.92923 ,-8.4715 4.09245 -1.77611 ,-8.54555 4.85978 4.77895 ,-8.46078 4.09245 3.65341 ,-8.38142 3.453 3.76617 ,-8.36577 3.453 5.47142 ,-8.34443 3.453 7.17661 ,-8.39393 4.09245 8.99448 ,-8.31739 3.453 8.88173 ,-8.38873 4.85978 13.4857 ,-8.36517 4.09245 10.4917 ,-8.33202 4.09245 11.9887 ,-8.29448 4.09245 13.4857
] }
coordIndex [
0 1 2 -1 3 1 0 -1 4 3 0 -1 5 4 6 -1 5 6 7 -1 5 7 8 -1 5 3 4 -1 9 5 8 -1 10 9 11 -1 10 5 9 -1 12 10 13 -1 12 13 14 -1 12 14 15 -1 12 5 10 -1
]
}
}
Shape {
appearance Appearance {
material Material {
ambientIntensity 0.300
shininess 1.000
diffuseColor 0.479 0.485 0.485
transparency 0.000
specularColor 0.320 0.324 0.324
emissiveColor 0.000 0.000 0.000
}
}
geometry IndexedFaceSet {
ccw TRUE
normalPerVertex TRUE
convex TRUE
creaseAngle 0.500
solid FALSE
coord Coordinate {
point [
-7.32854 4.85978 -14.0662 ,-7.30099 4.09245 -13.9761 ,-7.53888 4.09245 -13.8794 ,-7.58199 4.85978 -13.9632 ,-7.81313 4.85978 -13.8168 ,-7.75583 4.09245 -13.742 ,-8.01461 4.85978 -13.6318 ,-7.94494 4.09245 -13.5683 ,-8.18003 4.85978 -13.4139 ,-8.10021 4.09245 -13.3638 ,-8.30413 4.85978 -13.1701 ,-8.21669 4.09245 -13.135 ,-8.38298 4.85978 -12.9081 ,-8.2907 4.09245 -12.8891 ,-8.31987 4.09245 -12.634 ,-8.41405 4.85978 -12.6363
] }
coordIndex [
0 1 2 -1 3 0 2 -1 4 2 5 -1 4 3 2 -1 6 5 7 -1 6 4 5 -1 8 7 9 -1 8 6 7 -1 10 9 11 -1 10 8 9 -1 12 11 13 -1 12 13 14 -1 12 10 11 -1 15 12 14 -1
]
}
}
Shape {
appearance Appearance {
material Material {
ambientIntensity 0.300
shininess 1.000
diffuseColor 0.479 0.485 0.485
transparency 0.000
specularColor 0.320 0.324 0.324
emissiveColor 0.000 0.000 0.000
}
}
geometry IndexedFaceSet {
ccw TRUE
normalPerVertex TRUE
convex TRUE
creaseAngle 0.500
solid FALSE
coord Coordinate {
point [
2.46572 4.09245 -14.9452 ,7.32854 4.85978 -14.0662 ,7.30099 4.09245 -13.9761 ,2.47502 4.85978 -15.0389 ,-2.47502 4.85978 -15.0389 ,-2.46572 4.09245 -14.9452 ,-7.30099 4.09245 -13.9761 ,-7.32854 4.85978 -14.0662
] }
coordIndex [
0 1 2 -1 3 1 0 -1 4 0 5 -1 4 3 0 -1 6 4 5 -1 7 4 6 -1
]
}
}
Shape {
appearance Appearance {
material Material {
ambientIntensity 0.300
shininess 1.000
diffuseColor 0.479 0.485 0.485
transparency 0.000
specularColor 0.320 0.324 0.324
emissiveColor 0.000 0.000 0.000
}
}
geometry IndexedFaceSet {
ccw TRUE
normalPerVertex TRUE
convex TRUE
creaseAngle 0.500
solid FALSE
coord Coordinate {
point [
8.41405 4.85978 -12.6363 ,8.31987 4.09245 -12.634 ,8.2907 4.09245 -12.8891 ,8.38298 4.85978 -12.9081 ,8.21669 4.09245 -13.135 ,8.30413 4.85978 -13.1701 ,8.10021 4.09245 -13.3638 ,8.18003 4.85978 -13.4139 ,7.94494 4.09245 -13.5683 ,8.01461 4.85978 -13.6318 ,7.81313 4.85978 -13.8168 ,7.75583 4.09245 -13.742 ,7.58199 4.85978 -13.9632 ,7.53888 4.09245 -13.8794 ,7.32854 4.85978 -14.0662 ,7.30099 4.09245 -13.9761
] }
coordIndex [
0 1 2 -1 3 2 4 -1 3 0 2 -1 5 4 6 -1 5 3 4 -1 7 6 8 -1 7 5 6 -1 9 7 8 -1 10 8 11 -1 10 9 8 -1 12 11 13 -1 12 10 11 -1 14 13 15 -1 14 12 13 -1
]
}
}
Shape {
appearance Appearance {
material Material {
ambientIntensity 0.300
shininess 1.000
diffuseColor 0.479 0.485 0.485
transparency 0.000
specularColor 0.320 0.324 0.324
emissiveColor 0.000 0.000 0.000
}
}
geometry IndexedFaceSet {
ccw TRUE
normalPerVertex TRUE
convex TRUE
creaseAngle 0.500
solid FALSE
coord Coordinate {
point [
8.45133 4.09245 4.77973 ,8.38873 4.85978 13.4857 ,8.29448 4.09245 13.4857 ,8.54555 4.85978 4.77895 ,8.45979 4.09245 -3.92768 ,8.554 4.85978 -3.92923 ,8.31987 4.09245 -12.634 ,8.41405 4.85978 -12.6363
] }
coordIndex [
0 1 2 -1 3 1 0 -1 4 3 0 -1 5 3 4 -1 6 5 4 -1 7 5 6 -1
]
}
}
Shape {
appearance Appearance {
material Material {
ambientIntensity 0.300
shininess 1.000
diffuseColor 0.479 0.485 0.485
transparency 0.000
specularColor 0.320 0.324 0.324
emissiveColor 0.000 0.000 0.000
}
}
geometry IndexedFaceSet {
ccw TRUE
normalPerVertex TRUE
convex TRUE
creaseAngle 0.500
solid FALSE
coord Coordinate {
point [
8.38873 4.85978 13.4857 ,7.75016 5.16672 13.4857 ,7.69384 4.09245 13.4857 ,8.29448 4.09245 13.4857 ,8.90315 5.16672 13.4857 ,8.88706 4.85978 13.4857
] }
coordIndex [
0 1 2 -1 0 2 3 -1 4 0 5 -1 4 1 0 -1
]
}
}
Shape {
appearance Appearance {
material Material {
ambientIntensity 0.300
shininess 1.000
diffuseColor 0.479 0.485 0.485
transparency 0.000
specularColor 0.320 0.324 0.324
emissiveColor 0.000 0.000 0.000
}
}
geometry IndexedFaceSet {
ccw TRUE
normalPerVertex TRUE
convex TRUE
creaseAngle 0.500
solid FALSE
coord Coordinate {
point [
-7.47883 5.16672 14.1279 ,-7.97478 5.16672 15.2006 ,-8.28291 5.16672 14.9537 ,-7.5904 5.16672 13.996 ,-8.53796 5.16672 14.6522 ,-8.73044 5.16672 14.3074 ,-7.34403 5.16672 14.2359 ,-7.62499 5.16672 15.3838 ,-7.67461 5.16672 13.8452 ,-8.85321 5.16672 13.9321 ,-7.19101 5.16672 14.3161 ,-7.24656 5.16672 15.4966 ,-7.72831 5.16672 13.681 ,-8.9017 5.16672 13.5402 ,-7.02546 5.16672 14.3654 ,-6.14403 5.16672 15.182 ,-6.14403 5.16672 15.5346 ,-6.85352 5.16672 15.5346 ,-7.74953 5.16672 13.5096 ,-7.74974 5.16672 13.5016 ,-8.90218 5.16672 13.5221 ,-7.74995 5.16672 13.4937 ,-7.75016 5.16672 13.4857 ,-8.90267 5.16672 13.5039 ,-8.90315 5.16672 13.4857 ,-6.85352 5.16672 14.3821 ,-6.14403 5.16672 14.3821
] }
coordIndex [
0 1 2 -1 3 2 4 -1 3 4 5 -1 3 0 2 -1 6 7 1 -1 6 1 0 -1 8 5 9 -1 8 3 5 -1 10 11 7 -1 10 7 6 -1 12 9 13 -1 12 8 9 -1 14 11 10 -1 15 16 17 -1 18 12 13 -1 19 13 20 -1 19 18 13 -1 21 19 20 -1 22 23 24 -1 22 20 23 -1 22 21 20 -1 25 17 11 -1 25 11 14 -1 25 15 17 -1 26 15 25 -1
]
}
}
Shape {
appearance Appearance {
material Material {
ambientIntensity 0.300
shininess 1.000
diffuseColor 0.479 0.485 0.485
transparency 0.000
specularColor 0.320 0.324 0.324
emissiveColor 0.000 0.000 0.000
}
}
geometry IndexedFaceSet {
ccw TRUE
normalPerVertex TRUE
convex TRUE
creaseAngle 0.500
solid FALSE
coord Coordinate {
point [
6.85352 5.16672 15.5346 ,6.14403 5.16672 15.5346 ,6.14403 5.16672 15.182 ,6.85352 5.16672 14.3821 ,6.14403 5.16672 14.3821 ,7.24656 5.16672 15.4966 ,7.02546 5.16672 14.3654 ,7.19101 5.16672 14.3161 ,7.62499 5.16672 15.3838 ,7.34403 5.16672 14.2359 ,7.97478 5.16672 15.2006 ,7.47883 5.16672 14.1279 ,8.28291 5.16672 14.9537 ,8.53796 5.16672 14.6522 ,7.5904 5.16672 13.996 ,8.73044 5.16672 14.3074 ,7.67461 5.16672 13.8452 ,8.85321 5.16672 13.9321 ,7.72831 5.16672 13.681 ,8.9017 5.16672 13.5402 ,7.74953 5.16672 13.5096 ,7.74974 5.16672 13.5016 ,8.90218 5.16672 13.5221 ,7.74995 5.16672 13.4937 ,7.75016 5.16672 13.4857 ,8.90267 5.16672 13.5039 ,8.90315 5.16672 13.4857
] }
coordIndex [
0 1 2 -1 3 2 4 -1 3 5 0 -1 3 0 2 -1 6 5 3 -1 7 8 5 -1 7 5 6 -1 9 10 8 -1 9 8 7 -1 11 12 10 -1 11 10 9 -1 13 11 14 -1 13 12 11 -1 15 14 16 -1 15 13 14 -1 17 16 18 -1 17 15 16 -1 19 18 20 -1 19 20 21 -1 19 17 18 -1 22 23 24 -1 22 21 23 -1 22 19 21 -1 25 22 24 -1 26 25 24 -1
]
}
}
Shape {
appearance Appearance {
material Material {
ambientIntensity 0.300
shininess 1.000
diffuseColor 0.479 0.485 0.485
transparency 0.000
specularColor 0.320 0.324 0.324
emissiveColor 0.000 0.000 0.000
}
}
geometry IndexedFaceSet {
ccw TRUE
normalPerVertex TRUE
convex TRUE
creaseAngle 0.500
solid FALSE
coord Coordinate {
point [
-7.74995 5.16672 13.4937 ,-7.69384 4.09245 13.4857 ,-7.69365 4.09245 13.4932 ,-7.75016 5.16672 13.4857 ,-7.74974 5.16672 13.5016 ,-7.69345 4.09245 13.5006 ,-7.74953 5.16672 13.5096 ,-7.69325 4.09245 13.5081
] }
coordIndex [
0 1 2 -1 0 3 1 -1 4 2 5 -1 4 0 2 -1 6 5 7 -1 6 4 5 -1
]
}
}
Shape {
appearance Appearance {
material Material {
ambientIntensity 0.300
shininess 1.000
diffuseColor 0.479 0.485 0.485
transparency 0.000
specularColor 0.320 0.324 0.324
emissiveColor 0.000 0.000 0.000
}
}
geometry IndexedFaceSet {
ccw TRUE
normalPerVertex TRUE
convex TRUE
creaseAngle 0.500
solid FALSE
coord Coordinate {
point [
-7.71962 4.09245 -12.6192 ,-7.6146 2.08793 -12.6166 ,-7.62364 2.05795 -12.1774 ,-7.75822 3.65763 -9.80797 ,-7.67454 2.06119 -9.80797 ,-7.82418 4.09245 -7.1956 ,-7.76304 3.65763 -9.5522 ,-7.76773 3.65763 -9.29642 ,-7.77229 3.65763 -9.04064 ,-7.68866 2.06212 -9.04064 ,-7.87109 4.09245 -1.77119 ,-7.86033 4.09245 3.65341 ,-7.82598 3.453 3.76617 ,-7.73446 2.06563 5.75336 ,-7.82049 3.453 4.43834 ,-7.81411 3.453 5.11052 ,-7.80684 3.453 5.78268
] }
coordIndex [
0 1 2 -1 3 2 4 -1 3 0 2 -1 5 3 6 -1 5 6 7 -1 5 7 8 -1 5 8 9 -1 5 0 3 -1 10 5 9 -1 11 10 12 -1 13 10 9 -1 13 12 10 -1 14 12 13 -1 15 14 13 -1 16 15 13 -1
]
}
}
Shape {
appearance Appearance {
material Material {
ambientIntensity 0.300
shininess 1.000
diffuseColor 0.479 0.485 0.485
transparency 0.000
specularColor 0.320 0.324 0.324
emissiveColor 0.000 0.000 0.000
}
}
geometry IndexedFaceSet {
ccw TRUE
normalPerVertex TRUE
convex TRUE
creaseAngle 0.500
solid FALSE
coord Coordinate {
point [
-7.78363 3.453 7.54165 ,-7.79319 3.453 6.8716 ,-7.72005 2.06474 6.89911 ,-7.77319 3.453 8.2117 ,-7.76188 3.453 8.88173 ,-7.67334 2.302 10.3662 ,-7.76461 4.09245 10.4917 ,-7.79341 4.09245 8.99448 ,-7.60391 2.05833 12.8419 ,-7.65086 2.302 11.4127 ,-7.62623 2.302 12.4592 ,-7.59945 2.302 13.5056 ,-7.58976 2.11706 13.5053 ,-7.69384 4.09245 13.4857 ,-7.73142 4.09245 11.9887 ,-7.67334 3.71243 13.5075 ,-7.69365 4.09245 13.4932 ,-7.69345 4.09245 13.5006 ,-7.69325 4.09245 13.5081
] }
coordIndex [
0 1 2 -1 3 0 2 -1 4 3 2 -1 5 4 2 -1 6 7 4 -1 6 4 5 -1 8 9 5 -1 8 10 9 -1 8 5 2 -1 11 8 12 -1 11 10 8 -1 13 14 15 -1 16 13 15 -1 17 16 15 -1 18 17 15 -1 5 15 14 -1 5 14 6 -1
]
}
}
Shape {
appearance Appearance {
material Material {
ambientIntensity 0.300
shininess 1.000
diffuseColor 0.479 0.485 0.485
transparency 0.000
specularColor 0.320 0.324 0.324
emissiveColor 0.000 0.000 0.000
}
}
geometry IndexedFaceSet {
ccw TRUE
normalPerVertex TRUE
convex TRUE
creaseAngle 0.500
solid FALSE
coord Coordinate {
point [
-7.58757 3.66689 6.92354 ,-7.63059 3.69173 6.91896 ,-7.59477 2.01297 6.923 ,-7.54545 3.64257 6.92502 ,-7.54545 1.99255 6.92502 ,-7.54545 3.64257 5.72287 ,-7.54545 1.9875 5.72287 ,-7.61013 2.01421 5.72636 ,-7.66376 3.71088 5.73463 ,-7.67332 2.04033 5.73663 ,-7.73446 2.06563 5.75336 ,-7.77247 3.77364 5.76739 ,-7.80684 3.453 5.78268 ,-7.86679 3.8281 5.81597 ,-7.90383 3.453 5.84139 ,-7.95266 3.87768 5.88182 ,-7.98807 3.453 5.91727 ,-8.01897 3.91596 5.95372 ,-8.05657 3.453 6.00763 ,-8.06759 3.94403 6.02618 ,-8.10687 3.453 6.10923 ,-8.10459 3.9654 6.10337 ,-8.12968 3.97988 6.18261 ,-8.13721 3.453 6.21848 ,-8.14328 3.98773 6.26153 ,-8.14648 3.453 6.33148 ,-8.14636 3.98951 6.33811 ,-8.13951 3.98555 6.41553 ,-8.13437 3.453 6.44421 ,-8.12172 3.97528 6.49486 ,-8.10131 3.453 6.55266 ,-8.09221 3.95825 6.57363 ,-8.04847 3.453 6.65298 ,-8.05081 3.93435 6.64937 ,-7.9981 3.90391 6.71941 ,-7.97774 3.453 6.74159 ,-7.93544 3.86773 6.78132 ,-7.89162 3.453 6.81533 ,-7.86484 3.82697 6.83315 ,-7.79319 3.453 6.8716 ,-7.78875 3.78304 6.87358 ,-7.70982 3.73747 6.90211 ,-7.72005 2.06474 6.89911 ,-7.64361 2.03317 6.91695
] }
coordIndex [
0 1 2 -1 3 2 4 -1 3 0 2 -1 5 6 7 -1 8 7 9 -1 8 9 10 -1 8 5 7 -1 11 8 10 -1 12 11 10 -1 13 11 12 -1 14 13 12 -1 15 13 14 -1 16 15 14 -1 17 15 16 -1 18 17 16 -1 19 17 18 -1 20 19 18 -1 21 19 20 -1 22 20 23 -1 22 21 20 -1 24 22 23 -1 25 24 23 -1 26 24 25 -1 27 25 28 -1 27 26 25 -1 29 27 28 -1 30 29 28 -1 31 29 30 -1 32 31 30 -1 33 31 32 -1 34 33 32 -1 34 32 35 -1 36 34 35 -1 37 36 35 -1 38 36 37 -1 39 38 37 -1 40 38 39 -1 41 40 39 -1 41 39 42 -1 41 42 43 -1 1 43 2 -1 1 41 43 -1
]
}
}
Shape {
appearance Appearance {
material Material {
ambientIntensity 0.300
shininess 1.000
diffuseColor 0.479 0.485 0.485
transparency 0.000
specularColor 0.320 0.324 0.324
emissiveColor 0.000 0.000 0.000
}
}
geometry IndexedFaceSet {
ccw TRUE
normalPerVertex TRUE
convex TRUE
creaseAngle 0.500
solid FALSE
coord Coordinate {
point [
-7.78875 3.78304 6.87358 ,-7.86679 3.8281 5.81597 ,-7.77247 3.77364 5.76739 ,-7.86484 3.82697 6.83315 ,-7.70982 3.73747 6.90211 ,-7.66376 3.71088 5.73463 ,-7.63059 3.69173 6.91896 ,-7.58757 3.66689 6.92354 ,-7.54545 3.64257 5.72287 ,-7.54545 3.64257 6.92502 ,-7.50333 3.61826 5.72435 ,-8.13951 3.98555 6.41553 ,-8.14328 3.98773 6.26153 ,-8.12968 3.97988 6.18261 ,-8.14636 3.98951 6.33811 ,-7.42714 3.57427 6.91326 ,-7.46031 3.59342 5.72893 ,-7.38108 3.54768 5.74578 ,-6.94762 3.29742 6.38636 ,-6.95139 3.29959 6.23236 ,-6.94454 3.29564 6.30978 ,-8.12172 3.97528 6.49486 ,-8.10459 3.9654 6.10337 ,-6.96123 3.30527 6.46528 ,-6.96918 3.30987 6.15303 ,-7.31843 3.5115 6.8805 ,-8.09221 3.95825 6.57363 ,-8.06759 3.94403 6.02618 ,-7.30216 3.50211 5.77431 ,-6.98631 3.31975 6.54452 ,-6.99869 3.3269 6.07426 ,-7.22411 3.45705 6.83192 ,-7.22606 3.45818 5.81474 ,-7.15546 3.41741 5.86657 ,-7.02332 3.34112 6.62171 ,-7.04009 3.3508 5.99852 ,-8.05081 3.93435 6.64937 ,-8.01897 3.91596 5.95372 ,-7.13824 3.40747 6.76607 ,-7.0928 3.38124 5.92848 ,-7.07193 3.36919 6.69417 ,-7.9981 3.90391 6.71941 ,-7.95266 3.87768 5.88182 ,-7.93544 3.86773 6.78132
] }
coordIndex [
0 1 2 -1 0 3 1 -1 4 2 5 -1 4 0 2 -1 6 4 5 -1 7 5 8 -1 7 6 5 -1 9 7 8 -1 9 8 10 -1 11 12 13 -1 11 14 12 -1 15 9 10 -1 15 16 17 -1 15 10 16 -1 18 19 20 -1 21 13 22 -1 23 19 18 -1 21 11 13 -1 23 24 19 -1 25 15 17 -1 26 22 27 -1 25 17 28 -1 29 30 24 -1 26 21 22 -1 29 24 23 -1 31 32 33 -1 31 28 32 -1 31 25 28 -1 34 35 30 -1 36 27 37 -1 36 26 27 -1 34 30 29 -1 38 31 33 -1 38 33 39 -1 40 38 39 -1 40 39 35 -1 40 35 34 -1 41 37 42 -1 41 36 37 -1 43 42 1 -1 43 41 42 -1 3 43 1 -1
]
}
}
Shape {
appearance Appearance {
material Material {
ambientIntensity 0.300
shininess 1.000
diffuseColor 0.479 0.485 0.485
transparency 0.000
specularColor 0.320 0.324 0.324
emissiveColor 0.000 0.000 0.000
}
}
geometry IndexedFaceSet {
ccw TRUE
normalPerVertex TRUE
convex TRUE
creaseAngle 0.500
solid FALSE
coord Coordinate {
point [
-7.22606 3.45818 5.81474 ,-7.2124 1.85031 5.82357 ,-7.28818 1.88147 5.78071 ,-7.15546 3.41741 5.86657 ,-7.30216 3.50211 5.77431 ,-7.37023 1.91525 5.74897 ,-7.54545 3.64257 6.92502 ,-7.54545 1.99255 6.92502 ,-7.4567 1.95574 6.91844 ,-7.38108 3.54768 5.74578 ,-7.4567 1.95088 5.72946 ,-7.42714 3.57427 6.91326 ,-7.36981 1.91964 6.89879 ,-7.46031 3.59342 5.72893 ,-7.50333 3.61826 5.72435 ,-7.54545 1.9875 5.72287 ,-7.31843 3.5115 6.8805 ,-7.28951 1.88622 6.86781 ,-7.54545 3.64257 5.72287 ,-7.22411 3.45705 6.83192 ,-7.21934 1.85696 6.82887 ,-7.15995 1.83215 6.78512 ,-7.13824 3.40747 6.76607 ,-7.10962 1.8111 6.73788 ,-7.07193 3.36919 6.69417 ,-7.06701 1.79323 6.6878 ,-7.02332 3.34112 6.62171 ,-7.03105 1.77813 6.6349 ,-7.00112 1.76551 6.57889 ,-6.98631 3.31975 6.54452 ,-6.97698 1.75529 6.51922 ,-6.96123 3.30527 6.46528 ,-6.95887 1.74756 6.45517 ,-6.94762 3.29742 6.38636 ,-6.9476 1.74265 6.38617 ,-6.94449 1.74111 6.31199 ,-6.94454 3.29564 6.30978 ,-6.95118 1.74362 6.23376 ,-6.95139 3.29959 6.23236 ,-6.9687 1.75062 6.15467 ,-6.96918 3.30987 6.15303 ,-6.9971 1.76212 6.07776 ,-6.99869 3.3269 6.07426 ,-7.03606 1.778 6.00486 ,-7.04009 3.3508 5.99852 ,-7.08535 1.79817 5.93716 ,-7.0928 3.38124 5.92848 ,-7.14441 1.82238 5.87622
] }
coordIndex [
0 1 2 -1 0 3 1 -1 4 2 5 -1 4 0 2 -1 6 7 8 -1 9 5 10 -1 9 4 5 -1 11 8 12 -1 13 9 10 -1 11 6 8 -1 14 10 15 -1 14 13 10 -1 16 12 17 -1 18 14 15 -1 16 11 12 -1 19 17 20 -1 19 20 21 -1 19 16 17 -1 22 21 23 -1 22 19 21 -1 24 23 25 -1 24 22 23 -1 26 25 27 -1 26 27 28 -1 26 24 25 -1 29 28 30 -1 29 26 28 -1 31 30 32 -1 31 29 30 -1 33 32 34 -1 33 34 35 -1 33 31 32 -1 36 35 37 -1 36 33 35 -1 38 36 37 -1 38 37 39 -1 40 38 39 -1 40 39 41 -1 42 40 41 -1 42 41 43 -1 44 42 43 -1 44 43 45 -1 46 45 47 -1 46 44 45 -1 3 46 47 -1 3 47 1 -1
]
}
}
Shape {
appearance Appearance {
material Material {
ambientIntensity 0.300
shininess 1.000
diffuseColor 0.479 0.485 0.485
transparency 0.000
specularColor 0.320 0.324 0.324
emissiveColor 0.000 0.000 0.000
}
}
geometry IndexedFaceSet {
ccw TRUE
normalPerVertex TRUE
convex TRUE
creaseAngle 0.500
solid FALSE
coord Coordinate {
point [
-5.51834 1.151 9.64906 ,-6.9687 1.75062 6.15467 ,-5.51768 1.151 -10.709 ,-6.71417 1.65877 9.64906 ,-7.54545 1.99255 6.92502 ,-7.4567 1.95574 6.91844 ,-7.36981 1.91964 6.89879 ,-7.28951 1.88622 6.86781 ,-6.58081 1.60102 -9.80797 ,-7.62364 2.05795 -12.1774 ,-7.21934 1.85696 6.82887 ,-6.97698 1.75529 6.51922 ,-7.15995 1.83215 6.78512 ,-7.10962 1.8111 6.73788 ,-7.06701 1.79323 6.6878 ,-7.03105 1.77813 6.6349 ,-7.00112 1.76551 6.57889 ,-6.58065 1.59783 -9.04064 ,-7.72005 2.06474 6.89911 ,-7.64361 2.03317 6.91695 ,-7.59477 2.01297 6.923 ,-7.67454 2.06119 -9.80797 ,-7.60391 2.05833 12.8419 ,-6.71417 1.67174 11.9052 ,-7.08535 1.79817 5.93716 ,-7.14441 1.82238 5.87622 ,-7.2124 1.85031 5.82357 ,-7.03606 1.778 6.00486 ,-7.28818 1.88147 5.78071 ,-6.9971 1.76212 6.07776 ,-7.37023 1.91525 5.74897 ,-7.4567 1.95088 5.72946 ,-7.68866 2.06212 -9.04064 ,-7.54545 1.9875 5.72287 ,-7.61013 2.01421 5.72636 ,-7.67332 2.04033 5.73663 ,-7.73446 2.06563 5.75336 ,-6.95887 1.74756 6.45517 ,-6.9476 1.74265 6.38617 ,-6.94449 1.74111 6.31199 ,-6.95118 1.74362 6.23376
] }
coordIndex [
0 1 2 -1 3 4 5 -1 3 5 6 -1 3 6 7 -1 8 9 2 -1 3 7 10 -1 3 11 0 -1 3 10 12 -1 3 12 13 -1 3 13 14 -1 3 14 15 -1 3 15 16 -1 3 16 11 -1 17 8 2 -1 3 18 19 -1 3 19 20 -1 21 9 8 -1 3 20 4 -1 22 18 3 -1 22 3 23 -1 24 25 17 -1 26 17 25 -1 27 24 17 -1 28 17 26 -1 29 27 17 -1 30 17 28 -1 1 17 2 -1 1 29 17 -1 31 32 17 -1 31 17 30 -1 33 32 31 -1 34 32 33 -1 35 32 34 -1 36 32 35 -1 0 11 37 -1 0 37 38 -1 0 38 39 -1 0 39 40 -1 0 40 1 -1
]
}
}
Shape {
appearance Appearance {
material Material {
ambientIntensity 0.300
shininess 1.000
diffuseColor 0.479 0.485 0.485
transparency 0.000
specularColor 0.320 0.324 0.324
emissiveColor 0.000 0.000 0.000
}
}
geometry IndexedFaceSet {
ccw TRUE
normalPerVertex TRUE
convex TRUE
creaseAngle 0.500
solid FALSE
coord Coordinate {
point [
-6.68859 3.65763 -9.04064 ,-7.68866 2.06212 -9.04064 ,-6.58065 1.59783 -9.04064 ,-7.77229 3.65763 -9.04064
] }
coordIndex [
0 1 2 -1 0 3 1 -1
]
}
}
Shape {
appearance Appearance {
material Material {
ambientIntensity 0.300
shininess 1.000
diffuseColor 0.479 0.485 0.485
transparency 0.000
specularColor 0.320 0.324 0.324
emissiveColor 0.000 0.000 0.000
}
}
geometry IndexedFaceSet {
ccw TRUE
normalPerVertex TRUE
convex TRUE
creaseAngle 0.500
solid FALSE
coord Coordinate {
point [
-7.76773 3.65763 -9.29642 ,-7.77229 3.65763 -9.04064 ,-6.68859 3.65763 -9.04064 ,-7.76304 3.65763 -9.5522 ,-6.68859 3.65763 -9.80797 ,-7.75822 3.65763 -9.80797
] }
coordIndex [
0 1 2 -1 3 2 4 -1 3 0 2 -1 5 3 4 -1
]
}
}
Shape {
appearance Appearance {
material Material {
ambientIntensity 0.300
shininess 1.000
diffuseColor 0.479 0.485 0.485
transparency 0.000
specularColor 0.320 0.324 0.324
emissiveColor 0.000 0.000 0.000
}
}
geometry IndexedFaceSet {
ccw TRUE
normalPerVertex TRUE
convex TRUE
creaseAngle 0.500
solid FALSE
coord Coordinate {
point [
6.68859 3.65763 -9.04064 ,7.77229 3.65763 -9.04064 ,7.76773 3.65763 -9.29642 ,7.76304 3.65763 -9.5522 ,6.68859 3.65763 -9.80797 ,7.75822 3.65763 -9.80797
] }
coordIndex [
0 1 2 -1 0 2 3 -1 4 3 5 -1 4 0 3 -1
]
}
}
Shape {
appearance Appearance {
material Material {
ambientIntensity 0.300
shininess 1.000
diffuseColor 0.479 0.485 0.485
transparency 0.000
specularColor 0.320 0.324 0.324
emissiveColor 0.000 0.000 0.000
}
}
geometry IndexedFaceSet {
ccw TRUE
normalPerVertex TRUE
convex TRUE
creaseAngle 0.500
solid FALSE
coord Coordinate {
point [
-6.68859 3.65763 -9.80797 ,-6.58081 1.60102 -9.80797 ,-7.67454 2.06119 -9.80797 ,-7.75822 3.65763 -9.80797
] }
coordIndex [
0 1 2 -1 3 0 2 -1
]
}
}
Shape {
appearance Appearance {
material Material {
ambientIntensity 0.300
shininess 1.000
diffuseColor 0.479 0.485 0.485
transparency 0.000
specularColor 0.320 0.324 0.324
emissiveColor 0.000 0.000 0.000
}
}
geometry IndexedFaceSet {
ccw TRUE
normalPerVertex TRUE
convex TRUE
creaseAngle 0.500
solid FALSE
coord Coordinate {
point [
-6.68859 3.65763 -9.04064 ,-6.58065 1.59783 -9.04064 ,-6.58081 1.60102 -9.80797 ,-6.68859 3.65763 -9.80797
] }
coordIndex [
0 1 2 -1 3 0 2 -1
]
}
}
Shape {
appearance Appearance {
material Material {
ambientIntensity 0.300
shininess 1.000
diffuseColor 0.479 0.485 0.485
transparency 0.000
specularColor 0.320 0.324 0.324
emissiveColor 0.000 0.000 0.000
}
}
geometry IndexedFaceSet {
ccw TRUE
normalPerVertex TRUE
convex TRUE
creaseAngle 0.500
solid FALSE
coord Coordinate {
point [
6.68859 3.65763 -9.80797 ,7.67454 2.06119 -9.80797 ,6.58081 1.60102 -9.80797 ,7.75822 3.65763 -9.80797
] }
coordIndex [
0 1 2 -1 0 3 1 -1
]
}
}
Shape {
appearance Appearance {
material Material {
ambientIntensity 0.300
shininess 1.000
diffuseColor 0.479 0.485 0.485
transparency 0.000
specularColor 0.320 0.324 0.324
emissiveColor 0.000 0.000 0.000
}
}
geometry IndexedFaceSet {
ccw TRUE
normalPerVertex TRUE
convex TRUE
creaseAngle 0.500
solid FALSE
coord Coordinate {
point [
6.68859 3.65763 -9.04064 ,6.58081 1.60102 -9.80797 ,6.58065 1.59783 -9.04064 ,6.68859 3.65763 -9.80797
] }
coordIndex [
0 1 2 -1 0 3 1 -1
]
}
}
Shape {
appearance Appearance {
material Material {
ambientIntensity 0.300
shininess 1.000
diffuseColor 0.479 0.485 0.485
transparency 0.000
specularColor 0.320 0.324 0.324
emissiveColor 0.000 0.000 0.000
}
}
geometry IndexedFaceSet {
ccw TRUE
normalPerVertex TRUE
convex TRUE
creaseAngle 0.500
solid FALSE
coord Coordinate {
point [
6.71417 1.65877 9.64906 ,7.60391 2.05833 12.8419 ,6.71417 1.67174 11.9052 ,6.58065 1.59783 -9.04064 ,5.51834 1.151 9.64906 ,7.68866 2.06212 -9.04064 ,5.51768 1.151 -10.709 ,6.58081 1.60102 -9.80797 ,7.62364 2.05795 -12.1774 ,7.67454 2.06119 -9.80797
] }
coordIndex [
0 1 2 -1 3 0 4 -1 5 0 3 -1 6 7 3 -1 6 3 4 -1 8 9 7 -1 8 7 6 -1 5 1 0 -1
]
}
}
Shape {
appearance Appearance {
material Material {
ambientIntensity 0.300
shininess 1.000
diffuseColor 0.479 0.485 0.485
transparency 0.000
specularColor 0.320 0.324 0.324
emissiveColor 0.000 0.000 0.000
}
}
geometry IndexedFaceSet {
ccw TRUE
normalPerVertex TRUE
convex TRUE
creaseAngle 0.500
solid FALSE
coord Coordinate {
point [
6.68859 3.65763 -9.04064 ,6.58065 1.59783 -9.04064 ,7.68866 2.06212 -9.04064 ,7.77229 3.65763 -9.04064
] }
coordIndex [
0 1 2 -1 3 0 2 -1
]
}
}
Shape {
appearance Appearance {
material Material {
ambientIntensity 0.300
shininess 1.000
diffuseColor 0.479 0.485 0.485
transparency 0.000
specularColor 0.320 0.324 0.324
emissiveColor 0.000 0.000 0.000
}
}
geometry IndexedFaceSet {
ccw TRUE
normalPerVertex TRUE
convex TRUE
creaseAngle 0.500
solid FALSE
coord Coordinate {
point [
7.60391 2.05833 12.8419 ,7.59945 2.302 13.5056 ,7.58976 2.11706 13.5053 ,7.62623 2.302 12.4592 ,7.69345 4.09245 13.5006 ,7.69325 4.09245 13.5081 ,7.67334 3.71243 13.5075 ,7.69365 4.09245 13.4932 ,7.69384 4.09245 13.4857 ,7.65086 2.302 11.4127 ,7.67334 2.302 10.3662 ,7.85082 4.09245 4.78465 ,7.68866 2.06212 -9.04064 ,7.85942 4.09245 -3.91784 ,7.77229 3.65763 -9.04064 ,7.62364 2.05795 -12.1774 ,7.75822 3.65763 -9.80797 ,7.67454 2.06119 -9.80797 ,7.71962 4.09245 -12.6192 ,7.76773 3.65763 -9.29642 ,7.76304 3.65763 -9.5522 ,7.6146 2.08793 -12.6166
] }
coordIndex [
0 1 2 -1 3 1 0 -1 4 5 6 -1 7 4 6 -1 8 7 6 -1 9 3 0 -1 10 9 0 -1 11 8 10 -1 12 13 11 -1 12 10 0 -1 12 11 10 -1 14 13 12 -1 15 16 17 -1 18 14 19 -1 18 19 20 -1 18 20 16 -1 18 15 21 -1 18 16 15 -1 6 10 8 -1 18 13 14 -1
]
}
}
Shape {
appearance Appearance {
material Material {
ambientIntensity 0.300
shininess 1.000
diffuseColor 0.479 0.485 0.485
transparency 0.000
specularColor 0.320 0.324 0.324
emissiveColor 0.000 0.000 0.000
}
}
geometry IndexedFaceSet {
ccw TRUE
normalPerVertex TRUE
convex TRUE
creaseAngle 0.500
solid FALSE
coord Coordinate {
point [
7.74953 5.16672 13.5096 ,7.69325 4.09245 13.5081 ,7.69345 4.09245 13.5006 ,7.74974 5.16672 13.5016 ,7.69365 4.09245 13.4932 ,7.74995 5.16672 13.4937 ,7.69384 4.09245 13.4857 ,7.75016 5.16672 13.4857
] }
coordIndex [
0 1 2 -1 3 2 4 -1 3 0 2 -1 5 4 6 -1 5 3 4 -1 7 5 6 -1
]
}
}
Shape {
appearance Appearance {
material Material {
ambientIntensity 0.300
shininess 1.000
diffuseColor 0.479 0.485 0.485
transparency 0.000
specularColor 0.320 0.324 0.324
emissiveColor 0.000 0.000 0.000
}
}
geometry IndexedFaceSet {
ccw TRUE
normalPerVertex TRUE
convex TRUE
creaseAngle 0.500
solid FALSE
coord Coordinate {
point [
6.85352 5.16672 14.3821 ,6.85352 4.09245 14.3258 ,7.01464 4.09245 14.3102 ,7.02546 5.16672 14.3654 ,7.16978 4.09245 14.2639 ,7.19101 5.16672 14.3161 ,7.31318 4.09245 14.1888 ,7.34403 5.16672 14.2359 ,7.4395 4.09245 14.0876 ,7.47883 5.16672 14.1279 ,7.54407 4.09245 13.964 ,7.5904 5.16672 13.996 ,7.62299 4.09245 13.8227 ,7.67461 5.16672 13.8452 ,7.67334 4.09245 13.6689 ,7.72831 5.16672 13.681 ,7.68342 4.09245 13.6157 ,7.69007 4.09245 13.5621 ,7.74953 5.16672 13.5096 ,7.69325 4.09245 13.5081
] }
coordIndex [
0 1 2 -1 3 2 4 -1 3 0 2 -1 5 4 6 -1 5 3 4 -1 7 6 8 -1 7 5 6 -1 9 8 10 -1 9 7 8 -1 11 10 12 -1 11 9 10 -1 13 12 14 -1 13 11 12 -1 15 16 17 -1 15 14 16 -1 15 13 14 -1 18 17 19 -1 18 15 17 -1
]
}
}
Shape {
appearance Appearance {
material Material {
ambientIntensity 0.300
shininess 1.000
diffuseColor 0.479 0.485 0.485
transparency 0.000
specularColor 0.320 0.324 0.324
emissiveColor 0.000 0.000 0.000
}
}
geometry IndexedFaceSet {
ccw TRUE
normalPerVertex TRUE
convex TRUE
creaseAngle 0.500
solid FALSE
coord Coordinate {
point [
6.85352 2.302 14.2319 ,6.85352 2.14514 14.2237 ,6.97758 2.1542 14.2137 ,6.99666 2.302 14.2181 ,7.09829 2.16019 14.1828 ,7.13448 2.302 14.177 ,7.21209 2.16325 14.1318 ,7.26187 2.302 14.1103 ,7.31565 2.16348 14.0623 ,7.37409 2.302 14.0203 ,7.40593 2.16088 13.9763 ,7.46698 2.302 13.9106 ,7.4803 2.15537 13.8763 ,7.53708 2.302 13.785 ,7.5366 2.14682 13.7653 ,7.58179 2.302 13.6483 ,7.57323 2.13498 13.6464 ,7.58494 2.12663 13.5763 ,7.59945 2.302 13.5056 ,7.58976 2.11706 13.5053
] }
coordIndex [
0 1 2 -1 3 2 4 -1 3 0 2 -1 5 4 6 -1 5 3 4 -1 7 6 8 -1 7 5 6 -1 9 8 10 -1 9 7 8 -1 11 10 12 -1 11 9 10 -1 13 12 14 -1 13 11 12 -1 15 14 16 -1 15 16 17 -1 15 13 14 -1 18 17 19 -1 18 15 17 -1
]
}
}
Shape {
appearance Appearance {
material Material {
ambientIntensity 0.300
shininess 1.000
diffuseColor 0.479 0.485 0.485
transparency 0.000
specularColor 0.320 0.324 0.324
emissiveColor 0.000 0.000 0.000
}
}
geometry IndexedFaceSet {
ccw TRUE
normalPerVertex TRUE
convex TRUE
creaseAngle 0.500
solid FALSE
coord Coordinate {
point [
7.67334 3.71243 13.5075 ,7.67334 3.72757 13.5279 ,7.67334 3.71863 13.5175 ,7.67334 3.73943 13.5386 ,7.67334 3.75999 13.5533 ,7.67334 3.80194 13.5762 ,7.68342 4.09245 13.6157 ,7.67334 4.09245 13.6689 ,7.67334 3.91408 13.6196 ,7.69007 4.09245 13.5621 ,7.69325 4.09245 13.5081
] }
coordIndex [
0 1 2 -1 0 3 1 -1 4 3 0 -1 5 4 0 -1 6 7 8 -1 9 6 8 -1 10 8 5 -1 10 5 0 -1 10 9 8 -1
]
}
}
Shape {
appearance Appearance {
material Material {
ambientIntensity 0.300
shininess 1.000
diffuseColor 0.479 0.485 0.485
transparency 0.000
specularColor 0.320 0.324 0.324
emissiveColor 0.000 0.000 0.000
}
}
geometry IndexedFaceSet {
ccw TRUE
normalPerVertex TRUE
convex TRUE
creaseAngle 0.500
solid FALSE
coord Coordinate {
point [
6.85352 2.302 15.3845 ,6.75254 2.302 15.3845 ,6.75254 2.302 14.2319 ,6.85352 2.302 14.2319 ,7.13505 2.302 15.3635 ,6.99666 2.302 14.2181 ,7.41035 2.302 15.301 ,7.13448 2.302 14.177 ,7.67334 2.302 15.1984 ,7.58179 2.302 13.6483 ,7.59945 2.302 13.5056 ,7.53708 2.302 13.785 ,7.46698 2.302 13.9106 ,7.37409 2.302 14.0203 ,7.26187 2.302 14.1103 ,7.67334 2.302 10.3662 ,7.65086 2.302 11.4127 ,7.62623 2.302 12.4592
] }
coordIndex [
0 1 2 -1 0 2 3 -1 4 3 5 -1 4 0 3 -1 6 5 7 -1 6 4 5 -1 8 9 10 -1 8 11 9 -1 8 12 11 -1 8 13 12 -1 8 14 13 -1 8 7 14 -1 8 6 7 -1 15 8 16 -1 16 8 17 -1 17 8 10 -1
]
}
}
Shape {
appearance Appearance {
material Material {
ambientIntensity 0.300
shininess 1.000
diffuseColor 0.479 0.485 0.485
transparency 0.000
specularColor 0.320 0.324 0.324
emissiveColor 0.000 0.000 0.000
}
}
geometry IndexedFaceSet {
ccw TRUE
normalPerVertex TRUE
convex TRUE
creaseAngle 0.500
solid FALSE
coord Coordinate {
point [
-6.75254 2.302 15.3845 ,-6.85352 2.302 15.3845 ,-6.85352 1.27889 15.3309 ,-5.99909 3.00466 15.4213 ,-5.95888 2.96032 15.419 ,-5.91386 2.92087 15.4169 ,6.14403 5.16672 15.5346 ,6.11173 3.31619 15.4377 ,6.75254 4.1436 15.481 ,-6.03424 3.05413 15.4239 ,6.85352 5.16672 15.5346 ,6.85352 4.1436 15.481 ,-6.75254 4.1436 15.481 ,-6.11173 3.31619 15.4377 ,-6.10445 3.23838 15.4336 ,-5.86378 2.88656 15.4151 ,-6.08776 3.17015 15.43 ,6.75254 2.302 15.3845 ,6.10445 3.23838 15.4336 ,6.08776 3.17015 15.43 ,-6.06397 3.10912 15.4268 ,-5.80827 2.85776 15.4136 ,-5.74682 2.83502 15.4124 ,-5.67825 2.81949 15.4116 ,-5.60025 2.81356 15.4113 ,-6.85352 5.16672 15.5346 ,-6.85352 4.1436 15.481 ,-6.14403 5.16672 15.5346 ,5.60025 2.81356 15.4113 ,6.85352 1.27889 15.3309 ,5.67825 2.81949 15.4116 ,5.99909 3.00466 15.4213 ,5.95888 2.96032 15.419 ,5.91386 2.92087 15.4169 ,5.86378 2.88656 15.4151 ,5.80827 2.85776 15.4136 ,5.74682 2.83502 15.4124 ,6.03424 3.05413 15.4239 ,6.85352 2.302 15.3845 ,6.06397 3.10912 15.4268
] }
coordIndex [
0 1 2 -1 3 0 4 -1 5 4 0 -1 6 7 8 -1 9 0 3 -1 10 6 8 -1 10 8 11 -1 12 0 13 -1 13 0 14 -1 15 5 0 -1 14 0 16 -1 17 8 7 -1 17 7 18 -1 17 18 19 -1 20 0 9 -1 21 15 0 -1 16 0 20 -1 22 21 0 -1 23 0 2 -1 23 22 0 -1 24 23 2 -1 25 26 12 -1 27 25 12 -1 27 12 13 -1 28 2 29 -1 28 24 2 -1 30 28 29 -1 17 31 32 -1 17 32 33 -1 17 33 34 -1 17 34 35 -1 17 35 36 -1 17 36 30 -1 17 30 29 -1 37 31 17 -1 38 17 29 -1 39 37 17 -1 19 39 17 -1
]
}
}
Shape {
appearance Appearance {
material Material {
ambientIntensity 0.300
shininess 1.000
diffuseColor 0.479 0.485 0.485
transparency 0.000
specularColor 0.320 0.324 0.324
emissiveColor 0.000 0.000 0.000
}
}
geometry IndexedFaceSet {
ccw TRUE
normalPerVertex TRUE
convex TRUE
creaseAngle 0.500
solid FALSE
coord Coordinate {
point [
-6.75254 4.09245 15.182 ,-6.75254 2.302 15.3845 ,-6.75254 2.302 14.2319 ,-6.75254 4.09245 14.3258 ,-6.75254 4.1436 15.481 ,-6.75254 4.1436 15.182
] }
coordIndex [
0 1 2 -1 0 2 3 -1 4 0 5 -1 4 1 0 -1
]
}
}
Shape {
appearance Appearance {
material Material {
ambientIntensity 0.300
shininess 1.000
diffuseColor 0.479 0.485 0.485
transparency 0.000
specularColor 0.320 0.324 0.324
emissiveColor 0.000 0.000 0.000
}
}
geometry IndexedFaceSet {
ccw TRUE
normalPerVertex TRUE
convex TRUE
creaseAngle 0.500
solid FALSE
coord Coordinate {
point [
-6.75254 4.09245 15.182 ,-6.75254 4.09245 14.3258 ,-6.85352 4.09245 14.3258 ,-7.07671 4.09245 15.182 ,-7.01464 4.09245 14.3102 ,-7.28114 4.09245 15.1673 ,-7.16978 4.09245 14.2639 ,-7.48138 4.09245 15.1236 ,-7.67334 4.09245 15.0518 ,-7.31318 4.09245 14.1888 ,-7.4395 4.09245 14.0876 ,-7.54407 4.09245 13.964 ,-7.62299 4.09245 13.8227 ,-7.67334 4.09245 13.6689
] }
coordIndex [
0 1 2 -1 3 2 4 -1 3 0 2 -1 5 4 6 -1 5 3 4 -1 7 5 6 -1 8 6 9 -1 8 9 10 -1 8 10 11 -1 8 11 12 -1 8 7 6 -1 13 8 12 -1
]
}
}
Shape {
appearance Appearance {
material Material {
ambientIntensity 0.300
shininess 1.000
diffuseColor 0.479 0.485 0.485
transparency 0.000
specularColor 0.320 0.324 0.324
emissiveColor 0.000 0.000 0.000
}
}
geometry IndexedFaceSet {
ccw TRUE
normalPerVertex TRUE
convex TRUE
creaseAngle 0.500
solid FALSE
coord Coordinate {
point [
7.67334 4.09245 15.0518 ,7.62299 4.09245 13.8227 ,7.54407 4.09245 13.964 ,7.4395 4.09245 14.0876 ,7.31318 4.09245 14.1888 ,7.16978 4.09245 14.2639 ,7.48138 4.09245 15.1236 ,7.28114 4.09245 15.1673 ,7.01464 4.09245 14.3102 ,7.07671 4.09245 15.182 ,6.85352 4.09245 14.3258 ,6.75254 4.09245 15.182 ,6.75254 4.09245 14.3258 ,7.67334 4.09245 13.6689
] }
coordIndex [
0 1 2 -1 0 2 3 -1 0 3 4 -1 0 4 5 -1 6 0 5 -1 7 5 8 -1 7 6 5 -1 9 8 10 -1 9 7 8 -1 11 10 12 -1 11 9 10 -1 0 13 1 -1
]
}
}
Shape {
appearance Appearance {
material Material {
ambientIntensity 0.300
shininess 1.000
diffuseColor 0.479 0.485 0.485
transparency 0.000
specularColor 0.320 0.324 0.324
emissiveColor 0.000 0.000 0.000
}
}
geometry IndexedFaceSet {
ccw TRUE
normalPerVertex TRUE
convex TRUE
creaseAngle 0.500
solid FALSE
coord Coordinate {
point [
-7.67334 4.09245 15.0518 ,-7.67334 4.09245 13.6689 ,-7.67334 3.87826 13.6074 ,-7.67334 3.77828 13.5641 ,-7.67334 3.74833 13.5454 ,-7.67334 4.1436 15.3048 ,-7.67334 4.1436 15.0518 ,-7.67334 2.302 15.1984 ,-7.67334 3.73164 13.5319 ,-7.67334 3.72217 13.522 ,-7.67334 3.7166 13.5146 ,-7.67334 3.71243 13.5075 ,-7.67334 2.302 10.3662
] }
coordIndex [
0 1 2 -1 0 2 3 -1 0 3 4 -1 5 6 0 -1 7 4 8 -1 7 8 9 -1 7 9 10 -1 7 10 11 -1 7 11 12 -1 7 0 4 -1 7 5 0 -1
]
}
}
Shape {
appearance Appearance {
material Material {
ambientIntensity 0.300
shininess 1.000
diffuseColor 0.479 0.485 0.485
transparency 0.000
specularColor 0.320 0.324 0.324
emissiveColor 0.000 0.000 0.000
}
}
geometry IndexedFaceSet {
ccw TRUE
normalPerVertex TRUE
convex TRUE
creaseAngle 0.500
solid FALSE
coord Coordinate {
point [
-7.59945 2.302 13.5056 ,-7.58976 2.11706 13.5053 ,-7.57685 2.13298 13.6288 ,-7.58179 2.302 13.6483 ,-7.54316 2.14531 13.7484 ,-7.53708 2.302 13.785 ,-7.48962 2.15433 13.8608 ,-7.46698 2.302 13.9106 ,-7.41775 2.16026 13.9626 ,-7.37409 2.302 14.0203 ,-7.32963 2.16328 14.0508 ,-7.26187 2.302 14.1103 ,-7.22781 2.16346 14.1229 ,-7.13448 2.302 14.177 ,-7.1153 2.16082 14.1766 ,-6.99666 2.302 14.2181 ,-6.99538 2.15526 14.2105 ,-6.92474 2.15072 14.2205 ,-6.85352 2.302 14.2319 ,-6.85352 2.14514 14.2237
] }
coordIndex [
0 1 2 -1 3 2 4 -1 3 0 2 -1 5 4 6 -1 5 3 4 -1 7 6 8 -1 7 5 6 -1 9 8 10 -1 9 7 8 -1 11 10 12 -1 11 9 10 -1 13 12 14 -1 13 11 12 -1 15 14 16 -1 15 16 17 -1 15 13 14 -1 18 17 19 -1 18 15 17 -1
]
}
}
Shape {
appearance Appearance {
material Material {
ambientIntensity 0.300
shininess 1.000
diffuseColor 0.479 0.485 0.485
transparency 0.000
specularColor 0.320 0.324 0.324
emissiveColor 0.000 0.000 0.000
}
}
geometry IndexedFaceSet {
ccw TRUE
normalPerVertex TRUE
convex TRUE
creaseAngle 0.500
solid FALSE
coord Coordinate {
point [
-7.67334 3.72217 13.522 ,-7.67334 3.71243 13.5075 ,-7.67334 3.7166 13.5146 ,-7.67334 3.73164 13.5319 ,-7.67334 3.74833 13.5454 ,-7.67334 3.77828 13.5641 ,-7.69325 4.09245 13.5081 ,-7.67334 3.87826 13.6074 ,-7.69007 4.09245 13.5621 ,-7.68342 4.09245 13.6157 ,-7.67334 4.09245 13.6689
] }
coordIndex [
0 1 2 -1 3 1 0 -1 4 1 3 -1 5 1 4 -1 6 5 7 -1 6 1 5 -1 8 6 7 -1 9 8 7 -1 10 9 7 -1
]
}
}
Shape {
appearance Appearance {
material Material {
ambientIntensity 0.300
shininess 1.000
diffuseColor 0.479 0.485 0.485
transparency 0.000
specularColor 0.320 0.324 0.324
emissiveColor 0.000 0.000 0.000
}
}
geometry IndexedFaceSet {
ccw TRUE
normalPerVertex TRUE
convex TRUE
creaseAngle 0.500
solid FALSE
coord Coordinate {
point [
-7.67334 2.302 15.1984 ,-7.26187 2.302 14.1103 ,-7.13448 2.302 14.177 ,-7.37409 2.302 14.0203 ,-7.46698 2.302 13.9106 ,-7.53708 2.302 13.785 ,-7.58179 2.302 13.6483 ,-7.59945 2.302 13.5056 ,-7.41035 2.302 15.301 ,-6.99666 2.302 14.2181 ,-7.13505 2.302 15.3635 ,-6.85352 2.302 14.2319 ,-6.85352 2.302 15.3845 ,-6.75254 2.302 14.2319 ,-6.75254 2.302 15.3845 ,-7.67334 2.302 10.3662 ,-7.65086 2.302 11.4127 ,-7.62623 2.302 12.4592
] }
coordIndex [
0 1 2 -1 0 3 1 -1 0 4 3 -1 0 5 4 -1 0 6 5 -1 0 7 6 -1 8 2 9 -1 8 0 2 -1 10 9 11 -1 10 8 9 -1 12 11 13 -1 12 10 11 -1 14 12 13 -1 0 15 16 -1 0 16 17 -1 0 17 7 -1
]
}
}
Shape {
appearance Appearance {
material Material {
ambientIntensity 0.300
shininess 1.000
diffuseColor 0.479 0.485 0.485
transparency 0.000
specularColor 0.320 0.324 0.324
emissiveColor 0.000 0.000 0.000
}
}
geometry IndexedFaceSet {
ccw TRUE
normalPerVertex TRUE
convex TRUE
creaseAngle 0.500
solid FALSE
coord Coordinate {
point [
-7.67334 2.302 15.1984 ,-8.65435 1.27889 13.8877 ,-8.54379 1.27889 14.2257 ,-8.37045 1.27889 14.5362 ,-8.14077 1.27889 14.8077 ,-7.86327 1.27889 15.0301 ,-7.54827 1.27889 15.1951 ,-7.41035 2.302 15.301 ,-7.20747 1.27889 15.2966 ,-7.13505 2.302 15.3635 ,-6.85352 1.27889 15.3309 ,-8.9017 5.16672 13.5402 ,-8.69802 1.27889 13.5348 ,-6.85352 2.302 15.3845 ,-8.85321 5.16672 13.9321 ,-7.67334 4.1436 15.3048 ,-8.53796 5.16672 14.6522 ,-8.73044 5.16672 14.3074 ,-8.28291 5.16672 14.9537 ,-7.97478 5.16672 15.2006 ,-7.62499 5.16672 15.3838 ,-7.4093 4.1436 15.402 ,-7.24656 5.16672 15.4966 ,-7.1342 4.1436 15.4612 ,-6.85352 5.16672 15.5346 ,-6.85352 4.1436 15.481
] }
coordIndex [
0 1 2 -1 0 2 3 -1 0 3 4 -1 0 4 5 -1 0 5 6 -1 7 6 8 -1 7 0 6 -1 9 8 10 -1 9 7 8 -1 11 12 1 -1 13 9 10 -1 14 11 1 -1 14 1 0 -1 15 16 17 -1 15 17 14 -1 15 14 0 -1 18 16 15 -1 19 18 15 -1 20 15 21 -1 20 19 15 -1 22 21 23 -1 22 20 21 -1 24 23 25 -1 24 22 23 -1
]
}
}
Shape {
appearance Appearance {
material Material {
ambientIntensity 0.300
shininess 1.000
diffuseColor 0.479 0.485 0.485
transparency 0.000
specularColor 0.320 0.324 0.324
emissiveColor 0.000 0.000 0.000
}
}
geometry IndexedFaceSet {
ccw TRUE
normalPerVertex TRUE
convex TRUE
creaseAngle 0.500
solid FALSE
coord Coordinate {
point [
-6.85352 4.1436 15.481 ,-6.75254 4.1436 15.481 ,-6.75254 4.1436 15.182 ,-7.07671 4.1436 15.182 ,-7.1342 4.1436 15.4612 ,-7.28114 4.1436 15.1673 ,-7.4093 4.1436 15.402 ,-7.48138 4.1436 15.1236 ,-7.67334 4.1436 15.3048 ,-7.67334 4.1436 15.0518
] }
coordIndex [
0 1 2 -1 0 2 3 -1 4 3 5 -1 4 0 3 -1 6 5 7 -1 6 4 5 -1 8 7 9 -1 8 6 7 -1
]
}
}
Shape {
appearance Appearance {
material Material {
ambientIntensity 0.300
shininess 1.000
diffuseColor 0.479 0.485 0.485
transparency 0.000
specularColor 0.320 0.324 0.324
emissiveColor 0.000 0.000 0.000
}
}
geometry IndexedFaceSet {
ccw TRUE
normalPerVertex TRUE
convex TRUE
creaseAngle 0.500
solid FALSE
coord Coordinate {
point [
-7.67334 4.1436 15.0518 ,-7.67334 4.09245 15.0518 ,-7.48138 4.09245 15.1236 ,-7.48138 4.1436 15.1236 ,-7.28114 4.1436 15.1673 ,-7.28114 4.09245 15.1673 ,-7.07671 4.1436 15.182 ,-7.07671 4.09245 15.182
] }
coordIndex [
0 1 2 -1 3 0 2 -1 4 2 5 -1 4 3 2 -1 6 5 7 -1 6 4 5 -1
]
}
}
Shape {
appearance Appearance {
material Material {
ambientIntensity 0.300
shininess 1.000
diffuseColor 0.479 0.485 0.485
transparency 0.000
specularColor 0.320 0.324 0.324
emissiveColor 0.000 0.000 0.000
}
}
geometry IndexedFaceSet {
ccw TRUE
normalPerVertex TRUE
convex TRUE
creaseAngle 0.500
solid FALSE
coord Coordinate {
point [
-6.75254 4.09245 15.182 ,-7.07671 4.1436 15.182 ,-7.07671 4.09245 15.182 ,-6.75254 4.1436 15.182
] }
coordIndex [
0 1 2 -1 3 1 0 -1
]
}
}
Shape {
appearance Appearance {
material Material {
ambientIntensity 0.300
shininess 1.000
diffuseColor 0.479 0.485 0.485
transparency 0.000
specularColor 0.320 0.324 0.324
emissiveColor 0.000 0.000 0.000
}
}
geometry IndexedFaceSet {
ccw TRUE
normalPerVertex TRUE
convex TRUE
creaseAngle 0.500
solid FALSE
coord Coordinate {
point [
-9.0521 4.85978 -3.9374 ,-8.91205 4.85978 -12.6485 ,-8.72444 1.27889 -12.6439 ,-8.86457 1.27889 -3.91795 ,-9.04377 4.85978 4.77487 ,-8.85576 1.27889 4.80915 ,-8.88706 4.85978 13.4857 ,-8.69802 1.27889 13.5348 ,-8.90267 5.16672 13.5039 ,-8.90315 5.16672 13.4857 ,-8.90218 5.16672 13.5221 ,-8.9017 5.16672 13.5402
] }
coordIndex [
0 1 2 -1 0 2 3 -1 4 3 5 -1 4 0 3 -1 6 5 7 -1 6 4 5 -1 8 9 6 -1 10 8 6 -1 11 6 7 -1 11 10 6 -1
]
}
}
Shape {
appearance Appearance {
material Material {
ambientIntensity 0.300
shininess 1.000
diffuseColor 0.479 0.485 0.485
transparency 0.000
specularColor 0.320 0.324 0.324
emissiveColor 0.000 0.000 0.000
}
}
geometry IndexedFaceSet {
ccw TRUE
normalPerVertex TRUE
convex TRUE
creaseAngle 0.500
solid FALSE
coord Coordinate {
point [
-6.75254 2.302 14.2319 ,-6.85352 2.302 14.2319 ,-6.85352 2.14514 14.2237 ,6.75254 4.09245 14.3258 ,6.12528 4.09245 14.3258 ,6.11173 3.31619 14.2851 ,-6.75254 4.09245 14.3258 ,-6.11173 3.31619 14.2851 ,-6.10445 3.23838 14.281 ,-6.08776 3.17015 14.2774 ,6.75254 2.302 14.2319 ,6.10445 3.23838 14.281 ,-6.44526 2.12626 14.2227 ,6.08776 3.17015 14.2774 ,-5.95888 2.96032 14.2664 ,-5.99909 3.00466 14.2687 ,-5.91386 2.92087 14.2644 ,-6.03424 3.05413 14.2713 ,-5.86378 2.88656 14.2626 ,-6.06397 3.10912 14.2742 ,-5.80827 2.85776 14.261 ,-5.74682 2.83502 14.2599 ,-5.67825 2.81949 14.259 ,-5.60025 2.81356 14.2587 ,-6.12528 4.09245 14.3258 ,6.44526 2.12626 14.2227 ,5.67825 2.81949 14.259 ,5.60025 2.81356 14.2587 ,5.74682 2.83502 14.2599 ,5.80827 2.85776 14.261 ,5.86378 2.88656 14.2626 ,5.91386 2.92087 14.2644 ,5.95888 2.96032 14.2664 ,6.85352 2.14514 14.2237 ,5.99909 3.00466 14.2687 ,6.03424 3.05413 14.2713 ,6.85352 2.302 14.2319 ,6.06397 3.10912 14.2742
] }
coordIndex [
0 1 2 -1 3 4 5 -1 6 0 7 -1 7 0 8 -1 8 0 9 -1 10 3 5 -1 10 5 11 -1 12 0 2 -1 10 11 13 -1 14 0 12 -1 15 0 14 -1 16 14 12 -1 17 0 15 -1 18 16 12 -1 19 0 17 -1 20 18 12 -1 9 0 19 -1 21 20 12 -1 22 21 12 -1 23 22 12 -1 24 6 7 -1 25 26 27 -1 25 27 23 -1 25 23 12 -1 28 26 25 -1 29 28 25 -1 30 29 25 -1 31 30 25 -1 32 31 25 -1 10 25 33 -1 10 34 32 -1 10 32 25 -1 35 34 10 -1 36 10 33 -1 37 35 10 -1 13 37 10 -1
]
}
}
Shape {
appearance Appearance {
material Material {
ambientIntensity 0.300
shininess 1.000
diffuseColor 0.479 0.485 0.485
transparency 0.000
specularColor 0.320 0.324 0.324
emissiveColor 0.000 0.000 0.000
}
}
geometry IndexedFaceSet {
ccw TRUE
normalPerVertex TRUE
convex TRUE
creaseAngle 0.500
solid FALSE
coord Coordinate {
point [
-6.14403 5.16672 14.3821 ,-6.12528 4.09245 14.3258 ,-6.75254 4.09245 14.3258 ,-6.85352 5.16672 14.3821 ,-6.85352 4.09245 14.3258
] }
coordIndex [
0 1 2 -1 3 2 4 -1 3 0 2 -1
]
}
}
Shape {
appearance Appearance {
material Material {
ambientIntensity 0.300
shininess 1.000
diffuseColor 0.479 0.485 0.485
transparency 0.000
specularColor 0.320 0.324 0.324
emissiveColor 0.000 0.000 0.000
}
}
geometry IndexedFaceSet {
ccw TRUE
normalPerVertex TRUE
convex TRUE
creaseAngle 0.500
solid FALSE
coord Coordinate {
point [
-6.14403 5.16672 14.3821 ,-6.12528 4.09245 15.182 ,-6.12528 4.09245 14.3258 ,-6.14403 5.16672 15.182
] }
coordIndex [
0 1 2 -1 0 3 1 -1
]
}
}
Shape {
appearance Appearance {
material Material {
ambientIntensity 0.300
shininess 1.000
diffuseColor 0.479 0.485 0.485
transparency 0.000
specularColor 0.320 0.324 0.324
emissiveColor 0.000 0.000 0.000
}
}
geometry IndexedFaceSet {
ccw TRUE
normalPerVertex TRUE
convex TRUE
creaseAngle 0.500
solid FALSE
coord Coordinate {
point [
-6.12528 4.09245 15.182 ,-6.14403 5.16672 15.5346 ,-6.14403 5.16672 15.182 ,-6.11173 3.31619 15.4377 ,-6.11173 3.31619 14.2851 ,-6.12528 4.09245 14.3258
] }
coordIndex [
0 1 2 -1 3 1 0 -1 4 0 5 -1 4 3 0 -1
]
}
}
Shape {
appearance Appearance {
material Material {
ambientIntensity 0.300
shininess 1.000
diffuseColor 0.479 0.485 0.485
transparency 0.000
specularColor 0.320 0.324 0.324
emissiveColor 0.000 0.000 0.000
}
}
geometry IndexedFaceSet {
ccw TRUE
normalPerVertex TRUE
convex TRUE
creaseAngle 0.500
solid FALSE
coord Coordinate {
point [
-5.67825 2.81949 14.259 ,-5.60025 2.81356 14.2587 ,-5.60025 2.81356 15.4113 ,-5.67825 2.81949 15.4116 ,-5.74682 2.83502 14.2599 ,-5.74682 2.83502 15.4124 ,-5.80827 2.85776 14.261 ,-5.80827 2.85776 15.4136 ,-5.86378 2.88656 14.2626 ,-5.86378 2.88656 15.4151 ,-5.91386 2.92087 14.2644 ,-5.91386 2.92087 15.4169 ,-5.95888 2.96032 14.2664 ,-5.95888 2.96032 15.419 ,-5.99909 3.00466 14.2687 ,-5.99909 3.00466 15.4213 ,-6.03424 3.05413 14.2713 ,-6.03424 3.05413 15.4239 ,-6.06397 3.10912 14.2742 ,-6.06397 3.10912 15.4268 ,-6.08776 3.17015 14.2774 ,-6.08776 3.17015 15.43 ,-6.10445 3.23838 14.281 ,-6.10445 3.23838 15.4336 ,-6.11173 3.31619 14.2851 ,-6.11173 3.31619 15.4377
] }
coordIndex [
0 1 2 -1 0 2 3 -1 4 3 5 -1 4 0 3 -1 6 5 7 -1 6 4 5 -1 8 7 9 -1 8 6 7 -1 10 9 11 -1 10 8 9 -1 12 11 13 -1 12 10 11 -1 14 13 15 -1 14 12 13 -1 16 15 17 -1 16 14 15 -1 18 17 19 -1 18 16 17 -1 20 19 21 -1 20 18 19 -1 22 21 23 -1 22 20 21 -1 24 23 25 -1 24 22 23 -1
]
}
}
Shape {
appearance Appearance {
material Material {
ambientIntensity 0.300
shininess 1.000
diffuseColor 0.479 0.485 0.485
transparency 0.000
specularColor 0.320 0.324 0.324
emissiveColor 0.000 0.000 0.000
}
}
geometry IndexedFaceSet {
ccw TRUE
normalPerVertex TRUE
convex TRUE
creaseAngle 0.500
solid FALSE
coord Coordinate {
point [
5.60025 2.81356 15.4113 ,-5.60025 2.81356 15.4113 ,-5.60025 2.81356 14.2587 ,5.60025 2.81356 14.2587
] }
coordIndex [
0 1 2 -1 0 2 3 -1
]
}
}
Shape {
appearance Appearance {
material Material {
ambientIntensity 0.300
shininess 1.000
diffuseColor 0.479 0.485 0.485
transparency 0.000
specularColor 0.320 0.324 0.324
emissiveColor 0.000 0.000 0.000
}
}
geometry IndexedFaceSet {
ccw TRUE
normalPerVertex TRUE
convex TRUE
creaseAngle 0.500
solid FALSE
coord Coordinate {
point [
5.60025 2.81356 15.4113 ,5.60025 2.81356 14.2587 ,5.67825 2.81949 14.259 ,5.67825 2.81949 15.4116 ,5.74682 2.83502 14.2599 ,5.74682 2.83502 15.4124 ,5.80827 2.85776 14.261 ,5.80827 2.85776 15.4136 ,5.86378 2.88656 14.2626 ,5.86378 2.88656 15.4151 ,5.91386 2.92087 14.2644 ,5.91386 2.92087 15.4169 ,5.95888 2.96032 14.2664 ,5.95888 2.96032 15.419 ,5.99909 3.00466 14.2687 ,5.99909 3.00466 15.4213 ,6.03424 3.05413 14.2713 ,6.03424 3.05413 15.4239 ,6.06397 3.10912 14.2742 ,6.06397 3.10912 15.4268 ,6.08776 3.17015 14.2774 ,6.08776 3.17015 15.43 ,6.10445 3.23838 14.281 ,6.10445 3.23838 15.4336 ,6.11173 3.31619 14.2851 ,6.11173 3.31619 15.4377
] }
coordIndex [
0 1 2 -1 3 2 4 -1 3 0 2 -1 5 4 6 -1 5 3 4 -1 7 6 8 -1 7 5 6 -1 9 8 10 -1 9 7 8 -1 11 10 12 -1 11 9 10 -1 13 12 14 -1 13 11 12 -1 15 14 16 -1 15 13 14 -1 17 16 18 -1 17 15 16 -1 19 18 20 -1 19 17 18 -1 21 20 22 -1 21 19 20 -1 23 22 24 -1 23 21 22 -1 25 23 24 -1
]
}
}
Shape {
appearance Appearance {
material Material {
ambientIntensity 0.300
shininess 1.000
diffuseColor 0.479 0.485 0.485
transparency 0.000
specularColor 0.320 0.324 0.324
emissiveColor 0.000 0.000 0.000
}
}
geometry IndexedFaceSet {
ccw TRUE
normalPerVertex TRUE
convex TRUE
creaseAngle 0.500
solid FALSE
coord Coordinate {
point [
6.12528 4.09245 15.182 ,6.14403 5.16672 15.182 ,6.14403 5.16672 15.5346 ,6.11173 3.31619 14.2851 ,6.12528 4.09245 14.3258 ,6.11173 3.31619 15.4377
] }
coordIndex [
0 1 2 -1 0 3 4 -1 5 3 0 -1 5 0 2 -1
]
}
}
Shape {
appearance Appearance {
material Material {
ambientIntensity 0.300
shininess 1.000
diffuseColor 0.479 0.485 0.485
transparency 0.000
specularColor 0.320 0.324 0.324
emissiveColor 0.000 0.000 0.000
}
}
geometry IndexedFaceSet {
ccw TRUE
normalPerVertex TRUE
convex TRUE
creaseAngle 0.500
solid FALSE
coord Coordinate {
point [
6.14403 5.16672 14.3821 ,6.12528 4.09245 14.3258 ,6.12528 4.09245 15.182 ,6.14403 5.16672 15.182
] }
coordIndex [
0 1 2 -1 3 0 2 -1
]
}
}
Shape {
appearance Appearance {
material Material {
ambientIntensity 0.300
shininess 1.000
diffuseColor 0.479 0.485 0.485
transparency 0.000
specularColor 0.320 0.324 0.324
emissiveColor 0.000 0.000 0.000
}
}
geometry IndexedFaceSet {
ccw TRUE
normalPerVertex TRUE
convex TRUE
creaseAngle 0.500
solid FALSE
coord Coordinate {
point [
6.85352 5.16672 14.3821 ,6.85352 4.09245 14.3258 ,6.75254 4.09245 14.3258 ,6.14403 5.16672 14.3821 ,6.12528 4.09245 14.3258
] }
coordIndex [
0 1 2 -1 3 2 4 -1 3 0 2 -1
]
}
}
Shape {
appearance Appearance {
material Material {
ambientIntensity 0.300
shininess 1.000
diffuseColor 0.479 0.485 0.485
transparency 0.000
specularColor 0.320 0.324 0.324
emissiveColor 0.000 0.000 0.000
}
}
geometry IndexedFaceSet {
ccw TRUE
normalPerVertex TRUE
convex TRUE
creaseAngle 0.500
solid FALSE
coord Coordinate {
point [
-7.74953 5.16672 13.5096 ,-7.69325 4.09245 13.5081 ,-7.69007 4.09245 13.5621 ,-7.72831 5.16672 13.681 ,-7.68342 4.09245 13.6157 ,-7.67334 4.09245 13.6689 ,-7.67461 5.16672 13.8452 ,-7.62299 4.09245 13.8227 ,-7.5904 5.16672 13.996 ,-7.54407 4.09245 13.964 ,-7.47883 5.16672 14.1279 ,-7.4395 4.09245 14.0876 ,-7.34403 5.16672 14.2359 ,-7.31318 4.09245 14.1888 ,-7.19101 5.16672 14.3161 ,-7.16978 4.09245 14.2639 ,-7.02546 5.16672 14.3654 ,-7.01464 4.09245 14.3102 ,-6.85352 5.16672 14.3821 ,-6.85352 4.09245 14.3258
] }
coordIndex [
0 1 2 -1 3 4 5 -1 3 2 4 -1 3 0 2 -1 6 5 7 -1 6 3 5 -1 8 7 9 -1 8 6 7 -1 10 9 11 -1 10 8 9 -1 12 11 13 -1 12 10 11 -1 14 13 15 -1 14 12 13 -1 16 15 17 -1 16 14 15 -1 18 17 19 -1 18 16 17 -1
]
}
}
Shape {
appearance Appearance {
material Material {
ambientIntensity 0.300
shininess 1.000
diffuseColor 0.479 0.485 0.485
transparency 0.000
specularColor 0.320 0.324 0.324
emissiveColor 0.000 0.000 0.000
}
}
geometry IndexedFaceSet {
ccw TRUE
normalPerVertex TRUE
convex TRUE
creaseAngle 0.500
solid FALSE
coord Coordinate {
point [
-5.48564 1.54781 12.4626 ,-6.1974 1.61525 12.4626 ,-5.84349 1.56731 12.4626 ,-7.60391 2.05833 12.8419 ,-6.71417 1.67174 11.9052 ,-6.71417 1.7268 12.4626 ,-7.58976 2.11706 13.5053 ,-7.54316 2.14531 13.7484 ,-7.57685 2.13298 13.6288 ,-7.48962 2.15433 13.8608 ,-7.41775 2.16026 13.9626 ,-7.32963 2.16328 14.0508 ,-7.22781 2.16346 14.1229 ,-7.1153 2.16082 14.1766 ,-6.99538 2.15526 14.2105 ,-6.92474 2.15072 14.2205 ,-6.85352 2.14514 14.2237 ,-6.44526 2.12626 14.2227
] }
coordIndex [
0 1 2 -1 3 4 5 -1 6 3 5 -1 7 8 6 -1 9 6 5 -1 9 7 6 -1 10 9 5 -1 11 10 5 -1 12 11 5 -1 13 12 5 -1 14 13 5 -1 15 14 5 -1 16 5 1 -1 16 15 5 -1 17 1 0 -1 17 16 1 -1
]
}
}
Shape {
appearance Appearance {
material Material {
ambientIntensity 0.300
shininess 1.000
diffuseColor 0.479 0.485 0.485
transparency 0.000
specularColor 0.320 0.324 0.324
emissiveColor 0.000 0.000 0.000
}
}
geometry IndexedFaceSet {
ccw TRUE
normalPerVertex TRUE
convex TRUE
creaseAngle 0.500
solid FALSE
coord Coordinate {
point [
-5.05162 1.28619 11.6666 ,-4.8996 1.151 11.251 ,-4.82735 1.151 11.2552 ,-4.97541 1.151 11.2379 ,-5.05162 1.151 11.2156
] }
coordIndex [
0 1 2 -1 0 3 1 -1 0 4 3 -1
]
}
}
Shape {
appearance Appearance {
material Material {
ambientIntensity 0.300
shininess 1.000
diffuseColor 0.479 0.485 0.485
transparency 0.000
specularColor 0.320 0.324 0.324
emissiveColor 0.000 0.000 0.000
}
}
geometry IndexedFaceSet {
ccw TRUE
normalPerVertex TRUE
convex TRUE
creaseAngle 0.500
solid FALSE
coord Coordinate {
point [
-6.1974 1.61525 12.4626 ,-6.71417 1.7268 12.4626 ,-6.71417 1.151 12.4626 ,-5.84349 1.56731 12.4626 ,-5.05162 1.151 12.4626 ,-5.48564 1.54781 12.4626 ,-5.05162 1.54781 12.4626
] }
coordIndex [
0 1 2 -1 3 0 2 -1 4 5 3 -1 4 3 2 -1 6 5 4 -1
]
}
}
Shape {
appearance Appearance {
material Material {
ambientIntensity 0.300
shininess 1.000
diffuseColor 0.479 0.485 0.485
transparency 0.000
specularColor 0.320 0.324 0.324
emissiveColor 0.000 0.000 0.000
}
}
geometry IndexedFaceSet {
ccw TRUE
normalPerVertex TRUE
convex TRUE
creaseAngle 0.500
solid FALSE
coord Coordinate {
point [
-6.71417 0.767334 12.079 ,-5.05162 1.151 12.4626 ,-5.05162 0.767334 12.079 ,-6.71417 1.151 12.4626
] }
coordIndex [
0 1 2 -1 0 3 1 -1
]
}
}
Shape {
appearance Appearance {
material Material {
ambientIntensity 0.300
shininess 1.000
diffuseColor 0.479 0.485 0.485
transparency 0.000
specularColor 0.320 0.324 0.324
emissiveColor 0.000 0.000 0.000
}
}
geometry IndexedFaceSet {
ccw TRUE
normalPerVertex TRUE
convex TRUE
creaseAngle 0.500
solid FALSE
coord Coordinate {
point [
-6.71417 1.65877 9.64906 ,-6.71417 1.151 9.64906 ,-6.71417 0.767334 10.0327 ,-6.71417 1.67174 11.9052 ,-6.71417 0.767334 12.079 ,-6.71417 1.151 12.4626 ,-6.71417 1.7268 12.4626
] }
coordIndex [
0 1 2 -1 3 2 4 -1 3 0 2 -1 5 3 4 -1 6 3 5 -1
]
}
}
Shape {
appearance Appearance {
material Material {
ambientIntensity 0.300
shininess 1.000
diffuseColor 0.479 0.485 0.485
transparency 0.000
specularColor 0.320 0.324 0.324
emissiveColor 0.000 0.000 0.000
}
}
geometry IndexedFaceSet {
ccw TRUE
normalPerVertex TRUE
convex TRUE
creaseAngle 0.500
solid FALSE
coord Coordinate {
point [
-6.71417 1.65877 9.64906 ,-5.51834 1.151 9.64906 ,-6.71417 1.151 9.64906
] }
coordIndex [
0 1 2 -1
]
}
}
Shape {
appearance Appearance {
material Material {
ambientIntensity 0.300
shininess 1.000
diffuseColor 0.479 0.485 0.485
transparency 0.000
specularColor 0.320 0.324 0.324
emissiveColor 0.000 0.000 0.000
}
}
geometry IndexedFaceSet {
ccw TRUE
normalPerVertex TRUE
convex TRUE
creaseAngle 0.500
solid FALSE
coord Coordinate {
point [
-5.51834 1.151 9.64906 ,-6.71417 1.151 9.64906 ,-6.71417 0.767334 10.0327 ,-5.05162 0.767334 10.0327 ,-5.05162 1.151 9.64906
] }
coordIndex [
0 1 2 -1 3 4 0 -1 3 0 2 -1
]
}
}
Shape {
appearance Appearance {
material Material {
ambientIntensity 0.300
shininess 1.000
diffuseColor 0.479 0.485 0.485
transparency 0.000
specularColor 0.320 0.324 0.324
emissiveColor 0.000 0.000 0.000
}
}
geometry IndexedFaceSet {
ccw TRUE
normalPerVertex TRUE
convex TRUE
creaseAngle 0.500
solid FALSE
coord Coordinate {
point [
-5.05162 1.28619 11.6666 ,-5.05162 1.151 12.4626 ,-5.05162 0.767334 12.079 ,-5.05162 1.54781 12.4626 ,-5.05162 1.151 11.2156 ,-5.05162 0.767334 10.0327 ,-5.05162 1.151 9.64906
] }
coordIndex [
0 1 2 -1 0 3 1 -1 4 0 2 -1 5 4 2 -1 6 4 5 -1
]
}
}
Shape {
appearance Appearance {
material Material {
ambientIntensity 0.300
shininess 1.000
diffuseColor 0.479 0.485 0.485
transparency 0.000
specularColor 0.320 0.324 0.324
emissiveColor 0.000 0.000 0.000
}
}
geometry IndexedFaceSet {
ccw TRUE
normalPerVertex TRUE
convex TRUE
creaseAngle 0.500
solid FALSE
coord Coordinate {
point [
-5.05162 0.767334 10.0327 ,-6.71417 0.767334 12.079 ,-5.05162 0.767334 12.079 ,-6.71417 0.767334 10.0327
] }
coordIndex [
0 1 2 -1 3 1 0 -1
]
}
}
Shape {
appearance Appearance {
material Material {
ambientIntensity 0.300
shininess 1.000
diffuseColor 0.479 0.485 0.485
transparency 0.000
specularColor 0.320 0.324 0.324
emissiveColor 0.000 0.000 0.000
}
}
geometry IndexedFaceSet {
ccw TRUE
normalPerVertex TRUE
convex TRUE
creaseAngle 0.500
solid FALSE
coord Coordinate {
point [
6.71417 0.767334 10.0327 ,5.05162 0.767334 12.079 ,6.71417 0.767334 12.079 ,5.05162 0.767334 10.0327
] }
coordIndex [
0 1 2 -1 3 1 0 -1
]
}
}
Shape {
appearance Appearance {
material Material {
ambientIntensity 0.300
shininess 1.000
diffuseColor 0.479 0.485 0.485
transparency 0.000
specularColor 0.320 0.324 0.324
emissiveColor 0.000 0.000 0.000
}
}
geometry IndexedFaceSet {
ccw TRUE
normalPerVertex TRUE
convex TRUE
creaseAngle 0.500
solid FALSE
coord Coordinate {
point [
5.05162 0.767334 12.079 ,6.71417 1.151 12.4626 ,6.71417 0.767334 12.079 ,5.05162 1.151 12.4626
] }
coordIndex [
0 1 2 -1 0 3 1 -1
]
}
}
Shape {
appearance Appearance {
material Material {
ambientIntensity 0.300
shininess 1.000
diffuseColor 0.479 0.485 0.485
transparency 0.000
specularColor 0.320 0.324 0.324
emissiveColor 0.000 0.000 0.000
}
}
geometry IndexedFaceSet {
ccw TRUE
normalPerVertex TRUE
convex TRUE
creaseAngle 0.500
solid FALSE
coord Coordinate {
point [
5.05162 1.151 11.2156 ,5.05162 1.151 9.64906 ,5.05162 0.767334 10.0327 ,5.05162 0.767334 12.079 ,5.05162 1.28619 11.6666 ,5.05162 1.151 12.4626 ,5.05162 1.54781 12.4626
] }
coordIndex [
0 1 2 -1 3 0 2 -1 4 0 3 -1 5 4 3 -1 6 4 5 -1
]
}
}
Shape {
appearance Appearance {
material Material {
ambientIntensity 0.300
shininess 1.000
diffuseColor 0.479 0.485 0.485
transparency 0.000
specularColor 0.320 0.324 0.324
emissiveColor 0.000 0.000 0.000
}
}
geometry IndexedFaceSet {
ccw TRUE
normalPerVertex TRUE
convex TRUE
creaseAngle 0.500
solid FALSE
coord Coordinate {
point [
5.48564 1.54781 12.4626 ,5.05162 1.54781 12.4626 ,5.05162 1.151 12.4626 ,5.74009 1.55821 12.4626 ,6.71417 1.151 12.4626 ,6.11494 1.60193 12.4626 ,6.71417 1.7268 12.4626
] }
coordIndex [
0 1 2 -1 3 0 2 -1 4 5 3 -1 4 3 2 -1 6 5 4 -1
]
}
}
Shape {
appearance Appearance {
material Material {
ambientIntensity 0.300
shininess 1.000
diffuseColor 0.479 0.485 0.485
transparency 0.000
specularColor 0.320 0.324 0.324
emissiveColor 0.000 0.000 0.000
}
}
geometry IndexedFaceSet {
ccw TRUE
normalPerVertex TRUE
convex TRUE
creaseAngle 0.500
solid FALSE
coord Coordinate {
point [
6.71417 1.67174 11.9052 ,6.71417 1.151 12.4626 ,6.71417 0.767334 12.079 ,6.71417 1.7268 12.4626 ,6.71417 0.767334 10.0327 ,6.71417 1.65877 9.64906 ,6.71417 1.151 9.64906
] }
coordIndex [
0 1 2 -1 0 3 1 -1 4 0 2 -1 5 4 6 -1 5 0 4 -1
]
}
}
Shape {
appearance Appearance {
material Material {
ambientIntensity 0.300
shininess 1.000
diffuseColor 0.479 0.485 0.485
transparency 0.000
specularColor 0.320 0.324 0.324
emissiveColor 0.000 0.000 0.000
}
}
geometry IndexedFaceSet {
ccw TRUE
normalPerVertex TRUE
convex TRUE
creaseAngle 0.500
solid FALSE
coord Coordinate {
point [
5.05162 0.767334 10.0327 ,5.51834 1.151 9.64906 ,5.05162 1.151 9.64906 ,6.71417 0.767334 10.0327 ,6.71417 1.151 9.64906
] }
coordIndex [
0 1 2 -1 3 4 1 -1 3 1 0 -1
]
}
}
Shape {
appearance Appearance {
material Material {
ambientIntensity 0.300
shininess 1.000
diffuseColor 0.479 0.485 0.485
transparency 0.000
specularColor 0.320 0.324 0.324
emissiveColor 0.000 0.000 0.000
}
}
geometry IndexedFaceSet {
ccw TRUE
normalPerVertex TRUE
convex TRUE
creaseAngle 0.500
solid FALSE
coord Coordinate {
point [
4.82735 1.151 11.2552 ,-5.05162 1.151 9.64906 ,-4.82735 1.151 11.2552 ,4.97541 1.151 11.2379 ,4.8996 1.151 11.251 ,5.05162 1.151 11.2156 ,5.05162 1.151 9.64906 ,-4.92565 1.151 -11.3291 ,-5.30356 1.151 -11.1627 ,-5.37835 1.151 -11.0822 ,-5.21952 1.151 -11.2284 ,-5.14308 1.151 -11.2719 ,-5.08135 1.151 -11.2978 ,-5.01611 1.151 -11.3169 ,-4.97124 1.151 -11.3251 ,-5.51768 1.151 -10.709 ,-5.48368 1.151 -10.8932 ,-5.5092 1.151 -10.7984 ,-5.44061 1.151 -10.9886 ,5.07936 1.151 -11.2985 ,5.00201 1.151 -11.3199 ,4.92568 1.151 -11.3291 ,5.17222 1.151 -11.2569 ,5.26759 1.151 -11.1934 ,5.35133 1.151 -11.1144 ,5.51768 1.151 -10.709 ,5.41992 1.151 -11.0236 ,5.46561 1.151 -10.9383 ,5.4916 1.151 -10.8696 ,5.50933 1.151 -10.7977 ,5.5154 1.151 -10.7536 ,-5.51834 1.151 9.64906 ,-5.05162 1.151 11.2156 ,-4.97541 1.151 11.2379 ,-4.8996 1.151 11.251 ,5.51834 1.151 9.64906
] }
coordIndex [
0 1 2 -1 3 0 4 -1 5 0 3 -1 5 6 0 -1 7 8 9 -1 7 10 8 -1 7 11 10 -1 7 12 11 -1 7 13 12 -1 7 14 13 -1 15 16 17 -1 15 18 16 -1 15 9 18 -1 15 7 9 -1 19 20 21 -1 22 19 21 -1 23 22 21 -1 24 23 21 -1 25 26 24 -1 25 27 26 -1 25 28 27 -1 25 29 28 -1 25 30 29 -1 25 21 7 -1 25 7 15 -1 25 24 21 -1 1 15 31 -1 2 1 32 -1 2 33 34 -1 2 32 33 -1 6 25 15 -1 6 15 1 -1 35 25 6 -1 0 6 1 -1
]
}
}
Shape {
appearance Appearance {
material Material {
ambientIntensity 0.300
shininess 1.000
diffuseColor 0.479 0.485 0.485
transparency 0.000
specularColor 0.320 0.324 0.324
emissiveColor 0.000 0.000 0.000
}
}
geometry IndexedFaceSet {
ccw TRUE
normalPerVertex TRUE
convex TRUE
creaseAngle 0.500
solid FALSE
coord Coordinate {
point [
-7.06206 2.08596 -13.2543 ,-6.94019 2.08274 -13.3067 ,-5.73782 1.50554 -12.0749 ,-5.61914 1.21917 -11.0666 ,-5.57749 1.22265 -11.1643 ,-5.44061 1.151 -10.9886 ,-5.83589 1.51086 -12.0524 ,-7.09501 2.10611 -13.3023 ,-5.66287 1.50017 -12.0812 ,-5.57486 1.4919 -12.0762 ,-5.58223 1.28076 -11.4246 ,-7.16568 2.08787 -13.194 ,-7.31623 2.11879 -13.192 ,-7.21027 2.11411 -13.2566 ,-4.9931 1.18715 -11.4081 ,-4.92565 1.151 -11.3291 ,-4.97124 1.151 -11.3251 ,-5.92123 1.51423 -12.0189 ,-5.70678 1.27949 -11.2693 ,-5.67116 1.28061 -11.3262 ,-7.28351 2.08912 -13.1037 ,-6.02014 1.51685 -11.9617 ,-7.40977 2.12028 -13.1103 ,-5.63342 1.21604 -11.0075 ,-5.48368 1.151 -10.8932 ,-5.5092 1.151 -10.7984 ,-5.19128 1.20471 -11.4112 ,-5.08135 1.151 -11.2978 ,-5.14308 1.151 -11.2719 ,-5.01611 1.151 -11.3169 ,-7.38974 2.08918 -12.9957 ,-6.11076 1.51797 -11.8868 ,-7.48813 2.11861 -13.0139 ,-5.7494 1.27595 -11.1682 ,-7.42127 2.08894 -12.957 ,-7.54902 2.11375 -12.9058 ,-6.13787 1.51801 -11.8588 ,-7.50106 2.0875 -12.8386 ,-6.20669 1.51724 -11.7708 ,-7.59068 2.10555 -12.789 ,-5.63933 1.20721 -10.8935 ,-5.51768 1.151 -10.709 ,-7.54569 2.08586 -12.7528 ,-6.24513 1.51592 -11.7052 ,-7.60781 2.09767 -12.7035 ,-5.76416 1.27282 -11.1072 ,-7.60061 2.08185 -12.6058 ,-6.29162 1.51219 -11.5904 ,-7.6146 2.08793 -12.6166 ,-7.62142 2.07871 -12.5191 ,-6.30828 1.50904 -11.5217 ,-7.63864 2.07067 -12.3533 ,-7.62364 2.05795 -12.1774 ,-6.31836 1.5005 -11.3897 ,-5.77091 1.26405 -10.9897 ,-5.60732 1.28098 -11.4013 ,-5.37369 1.22172 -11.3704 ,-5.21952 1.151 -11.2284 ,-5.4554 1.2237 -11.3132 ,-5.30356 1.151 -11.1627 ,-5.47999 1.22397 -11.291 ,-5.37835 1.151 -11.0822 ,-6.84458 2.07943 -13.3354 ,-6.76765 2.09369 -13.3992 ,-5.54258 1.22372 -11.2192
] }
coordIndex [
0 1 2 -1 3 4 5 -1 0 2 6 -1 0 7 1 -1 8 9 10 -1 11 12 13 -1 14 15 16 -1 11 13 0 -1 11 0 6 -1 11 6 17 -1 18 19 4 -1 20 17 21 -1 20 22 12 -1 23 24 25 -1 23 3 24 -1 20 11 17 -1 20 12 11 -1 26 27 28 -1 26 29 27 -1 30 21 31 -1 26 16 29 -1 2 8 10 -1 26 14 16 -1 30 32 22 -1 30 22 20 -1 33 4 3 -1 30 20 21 -1 33 18 4 -1 34 35 32 -1 34 30 31 -1 34 32 30 -1 34 31 36 -1 37 35 34 -1 37 36 38 -1 37 39 35 -1 6 2 10 -1 37 34 36 -1 40 25 41 -1 42 38 43 -1 40 23 25 -1 42 44 39 -1 42 37 38 -1 42 39 37 -1 45 3 23 -1 45 33 3 -1 46 43 47 -1 46 48 44 -1 46 42 43 -1 46 44 42 -1 49 47 50 -1 49 46 47 -1 49 48 46 -1 51 52 48 -1 51 53 52 -1 51 50 53 -1 51 49 50 -1 17 6 10 -1 51 48 49 -1 54 40 41 -1 54 23 40 -1 54 45 23 -1 21 17 10 -1 31 10 55 -1 31 21 10 -1 36 31 55 -1 36 55 19 -1 38 36 19 -1 38 19 18 -1 43 38 18 -1 43 18 33 -1 56 10 26 -1 56 28 57 -1 47 43 33 -1 56 26 28 -1 58 57 59 -1 58 56 57 -1 50 47 33 -1 58 10 56 -1 50 45 54 -1 50 33 45 -1 53 41 52 -1 60 59 61 -1 60 58 59 -1 53 50 54 -1 53 54 41 -1 62 7 63 -1 62 63 9 -1 62 9 8 -1 64 60 61 -1 55 60 64 -1 55 10 58 -1 55 58 60 -1 1 62 8 -1 1 7 62 -1 4 61 5 -1 1 8 2 -1 4 64 61 -1 0 13 7 -1 19 64 4 -1 19 55 64 -1 3 5 24 -1
]
}
}
Shape {
appearance Appearance {
material Material {
ambientIntensity 0.300
shininess 1.000
diffuseColor 0.479 0.485 0.485
transparency 0.000
specularColor 0.320 0.324 0.324
emissiveColor 0.000 0.000 0.000
}
}
geometry IndexedFaceSet {
ccw TRUE
normalPerVertex TRUE
convex TRUE
creaseAngle 0.500
solid FALSE
coord Coordinate {
point [
-5.52602 2.89029 -12.4757 ,-5.55342 2.10567 -13.7187 ,-5.49923 3.65763 -13.8148 ,-5.49923 3.65763 -12.611 ,-5.57486 1.4919 -12.0762 ,-5.52602 2.89029 -11.7084 ,-5.58223 1.28076 -11.4246
] }
coordIndex [
0 1 2 -1 0 2 3 -1 4 0 5 -1 4 1 0 -1 6 4 5 -1
]
}
}
Shape {
appearance Appearance {
material Material {
ambientIntensity 0.300
shininess 1.000
diffuseColor 0.479 0.485 0.485
transparency 0.000
specularColor 0.320 0.324 0.324
emissiveColor 0.000 0.000 0.000
}
}
geometry IndexedFaceSet {
ccw TRUE
normalPerVertex TRUE
convex TRUE
creaseAngle 0.500
solid FALSE
coord Coordinate {
point [
5.55342 2.10567 -13.7187 ,6.76765 2.09369 -13.3992 ,5.57486 1.49189 -12.0761
] }
coordIndex [
0 1 2 -1
]
}
}
Shape {
appearance Appearance {
material Material {
ambientIntensity 0.300
shininess 1.000
diffuseColor 0.479 0.485 0.485
transparency 0.000
specularColor 0.320 0.324 0.324
emissiveColor 0.000 0.000 0.000
}
}
geometry IndexedFaceSet {
ccw TRUE
normalPerVertex TRUE
convex TRUE
creaseAngle 0.500
solid FALSE
coord Coordinate {
point [
4.64539 1.18046 -11.4069 ,4.99311 1.18715 -11.4081 ,4.92568 1.151 -11.3291 ,1.56837 2.12479 -14.3129 ,4.67792 2.11217 -13.9078 ,-4.64539 1.18046 -11.4069 ,-1.56837 2.12479 -14.3129 ,-4.92565 1.151 -11.3291 ,-4.9931 1.18715 -11.4081 ,-4.67792 2.11217 -13.9078
] }
coordIndex [
0 1 2 -1 3 4 0 -1 5 6 3 -1 5 3 0 -1 7 0 2 -1 7 5 0 -1 8 5 7 -1 9 6 5 -1
]
}
}
Shape {
appearance Appearance {
material Material {
ambientIntensity 0.300
shininess 1.000
diffuseColor 0.479 0.485 0.485
transparency 0.000
specularColor 0.320 0.324 0.324
emissiveColor 0.000 0.000 0.000
}
}
geometry IndexedFaceSet {
ccw TRUE
normalPerVertex TRUE
convex TRUE
creaseAngle 0.500
solid FALSE
coord Coordinate {
point [
-6.76765 2.09369 -13.3992 ,-5.55342 2.10567 -13.7187 ,-5.57486 1.4919 -12.0762
] }
coordIndex [
0 1 2 -1
]
}
}
Shape {
appearance Appearance {
material Material {
ambientIntensity 0.300
shininess 1.000
diffuseColor 0.479 0.485 0.485
transparency 0.000
specularColor 0.320 0.324 0.324
emissiveColor 0.000 0.000 0.000
}
}
geometry IndexedFaceSet {
ccw TRUE
normalPerVertex TRUE
convex TRUE
creaseAngle 0.500
solid FALSE
coord Coordinate {
point [
5.52602 2.89029 -12.4757 ,5.49923 3.65763 -13.8148 ,5.49923 3.65763 -12.611 ,5.55342 2.10567 -13.7187 ,5.57486 1.49189 -12.0761 ,5.52602 2.89029 -11.7084 ,5.58223 1.28076 -11.4246
] }
coordIndex [
0 1 2 -1 0 3 1 -1 4 0 5 -1 4 3 0 -1 6 4 5 -1
]
}
}
Shape {
appearance Appearance {
material Material {
ambientIntensity 0.300
shininess 1.000
diffuseColor 0.479 0.485 0.485
transparency 0.000
specularColor 0.320 0.324 0.324
emissiveColor 0.000 0.000 0.000
}
}
geometry IndexedFaceSet {
ccw TRUE
normalPerVertex TRUE
convex TRUE
creaseAngle 0.500
solid FALSE
coord Coordinate {
point [
7.51439 2.0871 -12.8149 ,7.55206 2.08554 -12.7388 ,6.21816 1.51692 -11.7528 ,5.63094 1.28102 -11.3765 ,5.55303 1.22349 -11.2042 ,5.50313 1.22405 -11.2674 ,5.58223 1.28076 -11.4246 ,7.5684 2.11082 -12.859 ,5.68182 1.28037 -11.3107 ,7.45084 2.08857 -12.917 ,7.51516 2.11702 -12.9711 ,7.44367 2.11998 -13.0726 ,5.37715 1.22183 -11.3684 ,5.26759 1.151 -11.1934 ,5.17222 1.151 -11.2569 ,5.42688 1.22319 -11.3358 ,5.30586 1.21895 -11.4025 ,5.07936 1.151 -11.2985 ,6.16332 1.51788 -11.8295 ,6.07921 1.51772 -11.9157 ,7.35295 2.0893 -13.0367 ,7.35601 2.11978 -13.1606 ,6.31207 1.49448 -11.323 ,7.62364 2.05795 -12.1774 ,5.51768 1.151 -10.709 ,6.02398 1.51691 -11.9589 ,5.76296 1.25774 -10.9305 ,7.28807 2.08914 -13.0997 ,7.25475 2.11641 -13.2325 ,5.94406 1.51494 -12.0076 ,6.3183 1.5004 -11.3886 ,5.77085 1.26396 -10.9888 ,7.1931 2.08826 -13.1752 ,7.17694 2.1121 -13.2722 ,5.8271 1.51044 -12.055 ,5.20331 1.21272 -11.4297 ,5.00201 1.151 -11.3199 ,7.05129 2.08571 -13.2597 ,7.09501 2.10611 -13.3023 ,5.71508 1.50403 -12.0778 ,6.91146 2.08182 -13.3164 ,5.57486 1.49189 -12.0761 ,6.76765 2.09369 -13.3992 ,6.31337 1.50728 -11.4895 ,5.76843 1.27105 -11.0786 ,5.10768 1.20396 -11.4336 ,4.92568 1.151 -11.3291 ,6.29159 1.51218 -11.5903 ,5.7494 1.27595 -11.1682 ,4.99315 1.18716 -11.4081 ,4.99311 1.18715 -11.4081 ,6.25057 1.51563 -11.6943 ,5.71183 1.27924 -11.2598 ,5.63926 1.20712 -10.8926 ,5.5154 1.151 -10.7536 ,5.50933 1.151 -10.7977 ,5.63748 1.21426 -10.9798 ,5.4916 1.151 -10.8696 ,5.61913 1.21917 -11.0666 ,5.46561 1.151 -10.9383 ,5.58242 1.22241 -11.1551 ,5.41992 1.151 -11.0236 ,7.60061 2.08185 -12.6058 ,7.60185 2.10121 -12.7397 ,7.6146 2.08793 -12.6166 ,5.35133 1.151 -11.1144
] }
coordIndex [
0 1 2 -1 3 4 5 -1 3 5 6 -1 0 7 1 -1 3 8 4 -1 9 10 7 -1 9 11 10 -1 12 13 14 -1 12 15 13 -1 12 6 15 -1 16 14 17 -1 9 7 0 -1 16 12 14 -1 9 0 18 -1 9 18 19 -1 16 6 12 -1 20 21 11 -1 22 23 24 -1 20 19 25 -1 22 24 26 -1 20 9 19 -1 20 11 9 -1 27 28 21 -1 27 25 29 -1 27 20 25 -1 30 26 31 -1 30 23 22 -1 27 21 20 -1 30 22 26 -1 32 33 28 -1 32 27 29 -1 32 29 34 -1 35 17 36 -1 32 28 27 -1 35 16 17 -1 37 38 33 -1 35 6 16 -1 37 33 32 -1 37 34 39 -1 37 32 34 -1 40 41 42 -1 40 42 38 -1 43 31 44 -1 40 38 37 -1 40 37 39 -1 40 39 41 -1 43 30 31 -1 45 6 35 -1 45 36 46 -1 45 35 36 -1 47 44 48 -1 47 43 44 -1 49 6 45 -1 49 45 46 -1 49 46 50 -1 49 50 6 -1 51 47 48 -1 51 48 52 -1 2 51 52 -1 2 52 8 -1 53 54 55 -1 53 24 54 -1 18 2 8 -1 18 3 6 -1 18 8 3 -1 26 24 53 -1 56 55 57 -1 56 53 55 -1 31 26 53 -1 19 18 6 -1 31 53 56 -1 58 57 59 -1 25 19 6 -1 58 56 57 -1 29 25 6 -1 44 31 56 -1 34 29 6 -1 60 59 61 -1 39 6 41 -1 39 34 6 -1 60 58 59 -1 62 43 47 -1 48 56 58 -1 62 63 64 -1 48 44 56 -1 48 58 60 -1 62 47 51 -1 62 30 43 -1 4 61 65 -1 62 64 23 -1 4 60 61 -1 62 23 30 -1 5 65 13 -1 1 62 51 -1 1 7 63 -1 1 63 62 -1 5 4 65 -1 52 48 60 -1 1 51 2 -1 8 60 4 -1 8 52 60 -1 15 5 13 -1 0 2 18 -1 15 6 5 -1
]
}
}
Shape {
appearance Appearance {
material Material {
ambientIntensity 0.300
shininess 1.000
diffuseColor 0.479 0.485 0.485
transparency 0.000
specularColor 0.320 0.324 0.324
emissiveColor 0.000 0.000 0.000
}
}
geometry IndexedFaceSet {
ccw TRUE
normalPerVertex TRUE
convex TRUE
creaseAngle 0.500
solid FALSE
coord Coordinate {
point [
7.12544 4.09245 -13.4019 ,7.09501 2.10611 -13.3023 ,6.76765 2.09369 -13.3992 ,5.49923 3.65763 -13.8148 ,5.55342 2.10567 -13.7187 ,5.24404 3.65763 -13.8726 ,4.98826 3.65763 -13.9275 ,4.73189 3.65763 -13.9798 ,4.25799 3.32511 -14.0511 ,4.67792 2.11217 -13.9078 ,4.24764 2.19636 -13.9928 ,1.56837 2.12479 -14.3129 ,2.40643 4.09245 -14.3477 ,-1.42239 2.19636 -14.3257 ,1.42239 2.19636 -14.3257 ,-1.56837 2.12479 -14.3129 ,-2.40643 4.09245 -14.3477 ,1.42586 3.32511 -14.3847 ,-1.42586 3.32511 -14.3847 ,-4.67792 2.11217 -13.9078 ,-4.24764 2.19636 -13.9928 ,-4.25799 3.32511 -14.0511 ,-4.73189 3.65763 -13.9798 ,-5.49923 3.65763 -13.8148 ,-5.55342 2.10567 -13.7187 ,-6.76765 2.09369 -13.3992 ,-7.12544 4.09245 -13.4019 ,-7.09501 2.10611 -13.3023 ,-4.98826 3.65763 -13.9275 ,-5.24404 3.65763 -13.8726
] }
coordIndex [
0 1 2 -1 3 2 4 -1 3 0 2 -1 5 0 3 -1 6 0 5 -1 7 0 6 -1 8 9 10 -1 11 10 9 -1 12 0 7 -1 12 7 8 -1 13 14 11 -1 15 13 11 -1 16 17 18 -1 16 12 17 -1 19 20 15 -1 21 20 19 -1 22 16 21 -1 23 24 25 -1 26 25 27 -1 26 22 28 -1 26 28 29 -1 26 29 23 -1 26 16 22 -1 26 23 25 -1 7 9 8 -1 19 22 21 -1 14 10 11 -1 20 13 15 -1 8 17 12 -1 18 21 16 -1
]
}
}
Shape {
appearance Appearance {
material Material {
ambientIntensity 0.300
shininess 1.000
diffuseColor 0.479 0.485 0.485
transparency 0.000
specularColor 0.320 0.324 0.324
emissiveColor 0.000 0.000 0.000
}
}
geometry IndexedFaceSet {
ccw TRUE
normalPerVertex TRUE
convex TRUE
creaseAngle 0.500
solid FALSE
coord Coordinate {
point [
-7.12544 4.09245 -13.4019 ,-7.09501 2.10611 -13.3023 ,-7.21027 2.11411 -13.2566 ,-7.26417 4.09245 -13.3455 ,-7.31623 2.11879 -13.192 ,-7.39069 4.09245 -13.2654 ,-7.40977 2.12028 -13.1103 ,-7.50098 4.09245 -13.1641 ,-7.48813 2.11861 -13.0139 ,-7.59152 4.09245 -13.0448 ,-7.65945 4.09245 -12.9114 ,-7.54902 2.11375 -12.9058 ,-7.70261 4.09245 -12.768 ,-7.59068 2.10555 -12.789 ,-7.71962 4.09245 -12.6192 ,-7.60781 2.09767 -12.7035 ,-7.6146 2.08793 -12.6166
] }
coordIndex [
0 1 2 -1 3 2 4 -1 3 0 2 -1 5 4 6 -1 5 3 4 -1 7 6 8 -1 7 5 6 -1 9 7 8 -1 10 8 11 -1 10 9 8 -1 12 11 13 -1 12 10 11 -1 14 13 15 -1 14 15 16 -1 14 12 13 -1
]
}
}
Shape {
appearance Appearance {
material Material {
ambientIntensity 0.300
shininess 1.000
diffuseColor 0.479 0.485 0.485
transparency 0.000
specularColor 0.320 0.324 0.324
emissiveColor 0.000 0.000 0.000
}
}
geometry IndexedFaceSet {
ccw TRUE
normalPerVertex TRUE
convex TRUE
creaseAngle 0.500
solid FALSE
coord Coordinate {
point [
-7.73142 4.09245 11.9887 ,-7.69384 4.09245 13.4857 ,-8.29448 4.09245 13.4857 ,-8.33202 4.09245 11.9887 ,-7.76461 4.09245 10.4917 ,-8.36517 4.09245 10.4917 ,-7.79341 4.09245 8.99448 ,-8.39393 4.09245 8.99448
] }
coordIndex [
0 1 2 -1 0 2 3 -1 4 3 5 -1 4 0 3 -1 6 5 7 -1 6 4 5 -1
]
}
}
Shape {
appearance Appearance {
material Material {
ambientIntensity 0.300
shininess 1.000
diffuseColor 0.479 0.485 0.485
transparency 0.000
specularColor 0.320 0.324 0.324
emissiveColor 0.000 0.000 0.000
}
}
geometry IndexedFaceSet {
ccw TRUE
normalPerVertex TRUE
convex TRUE
creaseAngle 0.500
solid FALSE
coord Coordinate {
point [
-7.87109 4.09245 -1.77119 ,-7.86033 4.09245 3.65341 ,-8.46078 4.09245 3.65341 ,-8.4715 4.09245 -1.77611 ,8.31987 4.09245 -12.634 ,7.71962 4.09245 -12.6192 ,7.70261 4.09245 -12.768 ,8.45979 4.09245 -3.92768 ,-7.82418 4.09245 -7.1956 ,-8.42453 4.09245 -7.20545 ,7.85082 4.09245 4.78465 ,8.29448 4.09245 13.4857 ,7.69384 4.09245 13.4857 ,8.2907 4.09245 -12.8891 ,7.30099 4.09245 -13.9761 ,7.12544 4.09245 -13.4019 ,2.40643 4.09245 -14.3477 ,8.45133 4.09245 4.77973 ,2.46572 4.09245 -14.9452 ,8.21669 4.09245 -13.135 ,7.65945 4.09245 -12.9114 ,7.53888 4.09245 -13.8794 ,7.26417 4.09245 -13.3455 ,-7.71962 4.09245 -12.6192 ,-8.31987 4.09245 -12.634 ,8.10021 4.09245 -13.3638 ,7.59152 4.09245 -13.0448 ,-7.70261 4.09245 -12.768 ,-8.2907 4.09245 -12.8891 ,7.75583 4.09245 -13.742 ,7.39069 4.09245 -13.2654 ,7.94494 4.09245 -13.5683 ,7.50098 4.09245 -13.1641 ,-7.65945 4.09245 -12.9114 ,-8.21669 4.09245 -13.135 ,-7.59152 4.09245 -13.0448 ,-8.10021 4.09245 -13.3638 ,-7.94494 4.09245 -13.5683 ,-7.50098 4.09245 -13.1641 ,-7.75583 4.09245 -13.742 ,-7.39069 4.09245 -13.2654 ,-7.53888 4.09245 -13.8794 ,-7.26417 4.09245 -13.3455 ,-7.12544 4.09245 -13.4019 ,-7.30099 4.09245 -13.9761 ,7.85942 4.09245 -3.91784 ,-2.40643 4.09245 -14.3477 ,-2.46572 4.09245 -14.9452
] }
coordIndex [
0 1 2 -1 0 2 3 -1 4 5 6 -1 4 7 5 -1 8 3 9 -1 8 0 3 -1 10 11 12 -1 13 4 6 -1 14 15 16 -1 17 11 10 -1 14 16 18 -1 19 6 20 -1 19 13 6 -1 21 22 15 -1 23 9 24 -1 21 15 14 -1 23 8 9 -1 25 20 26 -1 25 19 20 -1 27 24 28 -1 29 30 22 -1 27 23 24 -1 29 22 21 -1 31 32 30 -1 33 28 34 -1 31 26 32 -1 31 25 26 -1 31 30 29 -1 33 27 28 -1 35 34 36 -1 35 33 34 -1 37 35 36 -1 38 35 37 -1 39 40 38 -1 39 38 37 -1 41 42 40 -1 41 43 42 -1 41 40 39 -1 44 43 41 -1 45 17 10 -1 46 43 44 -1 7 17 45 -1 47 46 44 -1 16 46 47 -1 18 16 47 -1 5 7 45 -1
]
}
}
Shape {
appearance Appearance {
material Material {
ambientIntensity 0.300
shininess 1.000
diffuseColor 0.479 0.485 0.485
transparency 0.000
specularColor 0.320 0.324 0.324
emissiveColor 0.000 0.000 0.000
}
}
geometry IndexedFaceSet {
ccw TRUE
normalPerVertex TRUE
convex TRUE
creaseAngle 0.500
solid FALSE
coord Coordinate {
point [
-8.31739 3.453 8.88173 ,-7.76188 3.453 8.88173 ,-7.79341 4.09245 8.99448 ,-8.39393 4.09245 8.99448
] }
coordIndex [
0 1 2 -1 0 2 3 -1
]
}
}
Shape {
appearance Appearance {
material Material {
ambientIntensity 0.300
shininess 1.000
diffuseColor 0.479 0.485 0.485
transparency 0.000
specularColor 0.320 0.324 0.324
emissiveColor 0.000 0.000 0.000
}
}
geometry IndexedFaceSet {
ccw TRUE
normalPerVertex TRUE
convex TRUE
creaseAngle 0.500
solid FALSE
coord Coordinate {
point [
-7.77319 3.453 8.2117 ,-7.76188 3.453 8.88173 ,-8.31739 3.453 8.88173 ,-8.34443 3.453 7.17661 ,-7.78363 3.453 7.54165 ,-7.89162 3.453 6.81533 ,-7.97774 3.453 6.74159 ,-8.04847 3.453 6.65298 ,-7.79319 3.453 6.8716 ,-8.10131 3.453 6.55266 ,-8.13437 3.453 6.44421 ,-8.14648 3.453 6.33148 ,-8.36577 3.453 5.47142 ,-7.98807 3.453 5.91727 ,-8.05657 3.453 6.00763 ,-8.10687 3.453 6.10923 ,-8.13721 3.453 6.21848 ,-7.90383 3.453 5.84139 ,-7.80684 3.453 5.78268 ,-7.81411 3.453 5.11052 ,-7.82049 3.453 4.43834 ,-8.38142 3.453 3.76617 ,-7.82598 3.453 3.76617
] }
coordIndex [
0 1 2 -1 3 0 2 -1 4 0 3 -1 5 3 6 -1 7 6 3 -1 8 4 3 -1 8 3 5 -1 9 7 3 -1 10 9 3 -1 11 10 3 -1 12 13 14 -1 12 14 15 -1 12 15 16 -1 12 16 11 -1 12 11 3 -1 17 13 12 -1 18 17 12 -1 19 18 12 -1 20 19 12 -1 21 20 12 -1 22 20 21 -1
]
}
}
Shape {
appearance Appearance {
material Material {
ambientIntensity 0.300
shininess 1.000
diffuseColor 0.479 0.485 0.485
transparency 0.000
specularColor 0.320 0.324 0.324
emissiveColor 0.000 0.000 0.000
}
}
geometry IndexedFaceSet {
ccw TRUE
normalPerVertex TRUE
convex TRUE
creaseAngle 0.500
solid FALSE
coord Coordinate {
point [
-8.38142 3.453 3.76617 ,-8.46078 4.09245 3.65341 ,-7.86033 4.09245 3.65341 ,-7.82598 3.453 3.76617
] }
coordIndex [
0 1 2 -1 3 0 2 -1
]
}
}
Shape {
appearance Appearance {
material Material {
ambientIntensity 0.300
shininess 1.000
diffuseColor 0.479 0.485 0.485
transparency 0.000
specularColor 0.320 0.324 0.324
emissiveColor 0.000 0.000 0.000
}
}
geometry IndexedFaceSet {
ccw TRUE
normalPerVertex TRUE
convex TRUE
creaseAngle 0.500
solid FALSE
coord Coordinate {
point [
7.71962 4.09245 -12.6192 ,7.6146 2.08793 -12.6166 ,7.60185 2.10121 -12.7397 ,7.70261 4.09245 -12.768 ,7.5684 2.11082 -12.859 ,7.65945 4.09245 -12.9114 ,7.51516 2.11702 -12.9711 ,7.59152 4.09245 -13.0448 ,7.44367 2.11998 -13.0726 ,7.50098 4.09245 -13.1641 ,7.35601 2.11978 -13.1606 ,7.39069 4.09245 -13.2654 ,7.25475 2.11641 -13.2325 ,7.26417 4.09245 -13.3455 ,7.17694 2.1121 -13.2722 ,7.12544 4.09245 -13.4019 ,7.09501 2.10611 -13.3023
] }
coordIndex [
0 1 2 -1 3 2 4 -1 3 0 2 -1 5 4 6 -1 5 3 4 -1 7 6 8 -1 7 5 6 -1 9 8 10 -1 9 7 8 -1 11 10 12 -1 11 9 10 -1 13 12 14 -1 13 11 12 -1 15 14 16 -1 15 13 14 -1
]
}
}
Shape {
appearance Appearance {
material Material {
ambientIntensity 0.300
shininess 1.000
diffuseColor 0.479 0.485 0.485
transparency 0.000
specularColor 0.320 0.324 0.324
emissiveColor 0.000 0.000 0.000
}
}
geometry IndexedFaceSet {
ccw TRUE
normalPerVertex TRUE
convex TRUE
creaseAngle 0.500
solid FALSE
coord Coordinate {
point [
4.73189 3.65763 -12.611 ,5.24404 3.65763 -13.8726 ,4.98826 3.65763 -13.9275 ,4.73189 3.65763 -13.9798 ,5.49923 3.65763 -12.611 ,5.49923 3.65763 -13.8148
] }
coordIndex [
0 1 2 -1 0 2 3 -1 4 5 1 -1 4 1 0 -1
]
}
}
Shape {
appearance Appearance {
material Material {
ambientIntensity 0.300
shininess 1.000
diffuseColor 0.479 0.485 0.485
transparency 0.000
specularColor 0.320 0.324 0.324
emissiveColor 0.000 0.000 0.000
}
}
geometry IndexedFaceSet {
ccw TRUE
normalPerVertex TRUE
convex TRUE
creaseAngle 0.500
solid FALSE
coord Coordinate {
point [
5.52602 2.89029 -12.4757 ,5.49923 3.65763 -12.611 ,4.73189 3.65763 -12.611 ,4.7051 2.89029 -12.4757
] }
coordIndex [
0 1 2 -1 0 2 3 -1
]
}
}
Shape {
appearance Appearance {
material Material {
ambientIntensity 0.300
shininess 1.000
diffuseColor 0.479 0.485 0.485
transparency 0.000
specularColor 0.320 0.324 0.324
emissiveColor 0.000 0.000 0.000
}
}
geometry IndexedFaceSet {
ccw TRUE
normalPerVertex TRUE
convex TRUE
creaseAngle 0.500
solid FALSE
coord Coordinate {
point [
5.52602 2.89029 -12.4757 ,4.7051 2.89029 -12.4757 ,4.7051 2.89029 -11.7084 ,5.52602 2.89029 -11.7084
] }
coordIndex [
0 1 2 -1 3 0 2 -1
]
}
}
Shape {
appearance Appearance {
material Material {
ambientIntensity 0.300
shininess 1.000
diffuseColor 0.479 0.485 0.485
transparency 0.000
specularColor 0.320 0.324 0.324
emissiveColor 0.000 0.000 0.000
}
}
geometry IndexedFaceSet {
ccw TRUE
normalPerVertex TRUE
convex TRUE
creaseAngle 0.500
solid FALSE
coord Coordinate {
point [
4.99311 1.18715 -11.4081 ,5.52602 2.89029 -11.7084 ,4.7051 2.89029 -11.7084 ,4.64539 1.18046 -11.4069 ,5.58223 1.28076 -11.4246
] }
coordIndex [
0 1 2 -1 0 2 3 -1 4 1 0 -1
]
}
}
Shape {
appearance Appearance {
material Material {
ambientIntensity 0.300
shininess 1.000
diffuseColor 0.479 0.485 0.485
transparency 0.000
specularColor 0.320 0.324 0.324
emissiveColor 0.000 0.000 0.000
}
}
geometry IndexedFaceSet {
ccw TRUE
normalPerVertex TRUE
convex TRUE
creaseAngle 0.500
solid FALSE
coord Coordinate {
point [
4.7051 2.89029 -12.4757 ,4.67792 2.11217 -13.9078 ,4.73189 3.65763 -13.9798 ,4.73189 3.65763 -12.611 ,4.64539 1.18046 -11.4069 ,4.7051 2.89029 -11.7084
] }
coordIndex [
0 1 2 -1 0 2 3 -1 4 0 5 -1 4 1 0 -1
]
}
}
Shape {
appearance Appearance {
material Material {
ambientIntensity 0.300
shininess 1.000
diffuseColor 0.479 0.485 0.485
transparency 0.000
specularColor 0.320 0.324 0.324
emissiveColor 0.000 0.000 0.000
}
}
geometry IndexedFaceSet {
ccw TRUE
normalPerVertex TRUE
convex TRUE
creaseAngle 0.500
solid FALSE
coord Coordinate {
point [
-4.7051 2.89029 -12.4757 ,-4.73189 3.65763 -13.9798 ,-4.73189 3.65763 -12.611 ,-4.67792 2.11217 -13.9078 ,-4.64539 1.18046 -11.4069 ,-4.7051 2.89029 -11.7084
] }
coordIndex [
0 1 2 -1 0 3 1 -1 4 0 5 -1 4 3 0 -1
]
}
}
Shape {
appearance Appearance {
material Material {
ambientIntensity 0.300
shininess 1.000
diffuseColor 0.479 0.485 0.485
transparency 0.000
specularColor 0.320 0.324 0.324
emissiveColor 0.000 0.000 0.000
}
}
geometry IndexedFaceSet {
ccw TRUE
normalPerVertex TRUE
convex TRUE
creaseAngle 0.500
solid FALSE
coord Coordinate {
point [
-4.9931 1.18715 -11.4081 ,-4.7051 2.89029 -11.7084 ,-4.64539 1.18046 -11.4069 ,-5.19128 1.20471 -11.4112 ,-5.52602 2.89029 -11.7084 ,-5.58223 1.28076 -11.4246
] }
coordIndex [
0 1 2 -1 3 4 1 -1 3 1 0 -1 5 4 3 -1
]
}
}
Shape {
appearance Appearance {
material Material {
ambientIntensity 0.300
shininess 1.000
diffuseColor 0.479 0.485 0.485
transparency 0.000
specularColor 0.320 0.324 0.324
emissiveColor 0.000 0.000 0.000
}
}
geometry IndexedFaceSet {
ccw TRUE
normalPerVertex TRUE
convex TRUE
creaseAngle 0.500
solid FALSE
coord Coordinate {
point [
-5.52602 2.89029 -12.4757 ,-4.7051 2.89029 -12.4757 ,-4.7051 2.89029 -11.7084 ,-5.52602 2.89029 -11.7084
] }
coordIndex [
0 1 2 -1 3 0 2 -1
]
}
}
Shape {
appearance Appearance {
material Material {
ambientIntensity 0.300
shininess 1.000
diffuseColor 0.479 0.485 0.485
transparency 0.000
specularColor 0.320 0.324 0.324
emissiveColor 0.000 0.000 0.000
}
}
geometry IndexedFaceSet {
ccw TRUE
normalPerVertex TRUE
convex TRUE
creaseAngle 0.500
solid FALSE
coord Coordinate {
point [
-5.52602 2.89029 -12.4757 ,-5.49923 3.65763 -12.611 ,-4.73189 3.65763 -12.611 ,-4.7051 2.89029 -12.4757
] }
coordIndex [
0 1 2 -1 0 2 3 -1
]
}
}
Shape {
appearance Appearance {
material Material {
ambientIntensity 0.300
shininess 1.000
diffuseColor 0.479 0.485 0.485
transparency 0.000
specularColor 0.320 0.324 0.324
emissiveColor 0.000 0.000 0.000
}
}
geometry IndexedFaceSet {
ccw TRUE
normalPerVertex TRUE
convex TRUE
creaseAngle 0.500
solid FALSE
coord Coordinate {
point [
-4.73189 3.65763 -12.611 ,-4.98826 3.65763 -13.9275 ,-4.73189 3.65763 -13.9798 ,-5.24404 3.65763 -13.8726 ,-5.49923 3.65763 -12.611 ,-5.49923 3.65763 -13.8148
] }
coordIndex [
0 1 2 -1 0 3 1 -1 4 5 3 -1 4 3 0 -1
]
}
}
Shape {
appearance Appearance {
material Material {
ambientIntensity 0.300
shininess 1.000
diffuseColor 0.479 0.485 0.485
transparency 0.000
specularColor 0.320 0.324 0.324
emissiveColor 0.000 0.000 0.000
}
}
geometry IndexedFaceSet {
ccw TRUE
normalPerVertex TRUE
convex TRUE
creaseAngle 0.500
solid FALSE
coord Coordinate {
point [
1.42239 2.19636 -14.3257 ,4.23384 2.68567 -14.5417 ,4.24764 2.19636 -13.9928 ,1.41745 2.68567 -14.8651 ,-1.42239 2.19636 -14.3257 ,-1.41745 2.68567 -14.8651 ,-4.23384 2.68567 -14.5417 ,-4.24764 2.19636 -13.9928
] }
coordIndex [
0 1 2 -1 3 1 0 -1 4 3 0 -1 5 3 4 -1 6 4 7 -1 6 5 4 -1
]
}
}
Shape {
appearance Appearance {
material Material {
ambientIntensity 0.300
shininess 1.000
diffuseColor 0.479 0.485 0.485
transparency 0.000
specularColor 0.320 0.324 0.324
emissiveColor 0.000 0.000 0.000
}
}
geometry IndexedFaceSet {
ccw TRUE
normalPerVertex TRUE
convex TRUE
creaseAngle 0.500
solid FALSE
coord Coordinate {
point [
-4.23384 2.68567 -14.5417 ,-4.25799 3.32511 -14.0511 ,-4.2409 3.32511 -14.5405 ,-4.24764 2.19636 -13.9928
] }
coordIndex [
0 1 2 -1 3 1 0 -1
]
}
}
Shape {
appearance Appearance {
material Material {
ambientIntensity 0.300
shininess 1.000
diffuseColor 0.479 0.485 0.485
transparency 0.000
specularColor 0.320 0.324 0.324
emissiveColor 0.000 0.000 0.000
}
}
geometry IndexedFaceSet {
ccw TRUE
normalPerVertex TRUE
convex TRUE
creaseAngle 0.500
solid FALSE
coord Coordinate {
point [
-1.42586 3.32511 -14.3847 ,-4.2409 3.32511 -14.5405 ,-4.25799 3.32511 -14.0511 ,-1.41983 3.32511 -14.865 ,1.41983 3.32511 -14.865 ,1.42586 3.32511 -14.3847 ,4.2409 3.32511 -14.5405 ,4.25799 3.32511 -14.0511
] }
coordIndex [
0 1 2 -1 0 3 1 -1 4 3 0 -1 5 4 0 -1 6 4 5 -1 7 6 5 -1
]
}
}
Shape {
appearance Appearance {
material Material {
ambientIntensity 0.300
shininess 1.000
diffuseColor 0.479 0.485 0.485
transparency 0.000
specularColor 0.320 0.324 0.324
emissiveColor 0.000 0.000 0.000
}
}
geometry IndexedFaceSet {
ccw TRUE
normalPerVertex TRUE
convex TRUE
creaseAngle 0.500
solid FALSE
coord Coordinate {
point [
4.25799 3.32511 -14.0511 ,4.23384 2.68567 -14.5417 ,4.24764 2.19636 -13.9928 ,4.2409 3.32511 -14.5405
] }
coordIndex [
0 1 2 -1 3 1 0 -1
]
}
}
Shape {
appearance Appearance {
material Material {
ambientIntensity 0.300
shininess 1.000
diffuseColor 0.479 0.485 0.485
transparency 0.000
specularColor 0.320 0.324 0.324
emissiveColor 0.000 0.000 0.000
}
}
geometry IndexedFaceSet {
ccw TRUE
normalPerVertex TRUE
convex TRUE
creaseAngle 0.500
solid FALSE
coord Coordinate {
point [
1.41983 3.32511 -14.865 ,4.2409 3.32511 -14.5405 ,4.23384 2.68567 -14.5417 ,1.41745 2.68567 -14.8651 ,-1.41983 3.32511 -14.865 ,-1.41745 2.68567 -14.8651 ,-4.23384 2.68567 -14.5417 ,-4.2409 3.32511 -14.5405
] }
coordIndex [
0 1 2 -1 0 2 3 -1 4 3 5 -1 4 5 6 -1 4 0 3 -1 7 4 6 -1
]
}
}
Shape {
appearance Appearance {
material Material {
ambientIntensity 0.300
shininess 1.000
diffuseColor 0.479 0.485 0.485
transparency 0.000
specularColor 0.320 0.324 0.324
emissiveColor 0.000 0.000 0.000
}
}
geometry IndexedFaceSet {
ccw TRUE
normalPerVertex TRUE
convex TRUE
creaseAngle 0.500
solid FALSE
coord Coordinate {
point [
6.11494 1.60193 12.4626 ,5.48564 1.54781 12.4626 ,5.74009 1.55821 12.4626 ,6.44526 2.12626 14.2227 ,6.85352 2.14514 14.2237 ,6.71417 1.7268 12.4626 ,6.97758 2.1542 14.2137 ,7.09829 2.16019 14.1828 ,7.21209 2.16325 14.1318 ,7.31565 2.16348 14.0623 ,7.40593 2.16088 13.9763 ,7.4803 2.15537 13.8763 ,7.58976 2.11706 13.5053 ,7.5366 2.14682 13.7653 ,7.57323 2.13498 13.6464 ,7.58494 2.12663 13.5763 ,7.60391 2.05833 12.8419 ,6.71417 1.67174 11.9052
] }
coordIndex [
0 1 2 -1 3 1 0 -1 4 0 5 -1 4 3 0 -1 6 4 5 -1 7 6 5 -1 8 7 5 -1 9 8 5 -1 10 9 5 -1 11 10 5 -1 12 13 11 -1 12 14 13 -1 12 15 14 -1 12 11 5 -1 16 5 17 -1 16 12 5 -1
]
}
}
Shape {
appearance Appearance {
material Material {
ambientIntensity 0.300
shininess 1.000
diffuseColor 0.479 0.485 0.485
transparency 0.000
specularColor 0.320 0.324 0.324
emissiveColor 0.000 0.000 0.000
}
}
geometry IndexedFaceSet {
ccw TRUE
normalPerVertex TRUE
convex TRUE
creaseAngle 0.500
solid FALSE
coord Coordinate {
point [
5.05162 1.28619 11.6666 ,4.97541 1.151 11.2379 ,5.05162 1.151 11.2156 ,4.8996 1.151 11.251 ,4.82735 1.151 11.2552
] }
coordIndex [
0 1 2 -1 0 3 1 -1 0 4 3 -1
]
}
}
Shape {
appearance Appearance {
material Material {
ambientIntensity 0.300
shininess 1.000
diffuseColor 0.479 0.485 0.485
transparency 0.000
specularColor 0.320 0.324 0.324
emissiveColor 0.000 0.000 0.000
}
}
geometry IndexedFaceSet {
ccw TRUE
normalPerVertex TRUE
convex TRUE
creaseAngle 0.500
solid FALSE
coord Coordinate {
point [
-5.05162 1.54781 12.4626 ,-5.48564 1.54781 12.4626 ,-6.44526 2.12626 14.2227 ,-4.82735 1.151 11.2552 ,-5.05162 1.28619 11.6666 ,6.44526 2.12626 14.2227 ,5.05162 1.54781 12.4626 ,5.48564 1.54781 12.4626 ,4.82735 1.151 11.2552 ,5.05162 1.28619 11.6666
] }
coordIndex [
0 1 2 -1 3 4 0 -1 5 0 2 -1 6 0 5 -1 7 6 5 -1 8 6 9 -1 8 3 0 -1 8 0 6 -1
]
}
}
Shape {
appearance Appearance {
material Material {
ambientIntensity 0.300
shininess 1.000
diffuseColor 0.479 0.485 0.485
transparency 0.000
specularColor 0.320 0.324 0.324
emissiveColor 0.000 0.000 0.000
}
}
geometry IndexedFaceSet {
ccw TRUE
normalPerVertex TRUE
convex TRUE
creaseAngle 0.500
solid FALSE
coord Coordinate {
point [
5.51834 1.151 9.64906 ,6.71417 1.65877 9.64906 ,6.71417 1.151 9.64906
] }
coordIndex [
0 1 2 -1
]
}
}
Shape {
appearance Appearance {
material Material {
ambientIntensity 0.300
shininess 1.000
diffuseColor 0.479 0.485 0.485
transparency 0.000
specularColor 0.320 0.324 0.324
emissiveColor 0.000 0.000 0.000
}
}
geometry IndexedFaceSet {
ccw TRUE
normalPerVertex TRUE
convex TRUE
creaseAngle 0.500
solid FALSE
coord Coordinate {
point [
6.75254 4.1436 15.481 ,6.75254 4.1436 15.182 ,6.75254 4.09245 15.182 ,6.75254 2.302 14.2319 ,6.75254 4.09245 14.3258 ,6.75254 2.302 15.3845
] }
coordIndex [
0 1 2 -1 3 2 4 -1 5 0 2 -1 5 2 3 -1
]
}
}
Shape {
appearance Appearance {
material Material {
ambientIntensity 0.300
shininess 1.000
diffuseColor 0.479 0.485 0.485
transparency 0.000
specularColor 0.320 0.324 0.324
emissiveColor 0.000 0.000 0.000
}
}
geometry IndexedFaceSet {
ccw TRUE
normalPerVertex TRUE
convex TRUE
creaseAngle 0.500
solid FALSE
coord Coordinate {
point [
7.48138 4.1436 15.1236 ,7.67334 4.1436 15.3048 ,7.67334 4.1436 15.0518 ,7.4093 4.1436 15.402 ,7.28114 4.1436 15.1673 ,7.1342 4.1436 15.4612 ,7.07671 4.1436 15.182 ,6.85352 4.1436 15.481 ,6.75254 4.1436 15.182 ,6.75254 4.1436 15.481
] }
coordIndex [
0 1 2 -1 3 0 4 -1 3 1 0 -1 5 4 6 -1 5 3 4 -1 7 6 8 -1 7 5 6 -1 9 7 8 -1
]
}
}
Shape {
appearance Appearance {
material Material {
ambientIntensity 0.300
shininess 1.000
diffuseColor 0.479 0.485 0.485
transparency 0.000
specularColor 0.320 0.324 0.324
emissiveColor 0.000 0.000 0.000
}
}
geometry IndexedFaceSet {
ccw TRUE
normalPerVertex TRUE
convex TRUE
creaseAngle 0.500
solid FALSE
coord Coordinate {
point [
7.07671 4.1436 15.182 ,6.75254 4.09245 15.182 ,7.07671 4.09245 15.182 ,6.75254 4.1436 15.182
] }
coordIndex [
0 1 2 -1 0 3 1 -1
]
}
}
Shape {
appearance Appearance {
material Material {
ambientIntensity 0.300
shininess 1.000
diffuseColor 0.479 0.485 0.485
transparency 0.000
specularColor 0.320 0.324 0.324
emissiveColor 0.000 0.000 0.000
}
}
geometry IndexedFaceSet {
ccw TRUE
normalPerVertex TRUE
convex TRUE
creaseAngle 0.500
solid FALSE
coord Coordinate {
point [
7.28114 4.1436 15.1673 ,7.07671 4.1436 15.182 ,7.07671 4.09245 15.182 ,7.28114 4.09245 15.1673 ,7.48138 4.1436 15.1236 ,7.48138 4.09245 15.1236 ,7.67334 4.1436 15.0518 ,7.67334 4.09245 15.0518
] }
coordIndex [
0 1 2 -1 0 2 3 -1 4 3 5 -1 4 0 3 -1 6 5 7 -1 6 4 5 -1
]
}
}
Shape {
appearance Appearance {
material Material {
ambientIntensity 0.300
shininess 1.000
diffuseColor 0.479 0.485 0.485
transparency 0.000
specularColor 0.320 0.324 0.324
emissiveColor 0.000 0.000 0.000
}
}
geometry IndexedFaceSet {
ccw TRUE
normalPerVertex TRUE
convex TRUE
creaseAngle 0.500
solid FALSE
coord Coordinate {
point [
7.67334 2.302 15.1984 ,7.67334 2.302 10.3662 ,7.67334 3.71243 13.5075 ,7.67334 3.71863 13.5175 ,7.67334 3.72757 13.5279 ,7.67334 3.73943 13.5386 ,7.67334 3.75999 13.5533 ,7.67334 4.09245 15.0518 ,7.67334 3.80194 13.5762 ,7.67334 3.91408 13.6196 ,7.67334 4.09245 13.6689 ,7.67334 4.1436 15.3048 ,7.67334 4.1436 15.0518
] }
coordIndex [
0 1 2 -1 0 2 3 -1 0 3 4 -1 0 4 5 -1 0 5 6 -1 7 6 8 -1 7 8 9 -1 7 9 10 -1 7 0 6 -1 11 7 12 -1 11 0 7 -1
]
}
}
Shape {
appearance Appearance {
material Material {
ambientIntensity 0.300
shininess 1.000
diffuseColor 0.479 0.485 0.485
transparency 0.000
specularColor 0.320 0.324 0.324
emissiveColor 0.000 0.000 0.000
}
}
geometry IndexedFaceSet {
ccw TRUE
normalPerVertex TRUE
convex TRUE
creaseAngle 0.500
solid FALSE
coord Coordinate {
point [
7.13505 2.302 15.3635 ,6.85352 2.302 15.3845 ,6.85352 1.27889 15.3309 ,7.20747 1.27889 15.2966 ,7.41035 2.302 15.301 ,7.54827 1.27889 15.1951 ,7.67334 2.302 15.1984 ,7.86327 1.27889 15.0301 ,8.14077 1.27889 14.8077 ,8.37045 1.27889 14.5362 ,8.54379 1.27889 14.2257 ,8.65435 1.27889 13.8877 ,6.85352 5.16672 15.5346 ,6.85352 4.1436 15.481 ,7.1342 4.1436 15.4612 ,7.24656 5.16672 15.4966 ,7.4093 4.1436 15.402 ,7.62499 5.16672 15.3838 ,7.67334 4.1436 15.3048 ,7.97478 5.16672 15.2006 ,8.28291 5.16672 14.9537 ,8.53796 5.16672 14.6522 ,8.73044 5.16672 14.3074 ,8.85321 5.16672 13.9321 ,8.9017 5.16672 13.5402 ,8.69802 1.27889 13.5348
] }
coordIndex [
0 1 2 -1 0 2 3 -1 4 3 5 -1 4 0 3 -1 6 5 7 -1 6 7 8 -1 6 8 9 -1 6 4 5 -1 10 6 9 -1 11 6 10 -1 12 13 14 -1 15 14 16 -1 15 12 14 -1 17 16 18 -1 17 15 16 -1 19 17 18 -1 20 19 18 -1 21 20 18 -1 22 21 18 -1 23 18 6 -1 23 6 11 -1 23 22 18 -1 24 11 25 -1 24 23 11 -1
]
}
}
Shape {
appearance Appearance {
material Material {
ambientIntensity 0.300
shininess 1.000
diffuseColor 0.479 0.485 0.485
transparency 0.000
specularColor 0.320 0.324 0.324
emissiveColor 0.000 0.000 0.000
}
}
geometry IndexedFaceSet {
ccw TRUE
normalPerVertex TRUE
convex TRUE
creaseAngle 0.500
solid FALSE
coord Coordinate {
point [
8.9017 5.16672 13.5402 ,8.69802 1.27889 13.5348 ,8.88706 4.85978 13.4857 ,8.90218 5.16672 13.5221 ,8.90267 5.16672 13.5039 ,8.90315 5.16672 13.4857 ,8.85576 1.27889 4.80915 ,9.04377 4.85978 4.77487 ,8.86457 1.27889 -3.91795 ,9.0521 4.85978 -3.9374 ,8.72444 1.27889 -12.6439 ,8.91205 4.85978 -12.6485
] }
coordIndex [
0 1 2 -1 3 0 2 -1 4 3 2 -1 5 4 2 -1 6 2 1 -1 7 2 6 -1 8 7 6 -1 9 7 8 -1 10 9 8 -1 11 9 10 -1
]
}
}
Shape {
appearance Appearance {
material Material {
ambientIntensity 0.300
shininess 1.000
diffuseColor 0.479 0.485 0.485
transparency 0.000
specularColor 0.320 0.324 0.324
emissiveColor 0.000 0.000 0.000
}
}
geometry IndexedFaceSet {
ccw TRUE
normalPerVertex TRUE
convex TRUE
creaseAngle 0.500
solid FALSE
coord Coordinate {
point [
8.91205 4.85978 -12.6485 ,8.72444 1.27889 -12.6439 ,8.68708 1.27889 -12.9707 ,8.87089 4.85978 -13.0086 ,8.76645 4.85978 -13.3556 ,8.59229 1.27889 -13.2857 ,8.60207 4.85978 -13.6785 ,8.44307 1.27889 -13.5788 ,8.38295 4.85978 -13.9671 ,8.24418 1.27889 -13.8408 ,8.11607 4.85978 -14.2123 ,8.00194 1.27889 -14.0633 ,7.8099 4.85978 -14.4061 ,7.72404 1.27889 -14.2393 ,7.47418 4.85978 -14.5426 ,7.41931 1.27889 -14.3631
] }
coordIndex [
0 1 2 -1 3 0 2 -1 4 2 5 -1 4 3 2 -1 6 5 7 -1 6 4 5 -1 8 7 9 -1 8 6 7 -1 10 9 11 -1 10 8 9 -1 12 11 13 -1 12 10 11 -1 14 13 15 -1 14 12 13 -1
]
}
}
Shape {
appearance Appearance {
material Material {
ambientIntensity 0.300
shininess 1.000
diffuseColor 0.479 0.485 0.485
transparency 0.000
specularColor 0.320 0.324 0.324
emissiveColor 0.000 0.000 0.000
}
}
geometry IndexedFaceSet {
ccw TRUE
normalPerVertex TRUE
convex TRUE
creaseAngle 0.500
solid FALSE
coord Coordinate {
point [
2.52421 4.85978 -15.5346 ,7.47418 4.85978 -14.5426 ,7.41931 1.27889 -14.3631 ,2.50568 1.27889 -15.3479 ,-2.50568 1.27889 -15.3479 ,-2.52421 4.85978 -15.5346 ,-7.41931 1.27889 -14.3631 ,-7.47418 4.85978 -14.5426
] }
coordIndex [
0 1 2 -1 0 2 3 -1 4 0 3 -1 5 0 4 -1 6 5 4 -1 7 5 6 -1
]
}
}
]
}
